	Source	Target	SourceType	Weight	ABS_Weight	Sign_Weight	ABSRootWeight	SignedRootWeight
32	Akkermansia_muciniphilaYL44	PAN	Microbe	-1.0000000000000513	1.0000000000000513	-1.0	1.0000000000000255	-1.0000000000000255
40	PAN	Akkermansia_muciniphilaYL44	Metabolite	126.68907407763268	126.68907407763268	1.0	11.255624108757038	11.255624108757038
62	Enterocloster_clostridioformis_YL32	PAN	Microbe	-1.000000000000436	1.000000000000436	-1.0	1.000000000000218	-1.000000000000218
85	PAN	Enterocloster_clostridioformis_YL32	Metabolite	126.68907411987007	126.68907411987007	1.0	11.255624110633319	11.255624110633319
