	Source	Target	SourceType	Weight	ABS_Weight	Sign_Weight	ABSRootWeight	SignedRootWeight
12	N-Acetyl-D-glucosamine-e0	Clostridium_innocuum_I46	Metabolite	18.11734065438345	18.11734065438345	1.0	4.256446951905245	4.256446951905245
34	Clostridium_innocuum_I46	N-Acetyl-D-glucosamine-e0	Microbe	-0.9999999999999235	0.9999999999999235	-1.0	0.9999999999999617	-0.9999999999999617
