	Source	Target	SourceType	Weight	ABS_Weight	Sign_Weight	ABSRootWeight	SignedRootWeight
33	Muribaculum_intestinale_YL27	PAN	Microbe	-1.000000000000088	1.000000000000088	-1.0	1.000000000000044	-1.000000000000044
46	PAN	Muribaculum_intestinale_YL27	Metabolite	126.6890741173071	126.6890741173071	1.0	11.255624110519465	11.255624110519465
