	Source	Target	SourceType	Weight	ABS_Weight	Sign_Weight	ABSRootWeight	SignedRootWeight
43	Flavonifractor_plautii_YL31	Riboflavin	Microbe	-1.0000000000002696	1.0000000000002696	-1.0	1.0000000000001348	-1.0000000000001348
48	Akkermansia_muciniphilaYL44	Riboflavin	Microbe	-0.9999999999999936	0.9999999999999936	-1.0	0.9999999999999968	-0.9999999999999968
86	Riboflavin	Flavonifractor_plautii_YL31	Metabolite	126.68907411872505	126.68907411872505	1.0	11.255624110582453	11.255624110582453
98	Riboflavin	Akkermansia_muciniphilaYL44	Metabolite	126.68907411844485	126.68907411844485	1.0	11.255624110570006	11.255624110570006
