	Source	Target	SourceType	Weight	ABS_Weight	Sign_Weight	ABSRootWeight	SignedRootWeight
16	O2	bc1015	Metabolite	0.15324853629752633	0.15324853629752633	1.0	0.3914697131292871	0.3914697131292871
23	D-Glucose	bc1011	Metabolite	0.2701563170637754	0.2701563170637754	1.0	0.5197656366707744	0.5197656366707744
30	bc1015	D-Glucose	Microbe	-0.5498210459980584	0.5498210459980584	-1.0	0.7414991881304108	-0.7414991881304108
59	bc1011	O2	Microbe	-1.7682056028599495	1.7682056028599495	-1.0	1.3297389228190433	-1.3297389228190433
113	bc1011	D-Glucose	Microbe	-0.999999999999997	0.999999999999997	-1.0	0.9999999999999984	-0.9999999999999984
128	bc1015	O2	Microbe	-1.0	1.0	-1.0	1.0	-1.0
