	MetConSIN	DirectDFBA	Difference	ABS_Difference	SameSign
bc1009##O2	-1.840185139577331	-1e-08	-1.840185129577331	1.840185129577331	1.0
bc1009##CO2	2.0116783396771654	1e-08	2.0116783296771654	2.0116783296771654	1.0
bc1009##H2O	3.503342349634889	1e-08	3.503342339634889	3.503342339634889	1.0
bc1016##H+	2.4287077039340965	1e-08	2.4287076939340966	2.4287076939340966	1.0
bc1008##H+	2.428694664394088	1e-08	2.428694654394088	2.428694654394088	1.0
