	Source	Target	SourceType	Weight	ABS_Weight	Sign_Weight	ABSRootWeight	SignedRootWeight
19	D-Glucose	bc1009	Metabolite	0.25061003724562636	0.25061003724562636	1.0	0.5006096655535391	0.5006096655535391
31	bc1009	D-Glucose	Microbe	-1.0000000000000002	1.0000000000000002	-1.0	1.0	-1.0
103	bc1003	D-Glucose	Microbe	-1.000000000000002	1.000000000000002	-1.0	1.0000000000000009	-1.0000000000000009
130	D-Glucose	bc1003	Metabolite	0.2785952523668638	0.2785952523668638	1.0	0.5278212314476027	0.5278212314476027
