	Source	Target	Weight	Metabolites	ABSWeight	SignWeight	ABSRootWeight	SignedRootWeight
bc1008->bc1012	bc1008	bc1012	-0.003429652795845292	O2	0.003429652795845292	-1.0	0.05856323757994679	-0.05856323757994679
bc1010->bc1012	bc1010	bc1012	-0.153007677089941	O2.Fumarate	0.153007677089941	-1.0	0.3911619576210614	-0.3911619576210614
bc1008->bc1010	bc1008	bc1010	-0.0034192590176268323	O2	0.0034192590176268323	-1.0	0.058474430460046654	-0.058474430460046654
bc1012->bc1010	bc1012	bc1010	-0.15252946972194373	O2	0.15252946972194373	-1.0	0.39055021408513363	-0.39055021408513363
bc1010->bc1008	bc1010	bc1008	-0.03249226046660573	D-Glucose	0.03249226046660573	-1.0	0.18025609689163286	-0.18025609689163286
bc1012->bc1008	bc1012	bc1008	-0.04652051298431076	D-Glucose	0.04652051298431076	-1.0	0.21568614462758326	-0.21568614462758326
