	Source	Target	SourceType	Weight	ABS_Weight	Sign_Weight	ABSRootWeight	SignedRootWeight
24	bc1012	D-Glucose	Microbe	-0.9999999999999978	0.9999999999999978	-1.0	0.9999999999999989	-0.9999999999999989
32	bc1001	D-Glucose	Microbe	-0.9999999999999989	0.9999999999999989	-1.0	0.9999999999999994	-0.9999999999999994
83	bc1015	D-Glucose	Microbe	-1.0000000000000053	1.0000000000000053	-1.0	1.0000000000000027	-1.0000000000000027
141	D-Glucose	bc1001	Metabolite	0.13296422013011458	0.13296422013011458	1.0	0.36464259231487833	0.36464259231487833
166	D-Glucose	bc1015	Metabolite	0.2787243911686641	0.2787243911686641	1.0	0.5279435492253542	0.5279435492253542
224	D-Glucose	bc1012	Metabolite	0.1815606465343274	0.1815606465343274	1.0	0.42609933881000966	0.42609933881000966
