	Source	Target	SourceType	Weight	ABS_Weight	Sign_Weight	ABSRootWeight	SignedRootWeight
19	Clostridium_innocuum_I46	N-Acetyl-D-glucosamine-e0	Microbe	-0.9999999999999974	0.9999999999999974	-1.0	0.9999999999999987	-0.9999999999999987
38	N-Acetyl-D-glucosamine-e0	Clostridium_innocuum_I46	Metabolite	18.11734065467935	18.11734065467935	1.0	4.256446951940004	4.256446951940004
70	Clostridium_innocuum_I46	PAN	Microbe	-0.14300633879218422	0.14300633879218422	-1.0	0.37816178917519444	-0.37816178917519444
74	Enterocloster_clostridioformis_YL32	PAN	Microbe	-1.000000000000287	1.000000000000287	-1.0	1.0000000000001434	-1.0000000000001434
99	PAN	Enterocloster_clostridioformis_YL32	Metabolite	126.68907411983177	126.68907411983177	1.0	11.255624110631617	11.255624110631617
