	Source	Target	SourceType	Weight	ABS_Weight	Sign_Weight	ABSRootWeight	SignedRootWeight
22	PAN	Clostridium_innocuum_I46	Metabolite	126.68907411825079	126.68907411825079	1.0	11.255624110561385	11.255624110561385
31	Flavonifractor_plautii_YL31	PAN	Microbe	-1.0000000000412426	1.0000000000412426	-1.0	1.0000000000206213	-1.0000000000206213
42	Flavonifractor_plautii_YL31	Riboflavin	Microbe	-0.9999999999999991	0.9999999999999991	-1.0	0.9999999999999996	-0.9999999999999996
50	Clostridium_innocuum_I46	Riboflavin	Microbe	-0.9999999999999996	0.9999999999999996	-1.0	0.9999999999999998	-0.9999999999999998
65	Clostridium_innocuum_I46	PAN	Microbe	-1.0000000000000968	1.0000000000000968	-1.0	1.0000000000000484	-1.0000000000000484
85	Riboflavin	Flavonifractor_plautii_YL31	Metabolite	126.68907412071624	126.68907412071624	1.0	11.255624110670906	11.255624110670906
