	Source	Target	SourceType	Weight	ABS_Weight	Sign_Weight	ABSRootWeight	SignedRootWeight
0	Riboflavin	Bifidobacterium_animalis_YL2	Metabolite	96.79614651510865	96.79614651510865	1.0	9.838503266000812	9.838503266000812
22	Clostridium_innocuum_I46	Folate-e0	Microbe	-1.0000000000001985	1.0000000000001985	-1.0	1.0000000000000993	-1.0000000000000993
24	Folate-e0	Clostridium_innocuum_I46	Metabolite	84.45938274442605	84.45938274442605	1.0	9.190178602422591	9.190178602422591
46	Clostridium_innocuum_I46	Riboflavin	Microbe	-1.0000000000000002	1.0000000000000002	-1.0	1.0	-1.0
91	Bifidobacterium_animalis_YL2	Riboflavin	Microbe	-0.9999999999994539	0.9999999999994539	-1.0	0.9999999999997269	-0.9999999999997269
