	Source	Target	SourceType	Weight	ABS_Weight	Sign_Weight	ABSRootWeight	SignedRootWeight
24	PAN	Limosilactobacillus_reuteri_I49	Metabolite	96.79614651726679	96.79614651726679	1.0	9.838503266110491	9.838503266110491
36	Akkermansia_muciniphilaYL44	PAN	Microbe	-0.9999999999933173	0.9999999999933173	-1.0	0.9999999999966587	-0.9999999999966587
45	Akkermansia_muciniphilaYL44	Riboflavin	Microbe	-1.0000000000001341	1.0000000000001341	-1.0	1.000000000000067	-1.000000000000067
46	Limosilactobacillus_reuteri_I49	PAN	Microbe	-1.000000000000281	1.000000000000281	-1.0	1.0000000000001406	-1.0000000000001406
58	Limosilactobacillus_reuteri_I49	Riboflavin	Microbe	-0.9999999999999994	0.9999999999999994	-1.0	0.9999999999999997	-0.9999999999999997
95	Riboflavin	Akkermansia_muciniphilaYL44	Metabolite	126.68907411748881	126.68907411748881	1.0	11.255624110527537	11.255624110527537
