	Source	Target	SourceType	Weight	ABS_Weight	Sign_Weight	ABSRootWeight	SignedRootWeight
1	bc1002	O2	Microbe	-1.0000000000000024	1.0000000000000024	-1.0	1.000000000000001	-1.000000000000001
6	bc1012	Fumarate	Microbe	-0.9999999999999988	0.9999999999999988	-1.0	0.9999999999999993	-0.9999999999999993
27	Fumarate	bc1012	Metabolite	0.03399847222152429	0.03399847222152429	1.0	0.18438674632826593	0.18438674632826593
30	O2	bc1002	Metabolite	0.15290050085943943	0.15290050085943943	1.0	0.3910249363652393	0.3910249363652393
58	bc1012	O2	Microbe	-0.999999999999991	0.999999999999991	-1.0	0.9999999999999954	-0.9999999999999954
77	O2	bc1012	Metabolite	0.152993124996932	0.152993124996932	1.0	0.3911433560690147	0.3911433560690147
