	Source	Target	SourceType	Weight	ABS_Weight	Sign_Weight	ABSRootWeight	SignedRootWeight
15	Enterococcus_faecalis_KB1	PAN	Microbe	-1.0000000000449705	1.0000000000449705	-1.0	1.0000000000224851	-1.0000000000224851
35	Muribaculum_intestinale_YL27	PAN	Microbe	-0.9999999999997061	0.9999999999997061	-1.0	0.999999999999853	-0.999999999999853
56	Riboflavin-e0	Enterococcus_faecalis_KB1	Metabolite	96.79614652086046	96.79614652086046	1.0	9.838503266293124	9.838503266293124
59	Enterococcus_faecalis_KB1	Riboflavin-e0	Microbe	-0.999999999999935	0.999999999999935	-1.0	0.9999999999999675	-0.9999999999999675
93	PAN	Muribaculum_intestinale_YL27	Metabolite	126.68907411842397	126.68907411842397	1.0	11.255624110569078	11.255624110569078
