	Source	Target	SourceType	Weight	ABS_Weight	Sign_Weight	ABSRootWeight	SignedRootWeight
17	Thiamine	Limosilactobacillus_reuteri_I49	Metabolite	135.56370851797223	135.56370851797223	1.0	11.643182920403348	11.643182920403348
29	Folate-e0	Limosilactobacillus_reuteri_I49	Metabolite	67.78185425897658	67.78185425897658	1.0	8.232973597612018	8.232973597612018
40	Limosilactobacillus_reuteri_I49	Folate-e0	Microbe	-1.0000000000002418	1.0000000000002418	-1.0	1.0000000000001208	-1.0000000000001208
45	Flavonifractor_plautii_YL31	Riboflavin	Microbe	-0.6666666666671404	0.6666666666671404	-1.0	0.8164965809280161	-0.8164965809280161
47	Limosilactobacillus_reuteri_I49	Thiamine	Microbe	-0.9999999999986035	0.9999999999986035	-1.0	0.9999999999993017	-0.9999999999993017
63	Riboflavin	Limosilactobacillus_reuteri_I49	Metabolite	203.3455627769431	203.3455627769431	1.0	14.25992856843761	14.25992856843761
66	Limosilactobacillus_reuteri_I49	Riboflavin	Microbe	-1.0000000000027105	1.0000000000027105	-1.0	1.0000000000013551	-1.0000000000013551
67	Folate-e0	Flavonifractor_plautii_YL31	Metabolite	84.45938274524227	84.45938274524227	1.0	9.190178602466998	9.190178602466998
102	Flavonifractor_plautii_YL31	Folate-e0	Microbe	-0.9999999999999194	0.9999999999999194	-1.0	0.9999999999999597	-0.9999999999999597
