	Source	Target	SourceType	Weight	ABS_Weight	Sign_Weight	ABSRootWeight	SignedRootWeight
23	Muribaculum_intestinale_YL27	Riboflavin	Microbe	-1.0000000000000626	1.0000000000000626	-1.0	1.0000000000000313	-1.0000000000000313
42	Muribaculum_intestinale_YL27	PAN	Microbe	-1.0000000000060079	1.0000000000060079	-1.0	1.0000000000030038	-1.0000000000030038
60	Riboflavin	Muribaculum_intestinale_YL27	Metabolite	126.68907411780226	126.68907411780226	1.0	11.255624110541461	11.255624110541461
73	Enterocloster_clostridioformis_YL32	PAN	Microbe	-0.9999999999999506	0.9999999999999506	-1.0	0.9999999999999752	-0.9999999999999752
99	PAN	Enterocloster_clostridioformis_YL32	Metabolite	126.68907411980524	126.68907411980524	1.0	11.255624110630437	11.255624110630437
