	Source	Target	SourceType	Weight	ABS_Weight	Sign_Weight	ABSRootWeight	SignedRootWeight
3	Riboflavin	Bifidobacterium_animalis_YL2	Metabolite	96.79614651727186	96.79614651727186	1.0	9.838503266110749	9.838503266110749
6	Riboflavin	Turicimonas_muris_YL45	Metabolite	126.68907411746497	126.68907411746497	1.0	11.255624110526478	11.255624110526478
39	Turicimonas_muris_YL45	Riboflavin	Microbe	-1.0000000000002573	1.0000000000002573	-1.0	1.0000000000001286	-1.0000000000001286
66	Bifidobacterium_animalis_YL2	Riboflavin	Microbe	-1.0000000000001597	1.0000000000001597	-1.0	1.0000000000000797	-1.0000000000000797
