	Source	Target	SourceType	Weight	ABS_Weight	Sign_Weight	ABSRootWeight	SignedRootWeight
40	Muribaculum_intestinale_YL27	PAN	Microbe	-1.0000000000000584	1.0000000000000584	-1.0	1.000000000000029	-1.000000000000029
74	PAN	Bacteroides_caecimuris_I48	Metabolite	126.68907411617695	126.68907411617695	1.0	11.255624110469261	11.255624110469261
79	Bacteroides_caecimuris_I48	PAN	Microbe	-0.9999999999999823	0.9999999999999823	-1.0	0.9999999999999911	-0.9999999999999911
101	PAN	Muribaculum_intestinale_YL27	Metabolite	126.68907411692025	126.68907411692025	1.0	11.25562411050228	11.25562411050228
