	0.7960	1.5294	Source	Target
bc1001##bc1002##O2	0.15290050085943938	0.0	bc1001	bc1002
bc1002##bc1001##O2	0.15236136794857927	0.0	bc1002	bc1001
bc1001##bc1002##D-Glucose	-0.27087086964738266	0.0	bc1001	bc1002
bc1002##bc1001##D-Glucose	-0.27768364970870507	0.0	bc1002	bc1001
