	Source	Target	SourceType	Weight	ABS_Weight	Sign_Weight	ABSRootWeight	SignedRootWeight
17	Thiamine	Limosilactobacillus_reuteri_I49	Metabolite	68.89327634750695	68.89327634750695	1.0	8.30019736798511	8.30019736798511
29	Folate-e0	Limosilactobacillus_reuteri_I49	Metabolite	34.4466381737509	34.4466381737509	1.0	5.869125844088785	5.869125844088785
40	Limosilactobacillus_reuteri_I49	Folate-e0	Microbe	-1.000000000000051	1.000000000000051	-1.0	1.0000000000000255	-1.0000000000000255
45	Flavonifractor_plautii_YL31	Riboflavin	Microbe	-0.6666666666671404	0.6666666666671404	-1.0	0.8164965809280161	-0.8164965809280161
47	Limosilactobacillus_reuteri_I49	Thiamine	Microbe	-1.0000000000001064	1.0000000000001064	-1.0	1.000000000000053	-1.000000000000053
63	Riboflavin	Limosilactobacillus_reuteri_I49	Metabolite	103.33991452126278	103.33991452126278	1.0	10.165624157977845	10.165624157977845
66	Limosilactobacillus_reuteri_I49	Riboflavin	Microbe	-0.9999999999999815	0.9999999999999815	-1.0	0.9999999999999907	-0.9999999999999907
67	Folate-e0	Flavonifractor_plautii_YL31	Metabolite	84.45938274524227	84.45938274524227	1.0	9.190178602466998	9.190178602466998
102	Flavonifractor_plautii_YL31	Folate-e0	Microbe	-0.9999999999999194	0.9999999999999194	-1.0	0.9999999999999597	-0.9999999999999597
