	Source	Target	SourceType	Weight	ABS_Weight	Sign_Weight	ABSRootWeight	SignedRootWeight
27	PAN	Clostridium_innocuum_I46	Metabolite	126.68907411863427	126.68907411863427	1.0	11.25562411057842	11.25562411057842
71	Clostridium_innocuum_I46	PAN	Microbe	-0.9999999999999702	0.9999999999999702	-1.0	0.9999999999999851	-0.9999999999999851
76	Enterocloster_clostridioformis_YL32	PAN	Microbe	-1.0000000000001645	1.0000000000001645	-1.0	1.0000000000000822	-1.0000000000000822
102	PAN	Enterocloster_clostridioformis_YL32	Metabolite	126.68907411979171	126.68907411979171	1.0	11.255624110629837	11.255624110629837
