	Source	Target	SourceType	Weight	ABS_Weight	Sign_Weight	ABSRootWeight	SignedRootWeight
19	O2	bc1015	Metabolite	0.15324853629752633	0.15324853629752633	1.0	0.3914697131292871	0.3914697131292871
32	bc1015	D-Glucose	Microbe	-0.5498210459980584	0.5498210459980584	-1.0	0.7414991881304108	-0.7414991881304108
60	bc1012	O2	Microbe	-0.9999999999999978	0.9999999999999978	-1.0	0.9999999999999989	-0.9999999999999989
76	O2	bc1012	Metabolite	0.027163276724813598	0.027163276724813598	1.0	0.16481285363955567	0.16481285363955567
78	D-Glucose	bc1012	Metabolite	0.13038372827877068	0.13038372827877068	1.0	0.3610868708202649	0.3610868708202649
115	bc1012	D-Glucose	Microbe	-1.0000000000000027	1.0000000000000027	-1.0	1.0000000000000013	-1.0000000000000013
132	bc1015	O2	Microbe	-1.0	1.0	-1.0	1.0	-1.0
