	Source	Target	SourceType	Weight	ABS_Weight	Sign_Weight	ABSRootWeight	SignedRootWeight
3	Riboflavin	Bifidobacterium_animalis_YL2	Metabolite	96.79614651673619	96.79614651673619	1.0	9.838503266083524	9.838503266083524
38	Flavonifractor_plautii_YL31	Riboflavin	Microbe	-1.0000000000000222	1.0000000000000222	-1.0	1.000000000000011	-1.000000000000011
90	Bifidobacterium_animalis_YL2	Riboflavin	Microbe	-1.000000000000013	1.000000000000013	-1.0	1.0000000000000064	-1.0000000000000064
91	Riboflavin	Flavonifractor_plautii_YL31	Metabolite	126.68907411771963	126.68907411771963	1.0	11.25562411053779	11.25562411053779
