	Source	Target	SourceType	Weight	ABS_Weight	Sign_Weight	ABSRootWeight	SignedRootWeight
22	Acutalibacter_muris_KB1	Riboflavin	Microbe	2.4292613645426155	2.4292613645426155	1.0	1.5586087913721696	1.5586087913721696
51	Riboflavin	Limosilactobacillus_reuteri_I49	Metabolite	96.79614651633086	96.79614651633086	1.0	9.838503266062926	9.838503266062926
57	Limosilactobacillus_reuteri_I49	Riboflavin	Microbe	-1.0000000000000235	1.0000000000000235	-1.0	1.0000000000000118	-1.0000000000000118
83	Acutalibacter_muris_KB1	Pyridoxal	Microbe	-0.9999999999988	0.9999999999988	-1.0	0.9999999999993999	-0.9999999999993999
93	Pyridoxal	Acutalibacter_muris_KB1	Metabolite	193.59229303336076	193.59229303336076	1.0	13.913744752343302	13.913744752343302
