	Source	Target	SourceType	Weight	ABS_Weight	Sign_Weight	ABSRootWeight	SignedRootWeight
0	Riboflavin	Bifidobacterium_animalis_YL2	Metabolite	96.79614651726389	96.79614651726389	1.0	9.838503266110344	9.838503266110344
48	Clostridium_innocuum_I46	Riboflavin	Microbe	-0.9999999999998214	0.9999999999998214	-1.0	0.9999999999999106	-0.9999999999999106
83	Riboflavin	Clostridium_innocuum_I46	Metabolite	126.6890741215415	126.6890741215415	1.0	11.255624110707567	11.255624110707567
90	Bifidobacterium_animalis_YL2	Riboflavin	Microbe	-1.0000000000001228	1.0000000000001228	-1.0	1.0000000000000613	-1.0000000000000613
