	Source	Target	SourceType	Weight	ABS_Weight	Sign_Weight	ABSRootWeight	SignedRootWeight
13	PAN	Blautia_coccoides_YL58	Metabolite	96.79614652216222	96.79614652216222	1.0	9.83850326635928	9.83850326635928
32	Blautia_coccoides_YL58	PAN	Microbe	-1.0000000000000093	1.0000000000000093	-1.0	1.0000000000000047	-1.0000000000000047
41	Muribaculum_intestinale_YL27	PAN	Microbe	-0.999999999999195	0.999999999999195	-1.0	0.9999999999995974	-0.9999999999995974
96	PAN	Muribaculum_intestinale_YL27	Metabolite	126.68907411749944	126.68907411749944	1.0	11.255624110528009	11.255624110528009
