	Source	Target	SourceType	Weight	Variance	ABS_Weight	Sign_Weight	ABSRootWeight	SignedRootWeight
15	Acutalibacter_muris_KB1	Riboflavin	Microbe	2.429261364544138	2.7876050777428626e-25	2.429261364544138	1.0	1.558608791372658	1.558608791372658
31	Akkermansia_muciniphilaYL44	Riboflavin	Microbe	-1.0000000000001341	3.3286244283512255e-34	1.0000000000001341	-1.0	1.000000000000067	-1.000000000000067
54	Acutalibacter_muris_KB1	Pyridoxal	Microbe	-1.0000000000008185	8.485587923883236e-26	1.0000000000008185	-1.0	1.0000000000004092	-1.0000000000004092
66	Pyridoxal	Acutalibacter_muris_KB1	Metabolite	193.59229303369875	1.4604497331257386e-21	193.59229303369875	1.0	13.913744752355447	13.913744752355447
78	Riboflavin	Akkermansia_muciniphilaYL44	Metabolite	126.68907411748881	7.526992884507265e-30	126.68907411748881	1.0	11.255624110527537	11.255624110527537
