	Source	Target	SourceType	Weight	ABS_Weight	Sign_Weight	ABSRootWeight	SignedRootWeight
27	Flavonifractor_plautii_YL31	PAN	Microbe	-0.6666666665506522	0.6666666665506522	-1.0	0.816496580856682	-0.816496580856682
41	Muribaculum_intestinale_YL27	PAN	Microbe	-0.99999999999934	0.99999999999934	-1.0	0.9999999999996699	-0.9999999999996699
57	Folate-e0	Flavonifractor_plautii_YL31	Metabolite	84.45938273358905	84.45938273358905	1.0	9.190178601832994	9.190178601832994
86	Flavonifractor_plautii_YL31	Folate-e0	Microbe	-1.0000000000000209	1.0000000000000209	-1.0	1.0000000000000104	-1.0000000000000104
100	PAN	Muribaculum_intestinale_YL27	Metabolite	126.68907411626445	126.68907411626445	1.0	11.255624110473148	11.255624110473148
