	Source	Target	SourceType	Weight	ABS_Weight	Sign_Weight	ABSRootWeight	SignedRootWeight
1	Riboflavin	Bifidobacterium_animalis_YL2	Metabolite	96.79614651724869	96.79614651724869	1.0	9.838503266109571	9.838503266109571
27	Bifidobacterium_animalis_YL2	Uracil-e0	Microbe	-12.165428977680506	12.165428977680506	-1.0	3.48789750102845	-3.48789750102845
61	Limosilactobacillus_reuteri_I49	Riboflavin	Microbe	-1.0000000000000113	1.0000000000000113	-1.0	1.0000000000000056	-1.0000000000000056
76	Uracil-e0	Limosilactobacillus_reuteri_I49	Metabolite	0.5498248331040121	0.5498248331040121	1.0	0.7415017418078073	0.7415017418078073
97	Bifidobacterium_animalis_YL2	Riboflavin	Microbe	-0.999999999999944	0.999999999999944	-1.0	0.999999999999972	-0.999999999999972
114	Limosilactobacillus_reuteri_I49	Uracil-e0	Microbe	-1.000000000000002	1.000000000000002	-1.0	1.0000000000000009	-1.0000000000000009
