	Source	Target	SourceType	Weight	ABS_Weight	Sign_Weight	ABSRootWeight	SignedRootWeight
6	Limosilactobacillus_reuteri_I49	Riboflavin	Microbe	-0.9999999999995353	0.9999999999995353	-1.0	0.9999999999997676	-0.9999999999997676
9	Limosilactobacillus_reuteri_I49	Folate-e0	Microbe	-0.9999999999999686	0.9999999999999686	-1.0	0.9999999999999842	-0.9999999999999842
29	Thiamine	Limosilactobacillus_reuteri_I49	Metabolite	135.56370855324272	135.56370855324272	1.0	11.643182921917989	11.643182921917989
31	Limosilactobacillus_reuteri_I49	Thiamine	Microbe	-0.999999999999937	0.999999999999937	-1.0	0.9999999999999685	-0.9999999999999685
58	Folate-e0	Limosilactobacillus_reuteri_I49	Metabolite	67.78185427659614	67.78185427659614	1.0	8.23297359868208	8.23297359868208
59	Riboflavin	Limosilactobacillus_reuteri_I49	Metabolite	203.34556282992614	203.34556282992614	1.0	14.259928570295369	14.259928570295369
