	Source	Target	SourceType	Weight	ABS_Weight	Sign_Weight	ABSRootWeight	SignedRootWeight
24	Clostridium_innocuum_I46	Folate-e0	Microbe	-1.0000000000000222	1.0000000000000222	-1.0	1.000000000000011	-1.000000000000011
25	Folate-e0	Clostridium_innocuum_I46	Metabolite	169.330972043405	169.330972043405	1.0	13.012723467568387	13.012723467568387
61	Folate-e0	Flavonifractor_plautii_YL31	Metabolite	84.45938273398248	84.45938273398248	1.0	9.190178601854399	9.190178601854399
96	Flavonifractor_plautii_YL31	Folate-e0	Microbe	-0.9999999999999872	0.9999999999999872	-1.0	0.9999999999999936	-0.9999999999999936
