	Source	Target	SourceType	Weight	ABS_Weight	Sign_Weight	ABSRootWeight	SignedRootWeight
18	Acutalibacter_muris_KB1	Riboflavin	Microbe	2.429261364544314	2.429261364544314	1.0	1.5586087913727147	1.5586087913727147
36	Flavonifractor_plautii_YL31	Riboflavin	Microbe	-0.999999999999943	0.999999999999943	-1.0	0.9999999999999715	-0.9999999999999715
72	Acutalibacter_muris_KB1	Pyridoxal	Microbe	-1.0000000000009155	1.0000000000009155	-1.0	1.0000000000004576	-1.0000000000004576
84	Riboflavin	Flavonifractor_plautii_YL31	Metabolite	126.68907411822663	126.68907411822663	1.0	11.255624110560312	11.255624110560312
85	Pyridoxal	Acutalibacter_muris_KB1	Metabolite	193.59229303371148	193.59229303371148	1.0	13.913744752355905	13.913744752355905
