	Source	Target	SourceType	Weight	ABS_Weight	Sign_Weight	ABSRootWeight	SignedRootWeight
24	PAN	Clostridium_innocuum_I46	Metabolite	126.68907411693637	126.68907411693637	1.0	11.255624110502996	11.255624110502996
27	PAN	Limosilactobacillus_reuteri_I49	Metabolite	96.79614651723661	96.79614651723661	1.0	9.838503266108956	9.838503266108956
52	Limosilactobacillus_reuteri_I49	PAN	Microbe	-0.9999999999999346	0.9999999999999346	-1.0	0.9999999999999672	-0.9999999999999672
73	Clostridium_innocuum_I46	PAN	Microbe	-1.0000000000000884	1.0000000000000884	-1.0	1.0000000000000442	-1.0000000000000442
