	Source	Target	SourceType	Weight	ABS_Weight	Sign_Weight	ABSRootWeight	SignedRootWeight
5	Riboflavin	Bacteroides_caecimuris_I48	Metabolite	126.68907411754388	126.68907411754388	1.0	11.255624110529984	11.255624110529984
64	Bacteroides_caecimuris_I48	Riboflavin	Microbe	-1.0000000000001827	1.0000000000001827	-1.0	1.0000000000000913	-1.0000000000000913
67	Enterocloster_clostridioformis_YL32	PAN	Microbe	-1.000000000000322	1.000000000000322	-1.0	1.000000000000161	-1.000000000000161
78	Bacteroides_caecimuris_I48	PAN	Microbe	-0.9999999999980904	0.9999999999980904	-1.0	0.9999999999990452	-0.9999999999990452
94	PAN	Enterocloster_clostridioformis_YL32	Metabolite	126.68907411986531	126.68907411986531	1.0	11.255624110633107	11.255624110633107
