	Source	Target	SourceType	Weight	ABS_Weight	Sign_Weight	ABSRootWeight	SignedRootWeight
2	Riboflavin	Bacteroides_caecimuris_I48	Metabolite	126.68907411758086	126.68907411758086	1.0	11.255624110531626	11.255624110531626
44	Clostridium_innocuum_I46	Riboflavin	Microbe	-1.0000000000000413	1.0000000000000413	-1.0	1.0000000000000207	-1.0000000000000207
68	Bacteroides_caecimuris_I48	Riboflavin	Microbe	-1.0000000000000138	1.0000000000000138	-1.0	1.0000000000000069	-1.0000000000000069
78	Riboflavin	Clostridium_innocuum_I46	Metabolite	126.68907411845748	126.68907411845748	1.0	11.255624110570567	11.255624110570567
