	Source	Target	SourceType	Weight	ABS_Weight	Sign_Weight	ABSRootWeight	SignedRootWeight
20	PAN	Clostridium_innocuum_I46	Metabolite	126.68907411386704	126.68907411386704	1.0	11.25562411036665	11.25562411036665
45	Muribaculum_intestinale_YL27	PAN	Microbe	-1.0000000000000815	1.0000000000000815	-1.0	1.0000000000000406	-1.0000000000000406
67	Clostridium_innocuum_I46	PAN	Microbe	-1.0000000000000797	1.0000000000000797	-1.0	1.0000000000000397	-1.0000000000000397
103	PAN	Muribaculum_intestinale_YL27	Metabolite	126.68907411844015	126.68907411844015	1.0	11.255624110569798	11.255624110569798
