	Source	Target	SourceType	Weight	ABS_Weight	Sign_Weight	ABSRootWeight	SignedRootWeight
29	Flavonifractor_plautii_YL31	PAN	Microbe	-0.9999999999774225	0.9999999999774225	-1.0	0.9999999999887113	-0.9999999999887113
39	Flavonifractor_plautii_YL31	Riboflavin	Microbe	-0.9999999999994658	0.9999999999994658	-1.0	0.9999999999997329	-0.9999999999997329
69	Enterocloster_clostridioformis_YL32	PAN	Microbe	-1.000000000000266	1.000000000000266	-1.0	1.000000000000133	-1.000000000000133
83	Riboflavin	Flavonifractor_plautii_YL31	Metabolite	126.68907411806605	126.68907411806605	1.0	11.25562411055318	11.25562411055318
100	PAN	Enterocloster_clostridioformis_YL32	Metabolite	126.68907411984387	126.68907411984387	1.0	11.255624110632153	11.255624110632153
