	Source	Target	Metabolites	Weight	Variance	ABS_Weight	Sign_Weight	ABSRootWeight	SignedRootWeight
0	Enterococcus_faecalis_KB1	Acutalibacter_muris_KB1	Pyridoxal	-77.42857921804563	1977.804472812336	77.42857921804563	-1.0	8.799351068007551	-8.799351068007551
1	Acutalibacter_muris_KB1	Enterococcus_faecalis_KB1	Heme-e0.L-Serine-e0.L-Alanine-e0.L-Threonine-e0	-0.0013823566513641815	0.051930982628041564	0.0013823566513641815	-1.0	0.03718005717268576	-0.03718005717268576
2	Acutalibacter_muris_KB1	Enterococcus_faecalis_KB1	L-Cysteine-e0.Heme-e0.Glycine-e0.L-Serine-e0.L-Alanine-e0.L-Threonine-e0	-0.008556597531420644	1.0238419355944746	0.008556597531420644	-1.0	0.09250187852914472	-0.09250187852914472
3	Acutalibacter_muris_KB1	Enterococcus_faecalis_KB1	Heme-e0	3.508710866463497	554.4195887692996	3.508710866463497	1.0	1.8731553236353617	1.8731553236353617
4	Acutalibacter_muris_KB1	Enterococcus_faecalis_KB1	Pyridoxal	-19.359229303306382	3366.5872402594005	19.359229303306382	-1.0	4.39991241995865	-4.39991241995865
