	Source	Target	SourceType	Weight	ABS_Weight	Sign_Weight	ABSRootWeight	SignedRootWeight
25	PAN	Limosilactobacillus_reuteri_I49	Metabolite	96.79614651613302	96.79614651613302	1.0	9.838503266052872	9.838503266052872
37	Akkermansia_muciniphilaYL44	PAN	Microbe	-0.9999999999900072	0.9999999999900072	-1.0	0.9999999999950036	-0.9999999999950036
46	Akkermansia_muciniphilaYL44	Riboflavin	Microbe	-0.999999999999968	0.999999999999968	-1.0	0.999999999999984	-0.999999999999984
47	Limosilactobacillus_reuteri_I49	PAN	Microbe	-0.9999999999999505	0.9999999999999505	-1.0	0.9999999999999752	-0.9999999999999752
59	Limosilactobacillus_reuteri_I49	Riboflavin	Microbe	-0.9999999999999998	0.9999999999999998	-1.0	0.9999999999999999	-0.9999999999999999
96	Riboflavin	Akkermansia_muciniphilaYL44	Metabolite	126.68907411746463	126.68907411746463	1.0	11.255624110526464	11.255624110526464
