	Source	Target	SourceType	Weight	ABS_Weight	Sign_Weight	ABSRootWeight	SignedRootWeight
62	Riboflavin-e0	Enterococcus_faecalis_KB1	Metabolite	96.79614652524161	96.79614652524161	1.0	9.838503266515778	9.838503266515778
66	Enterococcus_faecalis_KB1	Riboflavin-e0	Microbe	-1.0000000000000404	1.0000000000000404	-1.0	1.0000000000000202	-1.0000000000000202
70	Acutalibacter_muris_KB1	Pyridoxal	Microbe	-0.9999999999990588	0.9999999999990588	-1.0	0.9999999999995294	-0.9999999999995294
84	Pyridoxal	Acutalibacter_muris_KB1	Metabolite	193.59229303344998	193.59229303344998	1.0	13.913744752346508	13.913744752346508
89	Enterococcus_faecalis_KB1	Pyridoxal	Microbe	-0.5000000000456488	0.5000000000456488	-1.0	0.7071067812188261	-0.7071067812188261
