	Source	Target	SourceType	Weight	ABS_Weight	Sign_Weight	ABSRootWeight	SignedRootWeight
2	Riboflavin	Bifidobacterium_animalis_YL2	Metabolite	96.79614651724023	96.79614651724023	1.0	9.838503266109141	9.838503266109141
12	Thiamine	Limosilactobacillus_reuteri_I49	Metabolite	135.56370855090225	135.56370855090225	1.0	11.64318292181748	11.64318292181748
28	Folate-e0	Limosilactobacillus_reuteri_I49	Metabolite	67.78185427542397	67.78185427542397	1.0	8.232973598610892	8.232973598610892
35	Limosilactobacillus_reuteri_I49	Folate-e0	Microbe	-1.0000000000000007	1.0000000000000007	-1.0	1.0000000000000002	-1.0000000000000002
43	Limosilactobacillus_reuteri_I49	Thiamine	Microbe	-0.9999999999999993	0.9999999999999993	-1.0	0.9999999999999997	-0.9999999999999997
59	Riboflavin	Limosilactobacillus_reuteri_I49	Metabolite	203.34556282639284	203.34556282639284	1.0	14.25992857017148	14.25992857017148
63	Limosilactobacillus_reuteri_I49	Riboflavin	Microbe	-0.9999999999995977	0.9999999999995977	-1.0	0.9999999999997988	-0.9999999999997988
96	Bifidobacterium_animalis_YL2	Riboflavin	Microbe	-0.9999999999999636	0.9999999999999636	-1.0	0.9999999999999818	-0.9999999999999818
