	Source	Target	SourceType	Weight	ABS_Weight	Sign_Weight	ABSRootWeight	SignedRootWeight
13	Muribaculum_intestinale_YL27	Riboflavin	Microbe	-0.9999999999999994	0.9999999999999994	-1.0	0.9999999999999997	-0.9999999999999997
17	Flavonifractor_plautii_YL31	PAN	Microbe	-1.0000000000037326	1.0000000000037326	-1.0	1.0000000000018663	-1.0000000000018663
22	Flavonifractor_plautii_YL31	Riboflavin	Microbe	-1.0000000000001557	1.0000000000001557	-1.0	1.0000000000000777	-1.0000000000000777
27	Muribaculum_intestinale_YL27	PAN	Microbe	-1.0000000000001044	1.0000000000001044	-1.0	1.0000000000000522	-1.0000000000000522
65	Riboflavin	Flavonifractor_plautii_YL31	Metabolite	126.6890741173296	126.6890741173296	1.0	11.255624110520465	11.255624110520465
84	PAN	Muribaculum_intestinale_YL27	Metabolite	126.68907411838646	126.68907411838646	1.0	11.255624110567412	11.255624110567412
