	Source	Target	SourceType	Weight	ABS_Weight	Sign_Weight	ABSRootWeight	SignedRootWeight
0	Riboflavin	Bifidobacterium_animalis_YL2	Metabolite	96.79614651724023	96.79614651724023	1.0	9.838503266109141	9.838503266109141
14	Clostridium_innocuum_I46	N-Acetyl-D-glucosamine-e0	Microbe	-0.9999999999999926	0.9999999999999926	-1.0	0.9999999999999962	-0.9999999999999962
31	N-Acetyl-D-glucosamine-e0	Clostridium_innocuum_I46	Metabolite	18.117340654659454	18.117340654659454	1.0	4.256446951937667	4.256446951937667
45	Clostridium_innocuum_I46	Riboflavin	Microbe	-0.9999999999999999	0.9999999999999999	-1.0	0.9999999999999999	-0.9999999999999999
84	Bifidobacterium_animalis_YL2	Riboflavin	Microbe	-0.9999999999999636	0.9999999999999636	-1.0	0.9999999999999818	-0.9999999999999818
