	Source	Target	SourceType	Weight	ABS_Weight	Sign_Weight	ABSRootWeight	SignedRootWeight
6	Riboflavin	Turicimonas_muris_YL45	Metabolite	126.68907411739079	126.68907411739079	1.0	11.255624110523183	11.255624110523183
46	Akkermansia_muciniphilaYL44	Riboflavin	Microbe	-0.6666666666197115	0.6666666666197115	-1.0	0.816496580898972	-0.816496580898972
47	Folate	Akkermansia_muciniphilaYL44	Metabolite	84.45938274065225	84.45938274065225	1.0	9.190178602217275	9.190178602217275
52	Turicimonas_muris_YL45	Riboflavin	Microbe	-0.9999999999997204	0.9999999999997204	-1.0	0.9999999999998602	-0.9999999999998602
77	Akkermansia_muciniphilaYL44	Folate	Microbe	-0.9999999999993179	0.9999999999993179	-1.0	0.9999999999996589	-0.9999999999996589
86	Turicimonas_muris_YL45	Folate	Microbe	-0.9999999999999978	0.9999999999999978	-1.0	0.9999999999999989	-0.9999999999999989
