	Source	Target	SourceType	Weight	ABS_Weight	Sign_Weight	ABSRootWeight	SignedRootWeight
25	Riboflavin-e0	Enterococcus_faecalis_KB1	Metabolite	96.79614652274958	96.79614652274958	1.0	9.83850326638913	9.83850326638913
37	Enterococcus_faecalis_KB1	Riboflavin-e0	Microbe	-0.999999999999995	0.999999999999995	-1.0	0.9999999999999974	-0.9999999999999974
