	Source	Target	Weight	Metabolites	ABSWeight	SignWeight	ABSRootWeight	SignedRootWeight
bc1012->bc1015	bc1012	bc1015	-0.15324853629753377	O2	0.15324853629753377	-1.0	0.39146971312929657	-0.39146971312929657
bc1015->bc1012	bc1015	bc1012	-0.15602222284600686	D-Glucose.O2	0.15602222284600686	-1.0	0.3949964845995555	-0.3949964845995555
