	Source	Target	SourceType	Weight	ABS_Weight	Sign_Weight	ABSRootWeight	SignedRootWeight
27	PAN	Clostridium_innocuum_I46	Metabolite	126.68907411514127	126.68907411514127	1.0	11.255624110423254	11.255624110423254
72	Clostridium_innocuum_I46	PAN	Microbe	-0.9999999999999643	0.9999999999999643	-1.0	0.9999999999999821	-0.9999999999999821
77	Enterocloster_clostridioformis_YL32	PAN	Microbe	-1.0000000000001645	1.0000000000001645	-1.0	1.0000000000000822	-1.0000000000000822
104	PAN	Enterocloster_clostridioformis_YL32	Metabolite	126.68907411979171	126.68907411979171	1.0	11.255624110629837	11.255624110629837
