	Source	Target	SourceType	Weight	ABS_Weight	Sign_Weight	ABSRootWeight	SignedRootWeight
3	Limosilactobacillus_reuteri_I49	Cytosine	Microbe	-0.9999999999999999	0.9999999999999999	-1.0	0.9999999999999999	-0.9999999999999999
75	Riboflavin-e0	Enterococcus_faecalis_KB1	Metabolite	96.79614665016867	96.79614665016867	1.0	9.838503272864662	9.838503272864662
80	Enterococcus_faecalis_KB1	Riboflavin-e0	Microbe	-0.9999999999996815	0.9999999999996815	-1.0	0.9999999999998407	-0.9999999999998407
92	Enterococcus_faecalis_KB1	Cytosine	Microbe	-6.580314093877614	6.580314093877614	-1.0	2.5652122902164676	-2.5652122902164676
98	Cytosine	Limosilactobacillus_reuteri_I49	Metabolite	0.5498248331021707	0.5498248331021707	1.0	0.7415017418065656	0.7415017418065656
