	Source	Target	SourceType	Weight	ABS_Weight	Sign_Weight	ABSRootWeight	SignedRootWeight
53	Riboflavin-e0	Enterococcus_faecalis_KB1	Metabolite	96.79614654367401	96.79614654367401	1.0	9.838503267452525	9.838503267452525
57	Enterococcus_faecalis_KB1	Riboflavin-e0	Microbe	-0.9999999999999937	0.9999999999999937	-1.0	0.9999999999999968	-0.9999999999999968
61	Acutalibacter_muris_KB1	Pyridoxal	Microbe	-0.9999999999990588	0.9999999999990588	-1.0	0.9999999999995294	-0.9999999999995294
75	Pyridoxal	Acutalibacter_muris_KB1	Metabolite	193.59229303344998	193.59229303344998	1.0	13.913744752346508	13.913744752346508
79	Enterococcus_faecalis_KB1	Pyridoxal	Microbe	-0.5000000001391502	0.5000000001391502	-1.0	0.7071067812849416	-0.7071067812849416
