	Source	Target	SourceType	Weight	ABS_Weight	Sign_Weight	ABSRootWeight	SignedRootWeight
2	Riboflavin	Bifidobacterium_animalis_YL2	Metabolite	96.79614651724023	96.79614651724023	1.0	9.838503266109141	9.838503266109141
22	PAN	Limosilactobacillus_reuteri_I49	Metabolite	96.79614651718363	96.79614651718363	1.0	9.838503266106263	9.838503266106263
46	Limosilactobacillus_reuteri_I49	PAN	Microbe	-0.9999999999997561	0.9999999999997561	-1.0	0.999999999999878	-0.999999999999878
58	Limosilactobacillus_reuteri_I49	Riboflavin	Microbe	-0.9999999999999993	0.9999999999999993	-1.0	0.9999999999999997	-0.9999999999999997
78	Bifidobacterium_animalis_YL2	PAN	Microbe	-1.0000000000020597	1.0000000000020597	-1.0	1.0000000000010298	-1.0000000000010298
88	Bifidobacterium_animalis_YL2	Riboflavin	Microbe	-0.9999999999999636	0.9999999999999636	-1.0	0.9999999999999818	-0.9999999999999818
