	Source	Target	SourceType	Weight	ABS_Weight	Sign_Weight	ABSRootWeight	SignedRootWeight
4	Riboflavin	Bifidobacterium_animalis_YL2	Metabolite	96.79614651835661	96.79614651835661	1.0	9.838503266165876	9.838503266165876
13	PAN	Blautia_coccoides_YL58	Metabolite	96.79614652051093	96.79614652051093	1.0	9.83850326627536	9.83850326627536
36	Blautia_coccoides_YL58	PAN	Microbe	-0.9999999999999503	0.9999999999999503	-1.0	0.9999999999999751	-0.9999999999999751
51	Blautia_coccoides_YL58	Riboflavin	Microbe	-1.0000000000000007	1.0000000000000007	-1.0	1.0000000000000002	-1.0000000000000002
71	Bifidobacterium_animalis_YL2	PAN	Microbe	-0.9999999999653834	0.9999999999653834	-1.0	0.9999999999826916	-0.9999999999826916
82	Bifidobacterium_animalis_YL2	Riboflavin	Microbe	-1.0000000000004676	1.0000000000004676	-1.0	1.0000000000002338	-1.0000000000002338
