	Source	Target	SourceType	Weight	ABS_Weight	Sign_Weight	ABSRootWeight	SignedRootWeight
47	Akkermansia_muciniphilaYL44	Riboflavin	Microbe	-1.0000000000003786	1.0000000000003786	-1.0	1.0000000000001892	-1.0000000000001892
48	Clostridium_innocuum_I46	Riboflavin	Microbe	-0.9999999999999625	0.9999999999999625	-1.0	0.9999999999999812	-0.9999999999999812
72	Riboflavin	Clostridium_innocuum_I46	Metabolite	126.68907411579012	126.68907411579012	1.0	11.255624110452077	11.255624110452077
88	Riboflavin	Akkermansia_muciniphilaYL44	Metabolite	126.68907411780633	126.68907411780633	1.0	11.255624110541643	11.255624110541643
