	Source	Target	SourceType	Weight	ABS_Weight	Sign_Weight	ABSRootWeight	SignedRootWeight
0	Enterococcus_faecalis_KB1	N-Acetyl-D-glucosamine-e0	Microbe	-1.0000000000000018	1.0000000000000018	-1.0	1.0000000000000009	-1.0000000000000009
35	N-Acetyl-D-glucosamine-e0	Enterococcus_faecalis_KB1	Metabolite	4.804135289552908	4.804135289552908	1.0	2.1918337732485345	2.1918337732485345
67	Acutalibacter_muris_KB1	Pyridoxal	Microbe	-1.0000000000001825	1.0000000000001825	-1.0	1.0000000000000913	-1.0000000000000913
80	Pyridoxal	Acutalibacter_muris_KB1	Metabolite	193.5922930336292	193.5922930336292	1.0	13.913744752352947	13.913744752352947
85	Enterococcus_faecalis_KB1	Pyridoxal	Microbe	-0.024815736278972607	0.024815736278972607	-1.0	0.15753011229276961	-0.15753011229276961
