	Source	Target	SourceType	Weight	ABS_Weight	Sign_Weight	ABSRootWeight	SignedRootWeight
4	Folate	Muribaculum_intestinale_YL27	Metabolite	84.45938274319262	84.45938274319262	1.0	9.190178602355486	9.190178602355486
58	Folate-e0	Flavonifractor_plautii_YL31	Metabolite	84.45938272269781	84.45938272269781	1.0	9.190178601240447	9.190178601240447
66	Muribaculum_intestinale_YL27	Folate	Microbe	-1.0000000000000029	1.0000000000000029	-1.0	1.0000000000000013	-1.0000000000000013
90	Flavonifractor_plautii_YL31	Folate-e0	Microbe	-1.000000000000161	1.000000000000161	-1.0	1.0000000000000804	-1.0000000000000804
