	Source	Target	SourceType	Weight	ABS_Weight	Sign_Weight	ABSRootWeight	SignedRootWeight
23	Muribaculum_intestinale_YL27	Riboflavin	Microbe	-1.000000000000045	1.000000000000045	-1.0	1.0000000000000224	-1.0000000000000224
41	Muribaculum_intestinale_YL27	PAN	Microbe	-1.0000000000005629	1.0000000000005629	-1.0	1.0000000000002813	-1.0000000000002813
57	Riboflavin	Muribaculum_intestinale_YL27	Metabolite	126.68907411709606	126.68907411709606	1.0	11.25562411051009	11.25562411051009
68	Enterocloster_clostridioformis_YL32	PAN	Microbe	-0.9999999999999506	0.9999999999999506	-1.0	0.9999999999999752	-0.9999999999999752
94	PAN	Enterocloster_clostridioformis_YL32	Metabolite	126.68907411980524	126.68907411980524	1.0	11.255624110630437	11.255624110630437
