	Source	Target	SourceType	Weight	ABS_Weight	Sign_Weight	ABSRootWeight	SignedRootWeight
20	Flavonifractor_plautii_YL31	PAN	Microbe	-1.0000000000075606	1.0000000000075606	-1.0	1.0000000000037803	-1.0000000000037803
33	Flavonifractor_plautii_YL31	Riboflavin	Microbe	-1.0000000000003593	1.0000000000003593	-1.0	1.0000000000001796	-1.0000000000001796
63	Bacteroides_caecimuris_I48	Riboflavin	Microbe	-0.9999999999999984	0.9999999999999984	-1.0	0.9999999999999992	-0.9999999999999992
75	PAN	Bacteroides_caecimuris_I48	Metabolite	126.68907411673533	126.68907411673533	1.0	11.255624110494066	11.255624110494066
81	Riboflavin	Flavonifractor_plautii_YL31	Metabolite	126.68907411887164	126.68907411887164	1.0	11.255624110588967	11.255624110588967
83	Bacteroides_caecimuris_I48	PAN	Microbe	-1.0000000000000204	1.0000000000000204	-1.0	1.0000000000000102	-1.0000000000000102
