	Source	Target	Weight	Metabolites	ABSWeight	SignWeight	ABSRootWeight	SignedRootWeight
bc1003->bc1011	bc1003	bc1011	-0.27015631706377596	D-Glucose	0.27015631706377596	-1.0	0.5197656366707749	-0.5197656366707749
bc1009->bc1011	bc1009	bc1011	-0.2701563170637767	D-Glucose	0.2701563170637767	-1.0	0.5197656366707756	-0.5197656366707756
bc1003->bc1009	bc1003	bc1009	-0.27912176357073626	D-Glucose	0.27912176357073626	-1.0	0.5283197550449313	-0.5283197550449313
bc1011->bc1009	bc1011	bc1009	-0.27912176357073487	D-Glucose	0.27912176357073487	-1.0	0.52831975504493	-0.52831975504493
bc1009->bc1003	bc1009	bc1003	-0.27859525236686505	D-Glucose	0.27859525236686505	-1.0	0.527821231447604	-0.527821231447604
bc1011->bc1003	bc1011	bc1003	-0.27859525236686294	D-Glucose	0.27859525236686294	-1.0	0.527821231447602	-0.527821231447602
