	Source	Target	Weight	Metabolites	ABSWeight	SignWeight	ABSRootWeight	SignedRootWeight
bc1001->bc1012	bc1001	bc1012	-0.11498793299697672	D-Glucose.O2	0.11498793299697672	-1.0	0.339098706864206	-0.339098706864206
bc1012->bc1001	bc1012	bc1001	-0.1523613679485778	O2	0.1523613679485778	-1.0	0.39033494328406954	-0.39033494328406954
