	Source	Target	SourceType	Weight	ABS_Weight	Sign_Weight	ABSRootWeight	SignedRootWeight
4	Riboflavin	Bifidobacterium_animalis_YL2	Metabolite	96.79614651727186	96.79614651727186	1.0	9.838503266110749	9.838503266110749
7	Riboflavin	Turicimonas_muris_YL45	Metabolite	126.6890741176145	126.6890741176145	1.0	11.25562411053312	11.25562411053312
50	Turicimonas_muris_YL45	Riboflavin	Microbe	-1.0000000000003217	1.0000000000003217	-1.0	1.0000000000001608	-1.0000000000001608
82	Bifidobacterium_animalis_YL2	Riboflavin	Microbe	-1.0000000000001597	1.0000000000001597	-1.0	1.0000000000000797	-1.0000000000000797
