	Source	Target	SourceType	Weight	ABS_Weight	Sign_Weight	ABSRootWeight	SignedRootWeight
26	Muribaculum_intestinale_YL27	Riboflavin	Microbe	-0.9999999999999999	0.9999999999999999	-1.0	0.9999999999999999	-0.9999999999999999
37	Blautia_coccoides_YL58	PAN	Microbe	-0.9999999999956789	0.9999999999956789	-1.0	0.9999999999978394	-0.9999999999978394
46	Muribaculum_intestinale_YL27	PAN	Microbe	-0.9999999999999498	0.9999999999999498	-1.0	0.9999999999999749	-0.9999999999999749
49	Riboflavin	Blautia_coccoides_YL58	Metabolite	96.79614651689658	96.79614651689658	1.0	9.838503266091676	9.838503266091676
56	Blautia_coccoides_YL58	Riboflavin	Microbe	-0.9999999999999815	0.9999999999999815	-1.0	0.9999999999999907	-0.9999999999999907
106	PAN	Muribaculum_intestinale_YL27	Metabolite	126.68907411690726	126.68907411690726	1.0	11.255624110501703	11.255624110501703
