	Source	Target	SourceType	Weight	ABS_Weight	Sign_Weight	ABSRootWeight	SignedRootWeight
22	PAN	Clostridium_innocuum_I46	Metabolite	126.68907411532543	126.68907411532543	1.0	11.255624110431434	11.255624110431434
32	Flavonifractor_plautii_YL31	PAN	Microbe	-0.9999999999796985	0.9999999999796985	-1.0	0.9999999999898492	-0.9999999999898492
43	Flavonifractor_plautii_YL31	Riboflavin	Microbe	-1.0000000000000084	1.0000000000000084	-1.0	1.0000000000000042	-1.0000000000000042
51	Clostridium_innocuum_I46	Riboflavin	Microbe	-0.9999999999999991	0.9999999999999991	-1.0	0.9999999999999996	-0.9999999999999996
66	Clostridium_innocuum_I46	PAN	Microbe	-1.0000000000002875	1.0000000000002875	-1.0	1.0000000000001437	-1.0000000000001437
87	Riboflavin	Flavonifractor_plautii_YL31	Metabolite	126.68907411752413	126.68907411752413	1.0	11.255624110529107	11.255624110529107
