	Source	Target	SourceType	Weight	ABS_Weight	Sign_Weight	ABSRootWeight	SignedRootWeight
38	Akkermansia_muciniphilaYL44	Riboflavin	Microbe	-0.9999999999994187	0.9999999999994187	-1.0	0.9999999999997093	-0.9999999999997093
54	Riboflavin-e0	Enterococcus_faecalis_KB1	Metabolite	96.79614652086046	96.79614652086046	1.0	9.838503266293124	9.838503266293124
58	Enterococcus_faecalis_KB1	Riboflavin-e0	Microbe	-0.999999999999935	0.999999999999935	-1.0	0.9999999999999675	-0.9999999999999675
85	Riboflavin	Akkermansia_muciniphilaYL44	Metabolite	126.68907411739914	126.68907411739914	1.0	11.255624110523554	11.255624110523554
