	Source	Target	SourceType	Weight	ABS_Weight	Sign_Weight	ABSRootWeight	SignedRootWeight
16	PAN	Blautia_coccoides_YL58	Metabolite	96.79614652181242	96.79614652181242	1.0	9.838503266341503	9.838503266341503
28	PAN	Limosilactobacillus_reuteri_I49	Metabolite	96.79614651719008	96.79614651719008	1.0	9.838503266106592	9.838503266106592
42	Blautia_coccoides_YL58	PAN	Microbe	-0.9999999999999337	0.9999999999999337	-1.0	0.9999999999999668	-0.9999999999999668
51	Limosilactobacillus_reuteri_I49	PAN	Microbe	-0.9999999999996372	0.9999999999996372	-1.0	0.9999999999998186	-0.9999999999998186
