	Source	Target	SourceType	Weight	ABS_Weight	Sign_Weight	ABSRootWeight	SignedRootWeight
8	Riboflavin	Turicimonas_muris_YL45	Metabolite	126.68907411642762	126.68907411642762	1.0	11.255624110480397	11.255624110480397
50	Turicimonas_muris_YL45	Riboflavin	Microbe	-0.9999999999951167	0.9999999999951167	-1.0	0.9999999999975583	-0.9999999999975583
87	Enterocloster_clostridioformis_YL32	Thiamin-e0	Microbe	-1.0000000000001306	1.0000000000001306	-1.0	1.0000000000000653	-1.0000000000000653
99	Thiamin-e0	Enterocloster_clostridioformis_YL32	Metabolite	253.3781482472997	253.3781482472997	1.0	15.917856270468699	15.917856270468699
