	Source	Target	SourceType	Weight	ABS_Weight	Sign_Weight	ABSRootWeight	SignedRootWeight
46	Akkermansia_muciniphilaYL44	Riboflavin	Microbe	-0.9999999999998191	0.9999999999998191	-1.0	0.9999999999999095	-0.9999999999999095
47	Clostridium_innocuum_I46	Riboflavin	Microbe	-1.0000000000000064	1.0000000000000064	-1.0	1.000000000000003	-1.000000000000003
71	Riboflavin	Clostridium_innocuum_I46	Metabolite	126.68907411864168	126.68907411864168	1.0	11.25562411057875	11.25562411057875
86	Riboflavin	Akkermansia_muciniphilaYL44	Metabolite	126.68907411786326	126.68907411786326	1.0	11.25562411054417	11.25562411054417
