	Source	Target	SourceType	Weight	ABS_Weight	Sign_Weight	ABSRootWeight	SignedRootWeight
36	Muribaculum_intestinale_YL27	PAN	Microbe	-0.9999999999986592	0.9999999999986592	-1.0	0.9999999999993295	-0.9999999999993295
67	PAN	Bacteroides_caecimuris_I48	Metabolite	126.68907411617695	126.68907411617695	1.0	11.255624110469261	11.255624110469261
72	Bacteroides_caecimuris_I48	PAN	Microbe	-0.9999999999999823	0.9999999999999823	-1.0	0.9999999999999911	-0.9999999999999911
93	PAN	Muribaculum_intestinale_YL27	Metabolite	126.68907411746686	126.68907411746686	1.0	11.255624110526561	11.255624110526561
