	Source	Target	SourceType	Weight	ABS_Weight	Sign_Weight	ABSRootWeight	SignedRootWeight
39	Muribaculum_intestinale_YL27	PAN	Microbe	-0.9999999999999726	0.9999999999999726	-1.0	0.9999999999999862	-0.9999999999999862
73	PAN	Bacteroides_caecimuris_I48	Metabolite	126.68907411617695	126.68907411617695	1.0	11.255624110469261	11.255624110469261
78	Bacteroides_caecimuris_I48	PAN	Microbe	-0.9999999999999823	0.9999999999999823	-1.0	0.9999999999999911	-0.9999999999999911
100	PAN	Muribaculum_intestinale_YL27	Metabolite	126.68907411709647	126.68907411709647	1.0	11.255624110510109	11.255624110510109
