	Source	Target	SourceType	Weight	ABS_Weight	Sign_Weight	ABSRootWeight	SignedRootWeight
16	PAN	Blautia_coccoides_YL58	Metabolite	96.79614652167574	96.79614652167574	1.0	9.838503266334557	9.838503266334557
38	Blautia_coccoides_YL58	PAN	Microbe	-0.9999999999999984	0.9999999999999984	-1.0	0.9999999999999992	-0.9999999999999992
49	N-acetyl-D-gluosamine	Enterocloster_clostridioformis_YL32	Metabolite	18.117340654721698	18.117340654721698	1.0	4.256446951944978	4.256446951944978
68	Enterocloster_clostridioformis_YL32	PAN	Microbe	-0.14300633879279667	0.14300633879279667	-1.0	0.37816178917600424	-0.37816178917600424
95	Enterocloster_clostridioformis_YL32	N-acetyl-D-gluosamine	Microbe	-1.0000000000000242	1.0000000000000242	-1.0	1.000000000000012	-1.000000000000012
