	Source	Target	SourceType	Weight	ABS_Weight	Sign_Weight	ABSRootWeight	SignedRootWeight
19	PAN	Blautia_coccoides_YL58	Metabolite	96.79614652174735	96.79614652174735	1.0	9.838503266338195	9.838503266338195
21	Thiamine	Limosilactobacillus_reuteri_I49	Metabolite	193.5922929861275	193.5922929861275	1.0	13.913744750645941	13.913744750645941
45	Blautia_coccoides_YL58	PAN	Microbe	-1.0000000000000049	1.0000000000000049	-1.0	1.0000000000000024	-1.0000000000000024
50	Limosilactobacillus_reuteri_I49	Thiamine	Microbe	-1.0000000000001452	1.0000000000001452	-1.0	1.0000000000000726	-1.0000000000000726
54	Limosilactobacillus_reuteri_I49	PAN	Microbe	-1.999999999525449	1.999999999525449	-1.0	1.414213562205316	-1.414213562205316
