	Source	Target	SourceType	Weight	ABS_Weight	Sign_Weight	ABSRootWeight	SignedRootWeight
12	Thiamine	Limosilactobacillus_reuteri_I49	Metabolite	31.04408470921223	31.04408470921223	1.0	5.571721880102436	5.571721880102436
27	Folate-e0	Limosilactobacillus_reuteri_I49	Metabolite	31.04408470920634	31.04408470920634	1.0	5.571721880101908	5.571721880101908
35	Limosilactobacillus_reuteri_I49	Folate-e0	Microbe	-1.0000000000000118	1.0000000000000118	-1.0	1.0000000000000058	-1.0000000000000058
43	Limosilactobacillus_reuteri_I49	Thiamine	Microbe	-1.000000000000019	1.000000000000019	-1.0	1.0000000000000095	-1.0000000000000095
46	Akkermansia_muciniphilaYL44	Riboflavin	Microbe	-0.999999999999968	0.999999999999968	-1.0	0.999999999999984	-0.999999999999984
57	Riboflavin	Limosilactobacillus_reuteri_I49	Metabolite	93.13225412760966	93.13225412760966	1.0	9.650505381979208	9.650505381979208
60	Limosilactobacillus_reuteri_I49	Riboflavin	Microbe	-0.9999999999999423	0.9999999999999423	-1.0	0.9999999999999711	-0.9999999999999711
95	Riboflavin	Akkermansia_muciniphilaYL44	Metabolite	126.68907411746463	126.68907411746463	1.0	11.255624110526464	11.255624110526464
