	Source	Target	SourceType	Weight	ABS_Weight	Sign_Weight	ABSRootWeight	SignedRootWeight
16	Thiamine	Limosilactobacillus_reuteri_I49	Metabolite	135.56370855287142	135.56370855287142	1.0	11.643182921902044	11.643182921902044
28	Folate-e0	Limosilactobacillus_reuteri_I49	Metabolite	67.78185427640268	67.78185427640268	1.0	8.23297359867033	8.23297359867033
39	Limosilactobacillus_reuteri_I49	Folate-e0	Microbe	-0.9999999999999757	0.9999999999999757	-1.0	0.9999999999999878	-0.9999999999999878
44	Flavonifractor_plautii_YL31	Riboflavin	Microbe	-0.6666666666648497	0.6666666666648497	-1.0	0.8164965809266134	-0.8164965809266134
46	Limosilactobacillus_reuteri_I49	Thiamine	Microbe	-1.0000000000001374	1.0000000000001374	-1.0	1.0000000000000686	-1.0000000000000686
62	Riboflavin	Limosilactobacillus_reuteri_I49	Metabolite	203.34556282935077	203.34556282935077	1.0	14.259928570275195	14.259928570275195
65	Limosilactobacillus_reuteri_I49	Riboflavin	Microbe	-0.9999999999999845	0.9999999999999845	-1.0	0.9999999999999922	-0.9999999999999922
66	Folate-e0	Flavonifractor_plautii_YL31	Metabolite	84.45938274524326	84.45938274524326	1.0	9.190178602467052	9.190178602467052
103	Flavonifractor_plautii_YL31	Folate-e0	Microbe	-1.0000000000002995	1.0000000000002995	-1.0	1.0000000000001497	-1.0000000000001497
