	Source	Target	SourceType	Weight	ABS_Weight	Sign_Weight	ABSRootWeight	SignedRootWeight
1	PAN	Bacteroides_caecimuris_I48	Metabolite	126.68907411569022	126.68907411569022	1.0	11.25562411044764	11.25562411044764
21	Bacteroides_caecimuris_I48	PAN	Microbe	-1.0000000000000513	1.0000000000000513	-1.0	1.0000000000000255	-1.0000000000000255
