	Source	Target	SourceType	Weight	ABS_Weight	Sign_Weight	ABSRootWeight	SignedRootWeight
20	PAN	Clostridium_innocuum_I46	Metabolite	126.68907411310099	126.68907411310099	1.0	11.25562411033262	11.25562411033262
44	Muribaculum_intestinale_YL27	PAN	Microbe	-0.9999999999999094	0.9999999999999094	-1.0	0.9999999999999547	-0.9999999999999547
65	Clostridium_innocuum_I46	PAN	Microbe	-0.9999999999994841	0.9999999999994841	-1.0	0.999999999999742	-0.999999999999742
101	PAN	Muribaculum_intestinale_YL27	Metabolite	126.68907411728722	126.68907411728722	1.0	11.255624110518582	11.255624110518582
