	Source	Target	SourceType	Weight	ABS_Weight	Sign_Weight	ABSRootWeight	SignedRootWeight
26	PAN	Clostridium_innocuum_I46	Metabolite	126.68907411863367	126.68907411863367	1.0	11.255624110578394	11.255624110578394
68	Clostridium_innocuum_I46	PAN	Microbe	-0.9999999999999493	0.9999999999999493	-1.0	0.9999999999999746	-0.9999999999999746
73	Enterocloster_clostridioformis_YL32	PAN	Microbe	-1.0000000000001645	1.0000000000001645	-1.0	1.0000000000000822	-1.0000000000000822
99	PAN	Enterocloster_clostridioformis_YL32	Metabolite	126.68907411979171	126.68907411979171	1.0	11.255624110629837	11.255624110629837
