	Source	Target	SourceType	Weight	ABS_Weight	Sign_Weight	ABSRootWeight	SignedRootWeight
36	D-Glucose	bc1015	Metabolite	0.2787243911686641	0.2787243911686641	1.0	0.5279435492253542	0.5279435492253542
49	bc1009	D-Glucose	Microbe	-0.5488456961569521	0.5488456961569521	-1.0	0.7408412084630229	-0.7408412084630229
57	bc1001	D-Glucose	Microbe	-0.5486868532173556	0.5486868532173556	-1.0	0.7407339962613809	-0.7407339962613809
60	bc1015	D-Glucose	Microbe	-1.0000000000000053	1.0000000000000053	-1.0	1.0000000000000027	-1.0000000000000027
173	O2	bc1001	Metabolite	0.1523613679485789	0.1523613679485789	1.0	0.390334943284071	0.390334943284071
191	bc1009	O2	Microbe	-1.0000000000000036	1.0000000000000036	-1.0	1.0000000000000018	-1.0000000000000018
196	bc1001	O2	Microbe	-0.9999999999999996	0.9999999999999996	-1.0	0.9999999999999998	-0.9999999999999998
197	bc1015	O2	Microbe	-1.818773594206017	1.818773594206017	-1.0	1.3486191434967907	-1.3486191434967907
198	O2	bc1009	Metabolite	0.15319477863953596	0.15319477863953596	1.0	0.3914010457823739	0.3914010457823739
