	Source	Target	SourceType	Weight	ABS_Weight	Sign_Weight	ABSRootWeight	SignedRootWeight
7	Riboflavin	Turicimonas_muris_YL45	Metabolite	126.68907411739643	126.68907411739643	1.0	11.255624110523433	11.255624110523433
26	PAN	Limosilactobacillus_reuteri_I49	Metabolite	96.79614651710727	96.79614651710727	1.0	9.838503266102384	9.838503266102384
42	Turicimonas_muris_YL45	PAN	Microbe	-1.000000000048264	1.000000000048264	-1.0	1.000000000024132	-1.000000000024132
50	Limosilactobacillus_reuteri_I49	PAN	Microbe	-0.9999999999997315	0.9999999999997315	-1.0	0.9999999999998658	-0.9999999999998658
55	Turicimonas_muris_YL45	Riboflavin	Microbe	-0.9999999999997401	0.9999999999997401	-1.0	0.99999999999987	-0.99999999999987
62	Limosilactobacillus_reuteri_I49	Riboflavin	Microbe	-1.0000000000000013	1.0000000000000013	-1.0	1.0000000000000007	-1.0000000000000007
