	Source	Target	SourceType	Weight	ABS_Weight	Sign_Weight	ABSRootWeight	SignedRootWeight
0	Enterococcus_faecalis_KB1	N-Acetyl-D-glucosamine-e0	Microbe	-0.9999999999999993	0.9999999999999993	-1.0	0.9999999999999997	-0.9999999999999997
35	N-Acetyl-D-glucosamine-e0	Enterococcus_faecalis_KB1	Metabolite	4.804135289557864	4.804135289557864	1.0	2.191833773249665	2.191833773249665
67	Acutalibacter_muris_KB1	Pyridoxal	Microbe	-0.9999999999990588	0.9999999999990588	-1.0	0.9999999999995294	-0.9999999999995294
80	Pyridoxal	Acutalibacter_muris_KB1	Metabolite	193.59229303344998	193.59229303344998	1.0	13.913744752346508	13.913744752346508
85	Enterococcus_faecalis_KB1	Pyridoxal	Microbe	-0.02481573627901364	0.02481573627901364	-1.0	0.15753011229289987	-0.15753011229289987
