	Source	Target	Weight	Metabolites	ABSWeight	SignWeight	ABSRootWeight	SignedRootWeight
bc1001->bc1012	bc1001	bc1012	-0.20956932414676513	D-Glucose.O2	0.20956932414676513	-1.0	0.4577874224427372	-0.4577874224427372
bc1012->bc1001	bc1012	bc1001	-0.27768364970870396	D-Glucose	0.27768364970870396	-1.0	0.5269569714015595	-0.5269569714015595
