	Source	Target	SourceType	Weight	ABS_Weight	Sign_Weight	ABSRootWeight	SignedRootWeight
25	Flavonifractor_plautii_YL31	PAN	Microbe	-0.6666666665857696	0.6666666665857696	-1.0	0.8164965808781869	-0.8164965808781869
39	Muribaculum_intestinale_YL27	PAN	Microbe	-1.0000000000001148	1.0000000000001148	-1.0	1.0000000000000573	-1.0000000000000573
55	Folate-e0	Flavonifractor_plautii_YL31	Metabolite	84.45938273867554	84.45938273867554	1.0	9.19017860210973	9.19017860210973
86	Flavonifractor_plautii_YL31	Folate-e0	Microbe	-0.9999999999999419	0.9999999999999419	-1.0	0.9999999999999709	-0.9999999999999709
100	PAN	Muribaculum_intestinale_YL27	Metabolite	126.68907411775712	126.68907411775712	1.0	11.255624110539456	11.255624110539456
