	Source	Target	SourceType	Weight	ABS_Weight	Sign_Weight	ABSRootWeight	SignedRootWeight
28	PAN	Clostridium_innocuum_I46	Metabolite	126.68907411956653	126.68907411956653	1.0	11.255624110619834	11.255624110619834
30	PAN	Limosilactobacillus_reuteri_I49	Metabolite	96.79614651571578	96.79614651571578	1.0	9.838503266031667	9.838503266031667
60	Limosilactobacillus_reuteri_I49	PAN	Microbe	-1.000000000000051	1.000000000000051	-1.0	1.0000000000000255	-1.0000000000000255
81	Clostridium_innocuum_I46	PAN	Microbe	-1.0000000000000107	1.0000000000000107	-1.0	1.0000000000000053	-1.0000000000000053
