	Source	Target	SourceType	Weight	ABS_Weight	Sign_Weight	ABSRootWeight	SignedRootWeight
6	Riboflavin	Turicimonas_muris_YL45	Metabolite	126.68907411739079	126.68907411739079	1.0	11.255624110523183	11.255624110523183
45	Akkermansia_muciniphilaYL44	Riboflavin	Microbe	-0.6666666666708532	0.6666666666708532	-1.0	0.8164965809302898	-0.8164965809302898
46	Folate	Akkermansia_muciniphilaYL44	Metabolite	84.4593827453759	84.4593827453759	1.0	9.190178602474269	9.190178602474269
51	Turicimonas_muris_YL45	Riboflavin	Microbe	-0.9999999999997204	0.9999999999997204	-1.0	0.9999999999998602	-0.9999999999998602
76	Akkermansia_muciniphilaYL44	Folate	Microbe	-0.9999999999999659	0.9999999999999659	-1.0	0.9999999999999829	-0.9999999999999829
85	Turicimonas_muris_YL45	Folate	Microbe	-0.9999999999999978	0.9999999999999978	-1.0	0.9999999999999989	-0.9999999999999989
