	Source	Target	SourceType	Weight	ABS_Weight	Sign_Weight	ABSRootWeight	SignedRootWeight
41	Flavonifractor_plautii_YL31	Riboflavin	Microbe	-0.9999999999999333	0.9999999999999333	-1.0	0.9999999999999666	-0.9999999999999666
46	Akkermansia_muciniphilaYL44	Riboflavin	Microbe	-0.9999999999998976	0.9999999999998976	-1.0	0.9999999999999488	-0.9999999999999488
82	Riboflavin	Flavonifractor_plautii_YL31	Metabolite	126.68907411820473	126.68907411820473	1.0	11.25562411055934	11.25562411055934
94	Riboflavin	Akkermansia_muciniphilaYL44	Metabolite	126.68907411772207	126.68907411772207	1.0	11.2556241105379	11.2556241105379
