	Source	Target	SourceType	Weight	ABS_Weight	Sign_Weight	ABSRootWeight	SignedRootWeight
4	Acutalibacter_muris_KB1	PAN	Microbe	-2.000000000009109	2.000000000009109	-1.0	1.4142135623763157	-1.4142135623763157
23	PAN	Limosilactobacillus_reuteri_I49	Metabolite	96.7961465174754	96.7961465174754	1.0	9.838503266121092	9.838503266121092
41	Limosilactobacillus_reuteri_I49	PAN	Microbe	-0.9999999999999261	0.9999999999999261	-1.0	0.999999999999963	-0.999999999999963
77	Acutalibacter_muris_KB1	Pyridoxal	Microbe	-1.0000000000009885	1.0000000000009885	-1.0	1.0000000000004943	-1.0000000000004943
87	Pyridoxal	Acutalibacter_muris_KB1	Metabolite	193.59229303373968	193.59229303373968	1.0	13.913744752356918	13.913744752356918
