	Source	Target	SourceType	Weight	ABS_Weight	Sign_Weight	ABSRootWeight	SignedRootWeight
25	Muribaculum_intestinale_YL27	Riboflavin	Microbe	-0.9999999999999999	0.9999999999999999	-1.0	0.9999999999999999	-0.9999999999999999
36	Blautia_coccoides_YL58	PAN	Microbe	-0.9999999999929561	0.9999999999929561	-1.0	0.999999999996478	-0.999999999996478
45	Muribaculum_intestinale_YL27	PAN	Microbe	-0.9999999999999498	0.9999999999999498	-1.0	0.9999999999999749	-0.9999999999999749
48	Riboflavin	Blautia_coccoides_YL58	Metabolite	96.79614651681939	96.79614651681939	1.0	9.838503266087754	9.838503266087754
54	Blautia_coccoides_YL58	Riboflavin	Microbe	-1.000000000000009	1.000000000000009	-1.0	1.0000000000000044	-1.0000000000000044
103	PAN	Muribaculum_intestinale_YL27	Metabolite	126.68907411690726	126.68907411690726	1.0	11.255624110501703	11.255624110501703
