	Source	Target	SourceType	Weight	ABS_Weight	Sign_Weight	ABSRootWeight	SignedRootWeight
12	Thiamine	Limosilactobacillus_reuteri_I49	Metabolite	193.59229278899167	193.59229278899167	1.0	13.91374474356173	13.91374474356173
43	Limosilactobacillus_reuteri_I49	Thiamine	Microbe	-1.0000000000000513	1.0000000000000513	-1.0	1.0000000000000255	-1.0000000000000255
47	Muribaculum_intestinale_YL27	PAN	Microbe	-0.9999999999999799	0.9999999999999799	-1.0	0.9999999999999899	-0.9999999999999899
51	Limosilactobacillus_reuteri_I49	PAN	Microbe	-1.9999999974860438	1.9999999974860438	-1.0	1.4142135614842772	-1.4142135614842772
113	PAN	Muribaculum_intestinale_YL27	Metabolite	126.6890741164436	126.6890741164436	1.0	11.255624110481106	11.255624110481106
