	Source	Target	SourceType	Weight	ABS_Weight	Sign_Weight	ABSRootWeight	SignedRootWeight
16	Thiamine	Limosilactobacillus_reuteri_I49	Metabolite	135.5637085416084	135.5637085416084	1.0	11.64318292141837	11.64318292141837
28	Folate-e0	Limosilactobacillus_reuteri_I49	Metabolite	67.78185427080356	67.78185427080356	1.0	8.232973598330288	8.232973598330288
39	Limosilactobacillus_reuteri_I49	Folate-e0	Microbe	-1.0000000000000195	1.0000000000000195	-1.0	1.0000000000000098	-1.0000000000000098
44	Flavonifractor_plautii_YL31	Riboflavin	Microbe	-0.6666666666648497	0.6666666666648497	-1.0	0.8164965809266134	-0.8164965809266134
46	Limosilactobacillus_reuteri_I49	Thiamine	Microbe	-0.9999999999999767	0.9999999999999767	-1.0	0.9999999999999883	-0.9999999999999883
62	Riboflavin	Limosilactobacillus_reuteri_I49	Metabolite	203.34556281239122	203.34556281239122	1.0	14.259928569680538	14.259928569680538
65	Limosilactobacillus_reuteri_I49	Riboflavin	Microbe	-1.0000000000000748	1.0000000000000748	-1.0	1.0000000000000373	-1.0000000000000373
66	Folate-e0	Flavonifractor_plautii_YL31	Metabolite	84.45938274524326	84.45938274524326	1.0	9.190178602467052	9.190178602467052
103	Flavonifractor_plautii_YL31	Folate-e0	Microbe	-1.0000000000002995	1.0000000000002995	-1.0	1.0000000000001497	-1.0000000000001497
