	Source	Target	SourceType	Weight	ABS_Weight	Sign_Weight	ABSRootWeight	SignedRootWeight
15	PAN	Blautia_coccoides_YL58	Metabolite	96.79614657175061	96.79614657175061	1.0	9.838503268879398	9.838503268879398
36	Blautia_coccoides_YL58	PAN	Microbe	-0.9999999999985341	0.9999999999985341	-1.0	0.999999999999267	-0.999999999999267
45	Muribaculum_intestinale_YL27	PAN	Microbe	-0.9999999999999896	0.9999999999999896	-1.0	0.9999999999999948	-0.9999999999999948
101	PAN	Muribaculum_intestinale_YL27	Metabolite	126.68907411717959	126.68907411717959	1.0	11.2556241105138	11.2556241105138
