	IntegralDiff	MaxDiff	MaxTime
bc1003	4.5846090209120096e-05	0.0006807680448795782	0.03218721872187219
bc1009	0.0006973885476438417	0.0010348027135900968	1.4275627562756277
