	IntegralDiff	MaxDiff	MaxTime
bc1015	0.0013753682670726612	0.0011380783340959124	1.0282178217821782
bc1012	0.029141956453990207	0.023179883715436386	1.6455445544554457
