	Source	Target	SourceType	Weight	ABS_Weight	Sign_Weight	ABSRootWeight	SignedRootWeight
9	Putrescine-e0	Flavonifractor_plautii_YL31	Metabolite	126.68907411718178	126.68907411718178	1.0	11.255624110513898	11.255624110513898
21	PAN	Blautia_coccoides_YL58	Metabolite	96.79614652174774	96.79614652174774	1.0	9.838503266338217	9.838503266338217
33	Flavonifractor_plautii_YL31	PAN	Microbe	-0.9999999999841347	0.9999999999841347	-1.0	0.9999999999920673	-0.9999999999920673
41	Blautia_coccoides_YL58	PAN	Microbe	-0.9999999999998702	0.9999999999998702	-1.0	0.999999999999935	-0.999999999999935
65	Flavonifractor_plautii_YL31	Putrescine-e0	Microbe	-0.9999999999999991	0.9999999999999991	-1.0	0.9999999999999996	-0.9999999999999996
