	Source	Target	SourceType	Weight	ABS_Weight	Sign_Weight	ABSRootWeight	SignedRootWeight
22	PAN	Clostridium_innocuum_I46	Metabolite	126.68907411430233	126.68907411430233	1.0	11.255624110385986	11.255624110385986
36	Akkermansia_muciniphilaYL44	PAN	Microbe	-0.9999999999924584	0.9999999999924584	-1.0	0.9999999999962291	-0.9999999999962291
45	Akkermansia_muciniphilaYL44	Riboflavin	Microbe	-0.9999999999999134	0.9999999999999134	-1.0	0.9999999999999567	-0.9999999999999567
46	Clostridium_innocuum_I46	Riboflavin	Microbe	-0.9999999999999992	0.9999999999999992	-1.0	0.9999999999999996	-0.9999999999999996
62	Clostridium_innocuum_I46	PAN	Microbe	-0.9999999999999185	0.9999999999999185	-1.0	0.9999999999999593	-0.9999999999999593
85	Riboflavin	Akkermansia_muciniphilaYL44	Metabolite	126.6890741174535	126.6890741174535	1.0	11.255624110525968	11.255624110525968
