	Source	Target	SourceType	Weight	ABS_Weight	Sign_Weight	ABSRootWeight	SignedRootWeight
6	Riboflavin	Turicimonas_muris_YL45	Metabolite	126.68907411739079	126.68907411739079	1.0	11.255624110523183	11.255624110523183
43	Akkermansia_muciniphilaYL44	Riboflavin	Microbe	-0.9999999999932996	0.9999999999932996	-1.0	0.9999999999966498	-0.9999999999966498
48	Turicimonas_muris_YL45	Riboflavin	Microbe	-0.9999999999997204	0.9999999999997204	-1.0	0.9999999999998602	-0.9999999999998602
85	Riboflavin	Akkermansia_muciniphilaYL44	Metabolite	126.68907412539757	126.68907412539757	1.0	11.255624110878863	11.255624110878863
