	Source	Target	SourceType	Weight	ABS_Weight	Sign_Weight	ABSRootWeight	SignedRootWeight
9	Putrescine-e0	Flavonifractor_plautii_YL31	Metabolite	126.68907411746582	126.68907411746582	1.0	11.255624110526515	11.255624110526515
21	PAN	Blautia_coccoides_YL58	Metabolite	96.79614652174774	96.79614652174774	1.0	9.838503266338217	9.838503266338217
33	Flavonifractor_plautii_YL31	PAN	Microbe	-0.999999999991329	0.999999999991329	-1.0	0.9999999999956645	-0.9999999999956645
41	Blautia_coccoides_YL58	PAN	Microbe	-0.9999999999998702	0.9999999999998702	-1.0	0.999999999999935	-0.999999999999935
65	Flavonifractor_plautii_YL31	Putrescine-e0	Microbe	-1.0000000000000888	1.0000000000000888	-1.0	1.0000000000000444	-1.0000000000000444
