	Source	Target	SourceType	Weight	ABS_Weight	Sign_Weight	ABSRootWeight	SignedRootWeight
24	Muribaculum_intestinale_YL27	Riboflavin	Microbe	-0.9999999999999989	0.9999999999999989	-1.0	0.9999999999999994	-0.9999999999999994
47	Muribaculum_intestinale_YL27	PAN	Microbe	-1.0000000000001064	1.0000000000001064	-1.0	1.000000000000053	-1.000000000000053
51	Limosilactobacillus_reuteri_I49	PAN	Microbe	-1.000000000000909	1.000000000000909	-1.0	1.0000000000004545	-1.0000000000004545
59	Riboflavin	Limosilactobacillus_reuteri_I49	Metabolite	96.79614651624983	96.79614651624983	1.0	9.838503266058808	9.838503266058808
62	Limosilactobacillus_reuteri_I49	Riboflavin	Microbe	-1.0000000000000309	1.0000000000000309	-1.0	1.0000000000000153	-1.0000000000000153
114	PAN	Muribaculum_intestinale_YL27	Metabolite	126.68907411756749	126.68907411756749	1.0	11.255624110531032	11.255624110531032
