	Source	Target	SourceType	Weight	ABS_Weight	Sign_Weight	ABSRootWeight	SignedRootWeight
20	Flavonifractor_plautii_YL31	PAN	Microbe	-1.0000000000041194	1.0000000000041194	-1.0	1.0000000000020597	-1.0000000000020597
33	Flavonifractor_plautii_YL31	Riboflavin	Microbe	-0.9999999999998616	0.9999999999998616	-1.0	0.9999999999999307	-0.9999999999999307
63	Bacteroides_caecimuris_I48	Riboflavin	Microbe	-0.9999999999999984	0.9999999999999984	-1.0	0.9999999999999992	-0.9999999999999992
75	PAN	Bacteroides_caecimuris_I48	Metabolite	126.68907411673533	126.68907411673533	1.0	11.255624110494066	11.255624110494066
81	Riboflavin	Flavonifractor_plautii_YL31	Metabolite	126.6890741187683	126.6890741187683	1.0	11.255624110584375	11.255624110584375
83	Bacteroides_caecimuris_I48	PAN	Microbe	-1.0000000000000204	1.0000000000000204	-1.0	1.0000000000000102	-1.0000000000000102
