	Source	Target	SourceType	Weight	ABS_Weight	Sign_Weight	ABSRootWeight	SignedRootWeight
0	Riboflavin	Bifidobacterium_animalis_YL2	Metabolite	96.79614651512463	96.79614651512463	1.0	9.838503266001625	9.838503266001625
64	Bacteroides_caecimuris_I48	Riboflavin	Microbe	-1.0000000000000002	1.0000000000000002	-1.0	1.0	-1.0
74	Bifidobacterium_animalis_YL2	PAN	Microbe	-0.9999999999758199	0.9999999999758199	-1.0	0.9999999999879099	-0.9999999999879099
78	PAN	Bacteroides_caecimuris_I48	Metabolite	126.68907411585164	126.68907411585164	1.0	11.25562411045481	11.25562411045481
82	Bifidobacterium_animalis_YL2	Riboflavin	Microbe	-0.9999999999998559	0.9999999999998559	-1.0	0.999999999999928	-0.999999999999928
84	Bacteroides_caecimuris_I48	PAN	Microbe	-0.9999999999998952	0.9999999999998952	-1.0	0.9999999999999476	-0.9999999999999476
