	Source	Target	SourceType	Weight	ABS_Weight	Sign_Weight	ABSRootWeight	SignedRootWeight
48	Akkermansia_muciniphilaYL44	Riboflavin	Microbe	-0.9999999999999882	0.9999999999999882	-1.0	0.9999999999999941	-0.9999999999999941
49	Clostridium_innocuum_I46	Riboflavin	Microbe	-1.000000000000039	1.000000000000039	-1.0	1.0000000000000195	-1.0000000000000195
75	Riboflavin	Clostridium_innocuum_I46	Metabolite	126.68907412038436	126.68907412038436	1.0	11.255624110656164	11.255624110656164
93	Riboflavin	Akkermansia_muciniphilaYL44	Metabolite	126.68907411758542	126.68907411758542	1.0	11.255624110531828	11.255624110531828
