	Source	Target	SourceType	Weight	ABS_Weight	Sign_Weight	ABSRootWeight	SignedRootWeight
34	Akkermansia_muciniphilaYL44	PAN	Microbe	-1.0000000000002307	1.0000000000002307	-1.0	1.0000000000001152	-1.0000000000001152
42	PAN	Akkermansia_muciniphilaYL44	Metabolite	126.6890741194635	126.6890741194635	1.0	11.255624110615257	11.255624110615257
64	Enterocloster_clostridioformis_YL32	PAN	Microbe	-1.000000000000436	1.000000000000436	-1.0	1.000000000000218	-1.000000000000218
88	PAN	Enterocloster_clostridioformis_YL32	Metabolite	126.68907411987007	126.68907411987007	1.0	11.255624110633319	11.255624110633319
