	Source	Target	SourceType	Weight	Variance	ABS_Weight	Sign_Weight	ABSRootWeight	SignedRootWeight
12	Pyridoxal	Acutalibacter_muris_KB1	Metabolite	193.59229303371148	0.0	193.59229303371148	1.0	13.913744752355905	13.913744752355905
41	Acutalibacter_muris_KB1	Pyridoxal	Microbe	-1.0000000000009155	0.0	1.0000000000009155	-1.0	1.0000000000004576	-1.0000000000004576
