	Source	Target	SourceType	Weight	ABS_Weight	Sign_Weight	ABSRootWeight	SignedRootWeight
10	Clostridium_innocuum_I46	N-Acetyl-D-glucosamine-e0	Microbe	-0.9999999999999756	0.9999999999999756	-1.0	0.9999999999999878	-0.9999999999999878
30	N-Acetyl-D-glucosamine-e0	Clostridium_innocuum_I46	Metabolite	18.117340654835324	18.117340654835324	1.0	4.256446951958326	4.256446951958326
66	Clostridium_innocuum_I46	PAN	Microbe	-0.14300633879213637	0.14300633879213637	-1.0	0.3781617891751312	-0.3781617891751312
81	PAN	Bacteroides_caecimuris_I48	Metabolite	126.68907411733072	126.68907411733072	1.0	11.255624110520515	11.255624110520515
87	Bacteroides_caecimuris_I48	PAN	Microbe	-1.0000000000001121	1.0000000000001121	-1.0	1.000000000000056	-1.000000000000056
