	Source	Target	SourceType	Weight	ABS_Weight	Sign_Weight	ABSRootWeight	SignedRootWeight
1	Turicimonas_muris_YL45	Pyridoxal	Microbe	-0.9999999999998856	0.9999999999998856	-1.0	0.9999999999999428	-0.9999999999999428
33	Pyridoxal	Turicimonas_muris_YL45	Metabolite	253.37814823640088	253.37814823640088	1.0	15.917856270126354	15.917856270126354
69	Acutalibacter_muris_KB1	Pyridoxal	Microbe	-0.9999999999977376	0.9999999999977376	-1.0	0.9999999999988688	-0.9999999999988688
78	Pyridoxal	Acutalibacter_muris_KB1	Metabolite	193.59229303322115	193.59229303322115	1.0	13.913744752338285	13.913744752338285
