	Source	Target	Weight	Metabolites	ABSWeight	SignWeight	ABSRootWeight	SignedRootWeight
bc1010->bc1008	bc1010	bc1008	-0.057453288118453114	D-Glucose	0.057453288118453114	-1.0	0.23969415536982355	-0.23969415536982355
bc1012->bc1008	bc1012	bc1008	-0.05745328811845347	D-Glucose	0.05745328811845347	-1.0	0.2396941553698243	-0.2396941553698243
bc1008->bc1012	bc1008	bc1012	-0.1714614985190015	D-Glucose	0.1714614985190015	-1.0	0.41407909693559936	-0.41407909693559936
bc1010->bc1012	bc1010	bc1012	-0.17146149851900305	D-Glucose	0.17146149851900305	-1.0	0.41407909693560124	-0.41407909693560124
bc1008->bc1010	bc1008	bc1010	-0.13113491857070117	D-Glucose	0.13113491857070117	-1.0	0.36212555636229427	-0.36212555636229427
bc1012->bc1010	bc1012	bc1010	-0.1311349185707032	D-Glucose	0.1311349185707032	-1.0	0.3621255563622971	-0.3621255563622971
