	Source	Target	SourceType	Weight	ABS_Weight	Sign_Weight	ABSRootWeight	SignedRootWeight
19	Clostridium_innocuum_I46	N-Acetyl-D-glucosamine-e0	Microbe	-1.0000000000000024	1.0000000000000024	-1.0	1.000000000000001	-1.000000000000001
37	N-Acetyl-D-glucosamine-e0	Clostridium_innocuum_I46	Metabolite	18.117340654697074	18.117340654697074	1.0	4.2564469519420856	4.2564469519420856
67	Clostridium_innocuum_I46	PAN	Microbe	-0.14300633879219782	0.14300633879219782	-1.0	0.3781617891752124	-0.3781617891752124
72	Enterocloster_clostridioformis_YL32	PAN	Microbe	-0.9999999999998636	0.9999999999998636	-1.0	0.9999999999999317	-0.9999999999999317
99	PAN	Enterocloster_clostridioformis_YL32	Metabolite	126.68907411981291	126.68907411981291	1.0	11.255624110630778	11.255624110630778
