	Source	Target	SourceType	Weight	ABS_Weight	Sign_Weight	ABSRootWeight	SignedRootWeight
30	PAN	Clostridium_innocuum_I46	Metabolite	126.68907411902462	126.68907411902462	1.0	11.255624110595761	11.255624110595761
33	PAN	Limosilactobacillus_reuteri_I49	Metabolite	96.79614652863941	96.79614652863941	1.0	9.838503266688456	9.838503266688456
58	Limosilactobacillus_reuteri_I49	PAN	Microbe	-1.0000000000009712	1.0000000000009712	-1.0	1.0000000000004856	-1.0000000000004856
80	Clostridium_innocuum_I46	PAN	Microbe	-0.9999999999992201	0.9999999999992201	-1.0	0.99999999999961	-0.99999999999961
