	Source	Target	SourceType	Weight	ABS_Weight	Sign_Weight	ABSRootWeight	SignedRootWeight
16	PAN	Blautia_coccoides_YL58	Metabolite	96.79614652051093	96.79614652051093	1.0	9.83850326627536	9.83850326627536
29	PAN	Limosilactobacillus_reuteri_I49	Metabolite	96.79614651719008	96.79614651719008	1.0	9.838503266106592	9.838503266106592
43	Blautia_coccoides_YL58	PAN	Microbe	-0.9999999999999503	0.9999999999999503	-1.0	0.9999999999999751	-0.9999999999999751
52	Limosilactobacillus_reuteri_I49	PAN	Microbe	-0.9999999999996372	0.9999999999996372	-1.0	0.9999999999998186	-0.9999999999998186
