	Source	Target	SourceType	Weight	ABS_Weight	Sign_Weight	ABSRootWeight	SignedRootWeight
2	Riboflavin	Bifidobacterium_animalis_YL2	Metabolite	96.79614651724023	96.79614651724023	1.0	9.838503266109141	9.838503266109141
12	Thiamine	Limosilactobacillus_reuteri_I49	Metabolite	135.56370855416407	135.56370855416407	1.0	11.643182921957555	11.643182921957555
28	Folate-e0	Limosilactobacillus_reuteri_I49	Metabolite	67.78185427705387	67.78185427705387	1.0	8.232973598709878	8.232973598709878
35	Limosilactobacillus_reuteri_I49	Folate-e0	Microbe	-0.9999999999999585	0.9999999999999585	-1.0	0.9999999999999792	-0.9999999999999792
43	Limosilactobacillus_reuteri_I49	Thiamine	Microbe	-1.0000000000000477	1.0000000000000477	-1.0	1.0000000000000238	-1.0000000000000238
60	Riboflavin	Limosilactobacillus_reuteri_I49	Metabolite	203.34556283130763	203.34556283130763	1.0	14.25992857034381	14.25992857034381
64	Limosilactobacillus_reuteri_I49	Riboflavin	Microbe	-0.999999999999884	0.999999999999884	-1.0	0.9999999999999419	-0.9999999999999419
97	Bifidobacterium_animalis_YL2	Riboflavin	Microbe	-0.9999999999999636	0.9999999999999636	-1.0	0.9999999999999818	-0.9999999999999818
