	Source	Target	SourceType	Weight	ABS_Weight	Sign_Weight	ABSRootWeight	SignedRootWeight
7	bc1008	D-Glucose	Microbe	-0.9999999999999929	0.9999999999999929	-1.0	0.9999999999999964	-0.9999999999999964
11	D-Glucose	bc1001	Metabolite	0.13296422013011458	0.13296422013011458	1.0	0.36464259231487833	0.36464259231487833
54	D-Glucose	bc1009	Metabolite	0.2791217635707357	0.2791217635707357	1.0	0.5283197550449308	0.5283197550449308
71	bc1009	D-Glucose	Microbe	-1.0000000000000047	1.0000000000000047	-1.0	1.0000000000000022	-1.0000000000000022
78	bc1001	D-Glucose	Microbe	-0.9999999999999989	0.9999999999999989	-1.0	0.9999999999999994	-0.9999999999999994
164	D-Glucose	bc1012	Metabolite	0.17147181143935034	0.17147181143935034	1.0	0.41409154958698485	0.41409154958698485
214	D-Glucose	bc1008	Metabolite	0.057453288118452996	0.057453288118452996	1.0	0.2396941553698233	0.2396941553698233
231	bc1012	D-Glucose	Microbe	-1.0000000000000018	1.0000000000000018	-1.0	1.0000000000000009	-1.0000000000000009
