	Source	Target	SourceType	Weight	ABS_Weight	Sign_Weight	ABSRootWeight	SignedRootWeight
0	Riboflavin	Bifidobacterium_animalis_YL2	Metabolite	96.79614651726389	96.79614651726389	1.0	9.838503266110344	9.838503266110344
22	Clostridium_innocuum_I46	Folate-e0	Microbe	-1.0000000000002591	1.0000000000002591	-1.0	1.0000000000001295	-1.0000000000001295
24	Folate-e0	Clostridium_innocuum_I46	Metabolite	84.4593827436259	84.4593827436259	1.0	9.190178602379058	9.190178602379058
47	Clostridium_innocuum_I46	Riboflavin	Microbe	-0.666666666627353	0.666666666627353	-1.0	0.8164965809036514	-0.8164965809036514
89	Bifidobacterium_animalis_YL2	Riboflavin	Microbe	-1.0000000000001228	1.0000000000001228	-1.0	1.0000000000000613	-1.0000000000000613
