	Source	Target	SourceType	Weight	ABS_Weight	Sign_Weight	ABSRootWeight	SignedRootWeight
43	Flavonifractor_plautii_YL31	Riboflavin	Microbe	-1.0000000000001454	1.0000000000001454	-1.0	1.0000000000000726	-1.0000000000000726
48	Akkermansia_muciniphilaYL44	Riboflavin	Microbe	-1.000000000000105	1.000000000000105	-1.0	1.0000000000000524	-1.0000000000000524
85	Riboflavin	Flavonifractor_plautii_YL31	Metabolite	126.6890741186904	126.6890741186904	1.0	11.255624110580914	11.255624110580914
96	Riboflavin	Akkermansia_muciniphilaYL44	Metabolite	126.6890741178722	126.6890741178722	1.0	11.255624110544568	11.255624110544568
