	Source	Target	SourceType	Weight	ABS_Weight	Sign_Weight	ABSRootWeight	SignedRootWeight
9	Putrescine-e0	Flavonifractor_plautii_YL31	Metabolite	126.68907411727899	126.68907411727899	1.0	11.255624110518216	11.255624110518216
21	PAN	Blautia_coccoides_YL58	Metabolite	96.79614652174774	96.79614652174774	1.0	9.838503266338217	9.838503266338217
34	Flavonifractor_plautii_YL31	PAN	Microbe	-0.9999999999921783	0.9999999999921783	-1.0	0.9999999999960891	-0.9999999999960891
42	Blautia_coccoides_YL58	PAN	Microbe	-0.9999999999998702	0.9999999999998702	-1.0	0.999999999999935	-0.999999999999935
66	Flavonifractor_plautii_YL31	Putrescine-e0	Microbe	-0.99999999999956	0.99999999999956	-1.0	0.99999999999978	-0.99999999999978
