	Source	Target	SourceType	Weight	ABS_Weight	Sign_Weight	ABSRootWeight	SignedRootWeight
18	Clostridium_innocuum_I46	N-Acetyl-D-glucosamine-e0	Microbe	-1.0000000000000024	1.0000000000000024	-1.0	1.000000000000001	-1.000000000000001
37	N-Acetyl-D-glucosamine-e0	Clostridium_innocuum_I46	Metabolite	18.117340654659607	18.117340654659607	1.0	4.256446951937685	4.256446951937685
43	Flavonifractor_plautii_YL31	Riboflavin	Microbe	-1.0000000000000036	1.0000000000000036	-1.0	1.0000000000000018	-1.0000000000000018
89	Riboflavin	Flavonifractor_plautii_YL31	Metabolite	126.68907411873926	126.68907411873926	1.0	11.255624110583085	11.255624110583085
