	Source	Target	Weight	Metabolites	ABSWeight	SignWeight	ABSRootWeight	SignedRootWeight
bc1003->bc1011	bc1003	bc1011	-0.27015631706377596	D-Glucose	0.27015631706377596	-1.0	0.5197656366707749	-0.5197656366707749
bc1009->bc1011	bc1009	bc1011	-0.14827413191006608	D-Glucose	0.14827413191006608	-1.0	0.38506380238872895	-0.38506380238872895
bc1003->bc1009	bc1003	bc1009	-0.2789930826943053	O2	0.2789930826943053	-1.0	0.5281979578664663	-0.5281979578664663
bc1011->bc1009	bc1011	bc1009	-0.2708798659193172	O2	0.2708798659193172	-1.0	0.5204612050089009	-0.5204612050089009
bc1009->bc1003	bc1009	bc1003	-0.1529058052313131	D-Glucose	0.1529058052313131	-1.0	0.39103171895808286	-0.39103171895808286
bc1011->bc1003	bc1011	bc1003	-0.27859525236686294	D-Glucose	0.27859525236686294	-1.0	0.527821231447602	-0.527821231447602
