	Source	Target	SourceType	Weight	ABS_Weight	Sign_Weight	ABSRootWeight	SignedRootWeight
17	Acutalibacter_muris_KB1	Riboflavin	Microbe	2.429261364544314	2.429261364544314	1.0	1.5586087913727147	1.5586087913727147
35	Flavonifractor_plautii_YL31	Riboflavin	Microbe	-0.9999999999999504	0.9999999999999504	-1.0	0.9999999999999751	-0.9999999999999751
70	Acutalibacter_muris_KB1	Pyridoxal	Microbe	-1.0000000000009155	1.0000000000009155	-1.0	1.0000000000004576	-1.0000000000004576
82	Riboflavin	Flavonifractor_plautii_YL31	Metabolite	126.68907411807807	126.68907411807807	1.0	11.255624110553713	11.255624110553713
83	Pyridoxal	Acutalibacter_muris_KB1	Metabolite	193.59229303371148	193.59229303371148	1.0	13.913744752355905	13.913744752355905
