	Source	Target	SourceType	Weight	ABS_Weight	Sign_Weight	ABSRootWeight	SignedRootWeight
42	Flavonifractor_plautii_YL31	Riboflavin	Microbe	-1.0000000000000777	1.0000000000000777	-1.0	1.0000000000000389	-1.0000000000000389
47	Akkermansia_muciniphilaYL44	Riboflavin	Microbe	-0.9999999999998976	0.9999999999998976	-1.0	0.9999999999999488	-0.9999999999999488
83	Riboflavin	Flavonifractor_plautii_YL31	Metabolite	126.689074117743	126.689074117743	1.0	11.255624110538829	11.255624110538829
95	Riboflavin	Akkermansia_muciniphilaYL44	Metabolite	126.68907411772207	126.68907411772207	1.0	11.2556241105379	11.2556241105379
