	Source	Target	SourceType	Weight	ABS_Weight	Sign_Weight	ABSRootWeight	SignedRootWeight
16	Thiamine	Limosilactobacillus_reuteri_I49	Metabolite	135.56370855573664	135.56370855573664	1.0	11.643182922025087	11.643182922025087
28	Folate-e0	Limosilactobacillus_reuteri_I49	Metabolite	67.7818542778392	67.7818542778392	1.0	8.232973598757571	8.232973598757571
39	Limosilactobacillus_reuteri_I49	Folate-e0	Microbe	-0.9999999999999473	0.9999999999999473	-1.0	0.9999999999999736	-0.9999999999999736
44	Flavonifractor_plautii_YL31	Riboflavin	Microbe	-0.6666666666648497	0.6666666666648497	-1.0	0.8164965809266134	-0.8164965809266134
46	Limosilactobacillus_reuteri_I49	Thiamine	Microbe	-1.0000000000002476	1.0000000000002476	-1.0	1.0000000000001237	-1.0000000000001237
62	Riboflavin	Limosilactobacillus_reuteri_I49	Metabolite	203.34556283368073	203.34556283368073	1.0	14.259928570427018	14.259928570427018
65	Limosilactobacillus_reuteri_I49	Riboflavin	Microbe	-1.0000000000000193	1.0000000000000193	-1.0	1.0000000000000095	-1.0000000000000095
66	Folate-e0	Flavonifractor_plautii_YL31	Metabolite	84.45938274524326	84.45938274524326	1.0	9.190178602467052	9.190178602467052
103	Flavonifractor_plautii_YL31	Folate-e0	Microbe	-1.0000000000002995	1.0000000000002995	-1.0	1.0000000000001497	-1.0000000000001497
