	Source	Target	SourceType	Weight	ABS_Weight	Sign_Weight	ABSRootWeight	SignedRootWeight
9	Riboflavin	Muribaculum_intestinale_YL27	Metabolite	126.689074117188	126.689074117188	1.0	11.255624110514175	11.255624110514175
47	Muribaculum_intestinale_YL27	Riboflavin	Microbe	-0.9999999999999876	0.9999999999999876	-1.0	0.9999999999999938	-0.9999999999999938
