	Source	Target	SourceType	Weight	ABS_Weight	Sign_Weight	ABSRootWeight	SignedRootWeight
37	Enterococcus_faecalis_KB1	Spermidine-e0	Microbe	-0.999999999999998	0.999999999999998	-1.0	0.999999999999999	-0.999999999999999
64	Riboflavin-e0	Enterococcus_faecalis_KB1	Metabolite	96.79614651906991	96.79614651906991	1.0	9.838503266202126	9.838503266202126
71	Enterococcus_faecalis_KB1	Riboflavin-e0	Microbe	-1.0000000000000808	1.0000000000000808	-1.0	1.0000000000000404	-1.0000000000000404
100	Spermidine-e0	Bacteroides_caecimuris_I48	Metabolite	253.37814819006357	253.37814819006357	1.0	15.91785626867084	15.91785626867084
107	Bacteroides_caecimuris_I48	Spermidine-e0	Microbe	-0.9999999999999972	0.9999999999999972	-1.0	0.9999999999999986	-0.9999999999999986
