	Source	Target	SourceType	Weight	ABS_Weight	Sign_Weight	ABSRootWeight	SignedRootWeight
2	bc1010	D-Glucose	Microbe	-1.0000000000000004	1.0000000000000004	-1.0	1.0000000000000002	-1.0000000000000002
12	bc1002	D-Glucose	Microbe	-1.0000000000000038	1.0000000000000038	-1.0	1.0000000000000018	-1.0000000000000018
110	D-Glucose	bc1002	Metabolite	0.27087086964738327	0.27087086964738327	1.0	0.520452562341068	0.520452562341068
125	D-Glucose	bc1008	Metabolite	0.057453288118452996	0.057453288118452996	1.0	0.2396941553698233	0.2396941553698233
149	D-Glucose	bc1001	Metabolite	0.277683649708704	0.277683649708704	1.0	0.5269569714015595	0.5269569714015595
166	bc1001	D-Glucose	Microbe	-0.9999999999999978	0.9999999999999978	-1.0	0.9999999999999989	-0.9999999999999989
226	bc1008	D-Glucose	Microbe	-0.9999999999999929	0.9999999999999929	-1.0	0.9999999999999964	-0.9999999999999964
251	D-Glucose	bc1010	Metabolite	0.2697048295392189	0.2697048295392189	1.0	0.5193311366933615	0.5193311366933615
