	Source	Target	SourceType	Weight	ABS_Weight	Sign_Weight	ABSRootWeight	SignedRootWeight
17	Enterococcus_faecalis_KB1	PAN	Microbe	-0.9999999978981183	0.9999999978981183	-1.0	0.9999999989490591	-0.9999999989490591
42	Muribaculum_intestinale_YL27	PAN	Microbe	-1.000000000000133	1.000000000000133	-1.0	1.0000000000000664	-1.0000000000000664
66	Riboflavin-e0	Enterococcus_faecalis_KB1	Metabolite	96.79614631476632	96.79614631476632	1.0	9.838503255819267	9.838503255819267
69	Enterococcus_faecalis_KB1	Riboflavin-e0	Microbe	-1.0000000000000042	1.0000000000000042	-1.0	1.000000000000002	-1.000000000000002
106	PAN	Muribaculum_intestinale_YL27	Metabolite	126.68907411848711	126.68907411848711	1.0	11.255624110571883	11.255624110571883
