	Source	Target	Weight	Metabolites	ABSWeight	SignWeight	ABSRootWeight	SignedRootWeight
bc1002->bc1003	bc1002	bc1003	-0.2710052055831226	O2	0.2710052055831226	-1.0	0.5205816031931234	-0.5205816031931234
bc1016->bc1003	bc1016	bc1003	-0.0034292762875456568	O2	0.0034292762875456568	-1.0	0.05856002294693588	-0.05856002294693588
bc1002->bc1016	bc1002	bc1016	-0.05745328770557904	D-Glucose	0.05745328770557904	-1.0	0.23969415450857168	-0.23969415450857168
bc1003->bc1016	bc1003	bc1016	-0.031547533749478725	D-Glucose	0.031547533749478725	-1.0	0.1776162541815324	-0.1776162541815324
bc1003->bc1002	bc1003	bc1002	-0.14873488086081643	D-Glucose	0.14873488086081643	-1.0	0.38566161445082453	-0.38566161445082453
bc1016->bc1002	bc1016	bc1002	-0.27087086964738355	D-Glucose	0.27087086964738355	-1.0	0.5204525623410683	-0.5204525623410683
