	Source	Target	SourceType	Weight	ABS_Weight	Sign_Weight	ABSRootWeight	SignedRootWeight
8	Riboflavin	Turicimonas_muris_YL45	Metabolite	126.68907411842554	126.68907411842554	1.0	11.25562411056915	11.25562411056915
13	Melitose-e0	Limosilactobacillus_reuteri_I49	Metabolite	3.0903794260433455	3.0903794260433455	1.0	1.7579475037791503	1.7579475037791503
59	Turicimonas_muris_YL45	Riboflavin	Microbe	-1.0000000000004512	1.0000000000004512	-1.0	1.0000000000002256	-1.0000000000002256
85	Limosilactobacillus_reuteri_I49	Melitose-e0	Microbe	-1.0000000000000024	1.0000000000000024	-1.0	1.000000000000001	-1.000000000000001
