	Source	Target	SourceType	Weight	ABS_Weight	Sign_Weight	ABSRootWeight	SignedRootWeight
23	Muribaculum_intestinale_YL27	Riboflavin	Microbe	-0.9999999999999634	0.9999999999999634	-1.0	0.9999999999999817	-0.9999999999999817
42	Muribaculum_intestinale_YL27	PAN	Microbe	-0.9999999999999026	0.9999999999999026	-1.0	0.9999999999999513	-0.9999999999999513
60	Riboflavin	Muribaculum_intestinale_YL27	Metabolite	126.68907411710835	126.68907411710835	1.0	11.255624110510636	11.255624110510636
73	Enterocloster_clostridioformis_YL32	PAN	Microbe	-0.9999999999999506	0.9999999999999506	-1.0	0.9999999999999752	-0.9999999999999752
99	PAN	Enterocloster_clostridioformis_YL32	Metabolite	126.68907411980524	126.68907411980524	1.0	11.255624110630437	11.255624110630437
