	Source	Target	SourceType	Weight	ABS_Weight	Sign_Weight	ABSRootWeight	SignedRootWeight
38	Muribaculum_intestinale_YL27	PAN	Microbe	-1.0000000000000788	1.0000000000000788	-1.0	1.0000000000000393	-1.0000000000000393
69	PAN	Bacteroides_caecimuris_I48	Metabolite	126.68907411617695	126.68907411617695	1.0	11.255624110469261	11.255624110469261
74	Bacteroides_caecimuris_I48	PAN	Microbe	-0.9999999999999823	0.9999999999999823	-1.0	0.9999999999999911	-0.9999999999999911
96	PAN	Muribaculum_intestinale_YL27	Metabolite	126.68907411693698	126.68907411693698	1.0	11.255624110503023	11.255624110503023
