	Source	Target	Metabolites	Weight	Variance	ABS_Weight	Sign_Weight	ABSRootWeight	SignedRootWeight
0	bc1002	bc1012	O2	-0.03887860548799203	0.004430692291884033	0.03887860548799203	-1.0	0.19717658453272802	-0.19717658453272802
1	bc1012	bc1002	O2	-0.04572950587323731	0.004892684954659724	0.04572950587323731	-1.0	0.2138445834554556	-0.2138445834554556
2	bc1002	bc1012	O2.D-Glucose	-0.004963814507122186	0.0005626242584923901	0.004963814507122186	-1.0	0.0704543434226889	-0.0704543434226889
3	bc1012	bc1002	D-Glucose	-0.1887977003356321	0.015355597183445821	0.1887977003356321	-1.0	0.43450857337414195	-0.43450857337414195
4	bc1002	bc1012	D-Glucose	-0.11951364102434661	0.006153758148940285	0.11951364102434661	-1.0	0.3457074500561806	-0.3457074500561806
