	Source	Target	SourceType	Weight	ABS_Weight	Sign_Weight	ABSRootWeight	SignedRootWeight
13	PAN	Blautia_coccoides_YL58	Metabolite	96.79614652167574	96.79614652167574	1.0	9.838503266334557	9.838503266334557
34	Blautia_coccoides_YL58	PAN	Microbe	-0.9999999999999984	0.9999999999999984	-1.0	0.9999999999999992	-0.9999999999999992
70	PAN	Bacteroides_caecimuris_I48	Metabolite	126.68907411730311	126.68907411730311	1.0	11.255624110519287	11.255624110519287
76	Bacteroides_caecimuris_I48	PAN	Microbe	-1.000000000000282	1.000000000000282	-1.0	1.000000000000141	-1.000000000000141
