	Source	Target	SourceType	Weight	ABS_Weight	Sign_Weight	ABSRootWeight	SignedRootWeight
30	PAN	Clostridium_innocuum_I46	Metabolite	126.68907412175668	126.68907412175668	1.0	11.255624110717125	11.255624110717125
33	PAN	Limosilactobacillus_reuteri_I49	Metabolite	96.79614652151092	96.79614652151092	1.0	9.83850326632618	9.83850326632618
58	Limosilactobacillus_reuteri_I49	PAN	Microbe	-0.9999999999999308	0.9999999999999308	-1.0	0.9999999999999654	-0.9999999999999654
80	Clostridium_innocuum_I46	PAN	Microbe	-1.0000000000004758	1.0000000000004758	-1.0	1.0000000000002378	-1.0000000000002378
