	Source	Target	SourceType	Weight	ABS_Weight	Sign_Weight	ABSRootWeight	SignedRootWeight
2	bc1002	O2	Microbe	-1.771549917265432	1.771549917265432	-1.0	1.330995836682231	-1.330995836682231
30	bc1002	D-Glucose	Microbe	-1.0000000000000038	1.0000000000000038	-1.0	1.0000000000000018	-1.0000000000000018
49	bc1001	D-Glucose	Microbe	-0.5486868532173556	0.5486868532173556	-1.0	0.7407339962613809	-0.7407339962613809
72	bc1003	O2	Microbe	-1.8211657418871308	1.8211657418871308	-1.0	1.3495057398496424	-1.3495057398496424
110	D-Glucose	bc1002	Metabolite	0.27087086964738327	0.27087086964738327	1.0	0.520452562341068	0.520452562341068
152	bc1003	D-Glucose	Microbe	-1.000000000000002	1.000000000000002	-1.0	1.0000000000000009	-1.0000000000000009
166	O2	bc1001	Metabolite	0.1523613679485789	0.1523613679485789	1.0	0.390334943284071	0.390334943284071
186	D-Glucose	bc1003	Metabolite	0.2785952523668638	0.2785952523668638	1.0	0.5278212314476027	0.5278212314476027
189	bc1001	O2	Microbe	-0.9999999999999996	0.9999999999999996	-1.0	0.9999999999999998	-0.9999999999999998
