	Source	Target	SourceType	Weight	ABS_Weight	Sign_Weight	ABSRootWeight	SignedRootWeight
21	bc1016	O2	Microbe	-0.022417038486068692	0.022417038486068692	-1.0	0.149723206237606	-0.149723206237606
25	O2	bc1015	Metabolite	0.15324853629752633	0.15324853629752633	1.0	0.3914697131292871	0.3914697131292871
31	O2	bc1011	Metabolite	0.15278557913560206	0.15278557913560206	1.0	0.3908779593883519	0.3908779593883519
49	bc1015	D-Glucose	Microbe	-0.5498210459980584	0.5498210459980584	-1.0	0.7414991881304108	-0.7414991881304108
52	bc1016	D-Glucose	Microbe	-1.000000000000001	1.000000000000001	-1.0	1.0000000000000004	-1.0000000000000004
90	bc1011	O2	Microbe	-0.9999999999999967	0.9999999999999967	-1.0	0.9999999999999983	-0.9999999999999983
152	D-Glucose	bc1016	Metabolite	0.05745328770557882	0.05745328770557882	1.0	0.23969415450857123	0.23969415450857123
173	bc1011	D-Glucose	Microbe	-0.5655450918052501	0.5655450918052501	-1.0	0.7520273211827149	-0.7520273211827149
195	bc1015	O2	Microbe	-1.0	1.0	-1.0	1.0	-1.0
