	Source	Target	SourceType	Weight	ABS_Weight	Sign_Weight	ABSRootWeight	SignedRootWeight
16	PAN	Blautia_coccoides_YL58	Metabolite	96.79614652167574	96.79614652167574	1.0	9.838503266334557	9.838503266334557
39	Blautia_coccoides_YL58	PAN	Microbe	-0.9999999999999984	0.9999999999999984	-1.0	0.9999999999999992	-0.9999999999999992
50	N-acetyl-D-gluosamine	Enterocloster_clostridioformis_YL32	Metabolite	18.117340654840763	18.117340654840763	1.0	4.256446951958965	4.256446951958965
68	Enterocloster_clostridioformis_YL32	PAN	Microbe	-0.14300633879450603	0.14300633879450603	-1.0	0.3781617891782643	-0.3781617891782643
93	Enterocloster_clostridioformis_YL32	N-acetyl-D-gluosamine	Microbe	-0.9999999999999587	0.9999999999999587	-1.0	0.9999999999999793	-0.9999999999999793
