	Source	Target	SourceType	Weight	ABS_Weight	Sign_Weight	ABSRootWeight	SignedRootWeight
25	Muribaculum_intestinale_YL27	Riboflavin	Microbe	-0.9999999999999999	0.9999999999999999	-1.0	0.9999999999999999	-0.9999999999999999
36	Blautia_coccoides_YL58	PAN	Microbe	-1.0000000000226548	1.0000000000226548	-1.0	1.0000000000113274	-1.0000000000113274
45	Muribaculum_intestinale_YL27	PAN	Microbe	-0.9999999999999498	0.9999999999999498	-1.0	0.9999999999999749	-0.9999999999999749
48	Riboflavin	Blautia_coccoides_YL58	Metabolite	96.79614651783066	96.79614651783066	1.0	9.838503266139147	9.838503266139147
55	Blautia_coccoides_YL58	Riboflavin	Microbe	-1.0000000000001878	1.0000000000001878	-1.0	1.000000000000094	-1.000000000000094
105	PAN	Muribaculum_intestinale_YL27	Metabolite	126.68907411690726	126.68907411690726	1.0	11.255624110501703	11.255624110501703
