	Source	Target	SourceType	Weight	ABS_Weight	Sign_Weight	ABSRootWeight	SignedRootWeight
25	PAN	Clostridium_innocuum_I46	Metabolite	126.6890741104065	126.6890741104065	1.0	11.255624110212924	11.255624110212924
28	PAN	Limosilactobacillus_reuteri_I49	Metabolite	96.79614651708684	96.79614651708684	1.0	9.838503266101345	9.838503266101345
53	Limosilactobacillus_reuteri_I49	PAN	Microbe	-0.9999999999998157	0.9999999999998157	-1.0	0.9999999999999079	-0.9999999999999079
74	Clostridium_innocuum_I46	PAN	Microbe	-1.0000000000000608	1.0000000000000608	-1.0	1.0000000000000304	-1.0000000000000304
