	Source	Target	SourceType	Weight	ABS_Weight	Sign_Weight	ABSRootWeight	SignedRootWeight
28	Muribaculum_intestinale_YL27	PAN	Microbe	-0.9999999999997566	0.9999999999997566	-1.0	0.9999999999998783	-0.9999999999998783
54	PAN	Bacteroides_caecimuris_I48	Metabolite	126.68907411730311	126.68907411730311	1.0	11.255624110519287	11.255624110519287
58	Bacteroides_caecimuris_I48	PAN	Microbe	-1.000000000000282	1.000000000000282	-1.0	1.000000000000141	-1.000000000000141
76	PAN	Muribaculum_intestinale_YL27	Metabolite	126.68907411835552	126.68907411835552	1.0	11.255624110566039	11.255624110566039
