	Source	Target	SourceType	Weight	Variance	ABS_Weight	Sign_Weight	ABSRootWeight	SignedRootWeight
3	Turicimonas_muris_YL45	Pyridoxal	Microbe	-0.5946344357270957	0.03836154143947744	0.5946344357270957	-1.0	0.7711254344962925	-0.7711254344962925
6	Riboflavin	Turicimonas_muris_YL45	Metabolite	102.71077603341291	2462.8296041868316	102.71077603341291	1.0	10.134632506085897	10.134632506085897
36	Turicimonas_muris_YL45	Riboflavin	Microbe	-1.1892688714618216	0.15344616576035727	1.1892688714618216	-1.0	1.0905360477590007	-1.0905360477590007
50	Riboflavin-e0	Enterococcus_faecalis_KB1	Metabolite	74.72847667230583	1649.0833516200032	74.72847667230583	1.0	8.644563417102441	8.644563417102441
55	Enterococcus_faecalis_KB1	Riboflavin-e0	Microbe	-15.83639323244481	1943.3833586218097	15.83639323244481	-1.0	3.979496605406871	-3.979496605406871
66	Enterococcus_faecalis_KB1	Pyridoxal	Microbe	-0.613990435816221	0.04400139843870583	0.613990435816221	-1.0	0.7835754180780693	-0.7835754180780693
109	Pyridoxal	Enterococcus_faecalis_KB1	Metabolite	44.135339697897635	6596.333405674534	44.135339697897635	1.0	6.643443361533056	6.643443361533056
110	Pyridoxal	Turicimonas_muris_YL45	Metabolite	47.95659616879277	9851.318416923485	47.95659616879277	1.0	6.925070120135447	6.925070120135447
