	Source	Target	SourceType	Weight	ABS_Weight	Sign_Weight	ABSRootWeight	SignedRootWeight
20	Clostridium_innocuum_I46	PAN	Microbe	-0.9999999999997735	0.9999999999997735	-1.0	0.9999999999998868	-0.9999999999998868
37	PAN	Clostridium_innocuum_I46	Metabolite	126.68907411675025	126.68907411675025	1.0	11.255624110494729	11.255624110494729
