	Source	Target	Weight	Metabolites	ABSWeight	SignWeight	ABSRootWeight	SignedRootWeight
bc1010->bc1002	bc1010	bc1002	-0.2708708696473838	D-Glucose	0.2708708696473838	-1.0	0.5204525623410685	-0.5204525623410685
bc1002->bc1010	bc1002	bc1010	-0.1311349185707026	D-Glucose	0.1311349185707026	-1.0	0.36212555636229626	-0.36212555636229626
