	Source	Target	SourceType	Weight	ABS_Weight	Sign_Weight	ABSRootWeight	SignedRootWeight
15	PAN	Blautia_coccoides_YL58	Metabolite	96.79614651632477	96.79614651632477	1.0	9.838503266062617	9.838503266062617
21	Enterococcus_faecalis_KB1	PAN	Microbe	-0.9999999999998562	0.9999999999998562	-1.0	0.9999999999999281	-0.9999999999999281
33	PAN	Enterococcus_faecalis_KB1	Metabolite	96.79614651652125	96.79614651652125	1.0	9.838503266072602	9.838503266072602
44	Blautia_coccoides_YL58	PAN	Microbe	-0.9999999999999435	0.9999999999999435	-1.0	0.9999999999999717	-0.9999999999999717
