	Source	Target	SourceType	Weight	ABS_Weight	Sign_Weight	ABSRootWeight	SignedRootWeight
18	PAN	Blautia_coccoides_YL58	Metabolite	96.79614652163562	96.79614652163562	1.0	9.838503266332518	9.838503266332518
28	PAN	Clostridium_innocuum_I46	Metabolite	126.68907412016924	126.68907412016924	1.0	11.255624110646608	11.255624110646608
46	Blautia_coccoides_YL58	PAN	Microbe	-0.999999999999811	0.999999999999811	-1.0	0.9999999999999055	-0.9999999999999055
71	Clostridium_innocuum_I46	PAN	Microbe	-1.000000000000078	1.000000000000078	-1.0	1.0000000000000389	-1.0000000000000389
