	Source	Target	SourceType	Weight	ABS_Weight	Sign_Weight	ABSRootWeight	SignedRootWeight
60	Riboflavin-e0	Enterococcus_faecalis_KB1	Metabolite	96.79614652427797	96.79614652427797	1.0	9.838503266466804	9.838503266466804
64	Enterococcus_faecalis_KB1	Riboflavin-e0	Microbe	-1.000000000000098	1.000000000000098	-1.0	1.0000000000000488	-1.0000000000000488
68	Acutalibacter_muris_KB1	Pyridoxal	Microbe	-0.9999999999990588	0.9999999999990588	-1.0	0.9999999999995294	-0.9999999999995294
81	Pyridoxal	Acutalibacter_muris_KB1	Metabolite	193.59229303344998	193.59229303344998	1.0	13.913744752346508	13.913744752346508
86	Enterococcus_faecalis_KB1	Pyridoxal	Microbe	-0.5000000000357102	0.5000000000357102	-1.0	0.7071067812117985	-0.7071067812117985
