	Source	Target	SourceType	Weight	ABS_Weight	Sign_Weight	ABSRootWeight	SignedRootWeight
43	Flavonifractor_plautii_YL31	Riboflavin	Microbe	-0.9999999999999987	0.9999999999999987	-1.0	0.9999999999999993	-0.9999999999999993
66	Riboflavin-e0	Enterococcus_faecalis_KB1	Metabolite	96.79614652206305	96.79614652206305	1.0	9.838503266354241	9.838503266354241
72	Enterococcus_faecalis_KB1	Riboflavin-e0	Microbe	-0.9999999999999089	0.9999999999999089	-1.0	0.9999999999999544	-0.9999999999999544
91	Riboflavin	Flavonifractor_plautii_YL31	Metabolite	126.68907411801752	126.68907411801752	1.0	11.255624110551024	11.255624110551024
