	Source	Target	SourceType	Weight	ABS_Weight	Sign_Weight	ABSRootWeight	SignedRootWeight
19	Clostridium_innocuum_I46	N-Acetyl-D-glucosamine-e0	Microbe	-0.9999999999999946	0.9999999999999946	-1.0	0.9999999999999972	-0.9999999999999972
38	N-Acetyl-D-glucosamine-e0	Clostridium_innocuum_I46	Metabolite	18.11734065471037	18.11734065471037	1.0	4.256446951943648	4.256446951943648
70	Clostridium_innocuum_I46	PAN	Microbe	-0.14300633879206184	0.14300633879206184	-1.0	0.3781617891750326	-0.3781617891750326
75	Enterocloster_clostridioformis_YL32	PAN	Microbe	-1.0000000000003166	1.0000000000003166	-1.0	1.0000000000001583	-1.0000000000001583
102	PAN	Enterocloster_clostridioformis_YL32	Metabolite	126.68907411985191	126.68907411985191	1.0	11.255624110632512	11.255624110632512
