	Source	Target	SourceType	Weight	ABS_Weight	Sign_Weight	ABSRootWeight	SignedRootWeight
8	Riboflavin	Muribaculum_intestinale_YL27	Metabolite	126.68907411855758	126.68907411855758	1.0	11.255624110575015	11.255624110575015
43	Muribaculum_intestinale_YL27	Riboflavin	Microbe	-0.9999999999999645	0.9999999999999645	-1.0	0.9999999999999822	-0.9999999999999822
