	Source	Target	SourceType	Weight	ABS_Weight	Sign_Weight	ABSRootWeight	SignedRootWeight
20	PAN	Clostridium_innocuum_I46	Metabolite	126.68907411766521	126.68907411766521	1.0	11.255624110535374	11.255624110535374
45	Muribaculum_intestinale_YL27	PAN	Microbe	-1.0000000000000815	1.0000000000000815	-1.0	1.0000000000000406	-1.0000000000000406
67	Clostridium_innocuum_I46	PAN	Microbe	-0.999999999999986	0.999999999999986	-1.0	0.999999999999993	-0.999999999999993
103	PAN	Muribaculum_intestinale_YL27	Metabolite	126.68907411844015	126.68907411844015	1.0	11.255624110569798	11.255624110569798
