	Source	Target	SourceType	Weight	ABS_Weight	Sign_Weight	ABSRootWeight	SignedRootWeight
37	Muribaculum_intestinale_YL27	PAN	Microbe	-0.9999999999998741	0.9999999999998741	-1.0	0.999999999999937	-0.999999999999937
69	PAN	Bacteroides_caecimuris_I48	Metabolite	126.68907411554659	126.68907411554659	1.0	11.255624110441259	11.255624110441259
74	Bacteroides_caecimuris_I48	PAN	Microbe	-1.0000000000000062	1.0000000000000062	-1.0	1.000000000000003	-1.000000000000003
96	PAN	Muribaculum_intestinale_YL27	Metabolite	126.68907411771096	126.68907411771096	1.0	11.255624110537406	11.255624110537406
