	Source	Target	SourceType	Weight	ABS_Weight	Sign_Weight	ABSRootWeight	SignedRootWeight
47	Akkermansia_muciniphilaYL44	Riboflavin	Microbe	-0.999999999999968	0.999999999999968	-1.0	0.999999999999984	-0.999999999999984
59	Riboflavin	Limosilactobacillus_reuteri_I49	Metabolite	96.7961465167365	96.7961465167365	1.0	9.83850326608354	9.83850326608354
62	Limosilactobacillus_reuteri_I49	Riboflavin	Microbe	-0.9999999999998159	0.9999999999998159	-1.0	0.999999999999908	-0.999999999999908
101	Riboflavin	Akkermansia_muciniphilaYL44	Metabolite	126.68907411746463	126.68907411746463	1.0	11.255624110526464	11.255624110526464
