	IntegralDiff	MaxDiff	MaxTime
bc1003	0.012308232146290378	0.007739949418710604	1.6462926292629263
bc1016	0.00325186810808332	0.0020323999545192708	0.9286268626862686
bc1012	0.10774315290827255	0.06452341280008539	0.622932293229323
bc1011	0.012173585924423334	0.007650974003798685	1.0438593859385938
