	Source	Target	SourceType	Weight	ABS_Weight	Sign_Weight	ABSRootWeight	SignedRootWeight
20	PAN	Clostridium_innocuum_I46	Metabolite	126.68907414419272	126.68907414419272	1.0	11.255624111713784	11.255624111713784
45	Muribaculum_intestinale_YL27	PAN	Microbe	-0.9999999999999726	0.9999999999999726	-1.0	0.9999999999999862	-0.9999999999999862
66	Clostridium_innocuum_I46	PAN	Microbe	-1.0000000000013451	1.0000000000013451	-1.0	1.0000000000006726	-1.0000000000006726
105	PAN	Muribaculum_intestinale_YL27	Metabolite	126.68907411762852	126.68907411762852	1.0	11.255624110533743	11.255624110533743
