	Source	Target	Weight	Metabolites	ABSWeight	SignWeight	ABSRootWeight	SignedRootWeight
bc1002->bc1001	bc1002	bc1001	-0.15236136794857927	O2	0.15236136794857927	-1.0	0.3903349432840714	-0.3903349432840714
bc1010->bc1001	bc1010	bc1001	-0.15236136794857924	O2	0.15236136794857924	-1.0	0.3903349432840714	-0.3903349432840714
bc1001->bc1002	bc1001	bc1002	-0.15290050085943938	O2	0.15290050085943938	-1.0	0.3910249363652392	-0.3910249363652392
bc1010->bc1002	bc1010	bc1002	-0.15290050085943976	O2	0.15290050085943976	-1.0	0.3910249363652397	-0.3910249363652397
bc1001->bc1010	bc1001	bc1010	-0.15252946972194503	O2	0.15252946972194503	-1.0	0.3905502140851353	-0.3905502140851353
bc1002->bc1010	bc1002	bc1010	-0.15252946972194545	O2	0.15252946972194545	-1.0	0.39055021408513585	-0.39055021408513585
