	Source	Target	SourceType	Weight	Variance	ABS_Weight	Sign_Weight	ABSRootWeight	SignedRootWeight
23	PAN	Blautia_coccoides_YL58	Metabolite	96.79614652104927	4.3606972540578304e-20	96.79614652104927	1.0	9.83850326630272	9.83850326630272
24	Blautia_coccoides_YL58	PAN	Microbe	-1.000000000000021	5.666486489815681e-29	1.000000000000021	-1.0	1.0000000000000104	-1.0000000000000104
