	Source	Target	Weight	Metabolites	ABSWeight	SignWeight	ABSRootWeight	SignedRootWeight
bc1002->bc1001	bc1002	bc1001	-0.269915768783753	O2	0.269915768783753	-1.0	0.5195341844226932	-0.5195341844226932
bc1003->bc1001	bc1003	bc1001	-0.15236136794857968	O2	0.15236136794857968	-1.0	0.390334943284072	-0.390334943284072
bc1001->bc1002	bc1001	bc1002	-0.14862328509507122	D-Glucose	0.14862328509507122	-1.0	0.3855169063673748	-0.3855169063673748
bc1003->bc1002	bc1003	bc1002	-0.14873488086081643	D-Glucose	0.14873488086081643	-1.0	0.38566161445082453	-0.38566161445082453
bc1001->bc1003	bc1001	bc1003	-0.15297633046741727	O2	0.15297633046741727	-1.0	0.3911218869705674	-0.3911218869705674
bc1002->bc1003	bc1002	bc1003	-0.2710052055831226	O2	0.2710052055831226	-1.0	0.5205816031931234	-0.5205816031931234
