	Source	Target	SourceType	Weight	ABS_Weight	Sign_Weight	ABSRootWeight	SignedRootWeight
0	Riboflavin	Bifidobacterium_animalis_YL2	Metabolite	96.79614651726389	96.79614651726389	1.0	9.838503266110344	9.838503266110344
23	Clostridium_innocuum_I46	Folate-e0	Microbe	-1.0000000000001665	1.0000000000001665	-1.0	1.0000000000000833	-1.0000000000000833
25	Folate-e0	Clostridium_innocuum_I46	Metabolite	84.4593827440619	84.4593827440619	1.0	9.19017860240278	9.19017860240278
49	Clostridium_innocuum_I46	Riboflavin	Microbe	-0.6666666666340677	0.6666666666340677	-1.0	0.8164965809077633	-0.8164965809077633
90	Bifidobacterium_animalis_YL2	Riboflavin	Microbe	-1.0000000000001228	1.0000000000001228	-1.0	1.0000000000000613	-1.0000000000000613
