	Source	Target	SourceType	Weight	ABS_Weight	Sign_Weight	ABSRootWeight	SignedRootWeight
16	Thiamine	Limosilactobacillus_reuteri_I49	Metabolite	135.56370855235838	135.56370855235838	1.0	11.643182921880012	11.643182921880012
28	Folate-e0	Limosilactobacillus_reuteri_I49	Metabolite	67.78185427614558	67.78185427614558	1.0	8.232973598654716	8.232973598654716
39	Limosilactobacillus_reuteri_I49	Folate-e0	Microbe	-0.9999999999999558	0.9999999999999558	-1.0	0.9999999999999779	-0.9999999999999779
44	Flavonifractor_plautii_YL31	Riboflavin	Microbe	-0.6666666666648497	0.6666666666648497	-1.0	0.8164965809266134	-0.8164965809266134
46	Limosilactobacillus_reuteri_I49	Thiamine	Microbe	-1.000000000000055	1.000000000000055	-1.0	1.0000000000000275	-1.0000000000000275
62	Riboflavin	Limosilactobacillus_reuteri_I49	Metabolite	203.34556282857565	203.34556282857565	1.0	14.259928570248016	14.259928570248016
65	Limosilactobacillus_reuteri_I49	Riboflavin	Microbe	-1.0000000000002225	1.0000000000002225	-1.0	1.0000000000001112	-1.0000000000001112
66	Folate-e0	Flavonifractor_plautii_YL31	Metabolite	84.45938274524326	84.45938274524326	1.0	9.190178602467052	9.190178602467052
103	Flavonifractor_plautii_YL31	Folate-e0	Microbe	-1.0000000000002995	1.0000000000002995	-1.0	1.0000000000001497	-1.0000000000001497
