	Source	Target	Weight	Metabolites	ABSWeight	SignWeight	ABSRootWeight	SignedRootWeight
bc1001->bc1010	bc1001	bc1010	-0.14798349421739732	D-Glucose	0.14798349421739732	-1.0	0.38468622826583915	-0.38468622826583915
bc1009->bc1010	bc1009	bc1010	-0.2697048295392868	D-Glucose	0.2697048295392868	-1.0	0.5193311366934269	-0.5193311366934269
bc1009->bc1001	bc1009	bc1001	-0.1523613679485772	O2	0.1523613679485772	-1.0	0.39033494328406876	-0.39033494328406876
bc1010->bc1001	bc1010	bc1001	-0.269407589535608	O2	0.269407589535608	-1.0	0.5190448820050227	-0.5190448820050227
bc1001->bc1009	bc1001	bc1009	-0.15269659945725755	D-Glucose.O2	0.15269659945725755	-1.0	0.39076412253078907	-0.39076412253078907
bc1010->bc1009	bc1010	bc1009	-0.36347438584213876	D-Glucose.O2	0.36347438584213876	-1.0	0.602888369304085	-0.602888369304085
