	Source	Target	Weight	Metabolites	ABSWeight	SignWeight	ABSRootWeight	SignedRootWeight
bc1016->bc1001	bc1016	bc1001	-0.0034154906490933665	O2	0.0034154906490933665	-1.0	0.05844219921506519	-0.05844219921506519
bc1001->bc1016	bc1001	bc1016	-0.03152386363816543	D-Glucose	0.03152386363816543	-1.0	0.1775496089496269	-0.1775496089496269
