	Source	Target	SourceType	Weight	ABS_Weight	Sign_Weight	ABSRootWeight	SignedRootWeight
16	PAN	Limosilactobacillus_reuteri_I49	Metabolite	96.7961465162783	96.7961465162783	1.0	9.838503266060254	9.838503266060254
46	Limosilactobacillus_reuteri_I49	PAN	Microbe	-1.0000000000000455	1.0000000000000455	-1.0	1.0000000000000226	-1.0000000000000226
89	PAN	Bacteroides_caecimuris_I48	Metabolite	126.68907411586125	126.68907411586125	1.0	11.255624110455237	11.255624110455237
92	Bacteroides_caecimuris_I48	PAN	Microbe	-0.9999999999999617	0.9999999999999617	-1.0	0.9999999999999808	-0.9999999999999808
