	Source	Target	SourceType	Weight	ABS_Weight	Sign_Weight	ABSRootWeight	SignedRootWeight
29	Flavonifractor_plautii_YL31	PAN	Microbe	-0.9999999999864131	0.9999999999864131	-1.0	0.9999999999932065	-0.9999999999932065
40	Flavonifractor_plautii_YL31	Riboflavin	Microbe	-0.9999999999998117	0.9999999999998117	-1.0	0.9999999999999059	-0.9999999999999059
67	Enterocloster_clostridioformis_YL32	PAN	Microbe	-1.000000000000266	1.000000000000266	-1.0	1.000000000000133	-1.000000000000133
78	Riboflavin	Flavonifractor_plautii_YL31	Metabolite	126.68907412120681	126.68907412120681	1.0	11.255624110692699	11.255624110692699
94	PAN	Enterocloster_clostridioformis_YL32	Metabolite	126.68907411984387	126.68907411984387	1.0	11.255624110632153	11.255624110632153
