	Source	Target	SourceType	Weight	ABS_Weight	Sign_Weight	ABSRootWeight	SignedRootWeight
15	Riboflavin	Flavonifractor_plautii_YL31	Metabolite	126.68907411767073	126.68907411767073	1.0	11.255624110535619	11.255624110535619
27	Flavonifractor_plautii_YL31	Riboflavin	Microbe	-0.9999999999998497	0.9999999999998497	-1.0	0.9999999999999248	-0.9999999999999248
