	Source	Target	SourceType	Weight	ABS_Weight	Sign_Weight	ABSRootWeight	SignedRootWeight
23	Muribaculum_intestinale_YL27	Riboflavin	Microbe	-0.9999999999999964	0.9999999999999964	-1.0	0.9999999999999982	-0.9999999999999982
41	Muribaculum_intestinale_YL27	PAN	Microbe	-1.000000000004536	1.000000000004536	-1.0	1.000000000002268	-1.000000000002268
57	Riboflavin	Muribaculum_intestinale_YL27	Metabolite	126.68907411774384	126.68907411774384	1.0	11.255624110538866	11.255624110538866
68	Enterocloster_clostridioformis_YL32	PAN	Microbe	-0.9999999999999506	0.9999999999999506	-1.0	0.9999999999999752	-0.9999999999999752
94	PAN	Enterocloster_clostridioformis_YL32	Metabolite	126.68907411980524	126.68907411980524	1.0	11.255624110630437	11.255624110630437
