	Source	Target	SourceType	Weight	ABS_Weight	Sign_Weight	ABSRootWeight	SignedRootWeight
22	PAN	Clostridium_innocuum_I46	Metabolite	126.68907411825079	126.68907411825079	1.0	11.255624110561385	11.255624110561385
31	Flavonifractor_plautii_YL31	PAN	Microbe	-0.9999999999974205	0.9999999999974205	-1.0	0.9999999999987103	-0.9999999999987103
42	Flavonifractor_plautii_YL31	Riboflavin	Microbe	-1.0000000000001725	1.0000000000001725	-1.0	1.0000000000000862	-1.0000000000000862
50	Clostridium_innocuum_I46	Riboflavin	Microbe	-0.9999999999999996	0.9999999999999996	-1.0	0.9999999999999998	-0.9999999999999998
65	Clostridium_innocuum_I46	PAN	Microbe	-1.0000000000000968	1.0000000000000968	-1.0	1.0000000000000484	-1.0000000000000484
87	Riboflavin	Flavonifractor_plautii_YL31	Metabolite	126.68907411768168	126.68907411768168	1.0	11.255624110536106	11.255624110536106
