	Source	Target	SourceType	Weight	ABS_Weight	Sign_Weight	ABSRootWeight	SignedRootWeight
30	PAN	Clostridium_innocuum_I46	Metabolite	126.68907411828165	126.68907411828165	1.0	11.255624110562756	11.255624110562756
33	PAN	Limosilactobacillus_reuteri_I49	Metabolite	96.79614652150373	96.79614652150373	1.0	9.838503266325814	9.838503266325814
58	Limosilactobacillus_reuteri_I49	PAN	Microbe	-1.000000000000132	1.000000000000132	-1.0	1.000000000000066	-1.000000000000066
80	Clostridium_innocuum_I46	PAN	Microbe	-0.9999999999999961	0.9999999999999961	-1.0	0.999999999999998	-0.999999999999998
