	Source	Target	SourceType	Weight	ABS_Weight	Sign_Weight	ABSRootWeight	SignedRootWeight
20	Flavonifractor_plautii_YL31	PAN	Microbe	-0.9999999999953577	0.9999999999953577	-1.0	0.9999999999976789	-0.9999999999976789
34	Flavonifractor_plautii_YL31	Riboflavin	Microbe	-1.000000000000602	1.000000000000602	-1.0	1.0000000000003009	-1.0000000000003009
64	Bacteroides_caecimuris_I48	Riboflavin	Microbe	-0.9999999999999994	0.9999999999999994	-1.0	0.9999999999999997	-0.9999999999999997
76	PAN	Bacteroides_caecimuris_I48	Metabolite	126.68907411731047	126.68907411731047	1.0	11.255624110519614	11.255624110519614
82	Riboflavin	Flavonifractor_plautii_YL31	Metabolite	126.68907412228546	126.68907412228546	1.0	11.255624110740616	11.255624110740616
84	Bacteroides_caecimuris_I48	PAN	Microbe	-0.9999999999999688	0.9999999999999688	-1.0	0.9999999999999843	-0.9999999999999843
