	Source	Target	SourceType	Weight	ABS_Weight	Sign_Weight	ABSRootWeight	SignedRootWeight
44	Akkermansia_muciniphilaYL44	Riboflavin	Microbe	-0.9999999999994187	0.9999999999994187	-1.0	0.9999999999997093	-0.9999999999997093
61	Riboflavin-e0	Enterococcus_faecalis_KB1	Metabolite	96.79614654386455	96.79614654386455	1.0	9.838503267462208	9.838503267462208
65	Enterococcus_faecalis_KB1	Riboflavin-e0	Microbe	-0.9999999999999347	0.9999999999999347	-1.0	0.9999999999999674	-0.9999999999999674
94	Riboflavin	Akkermansia_muciniphilaYL44	Metabolite	126.68907411739914	126.68907411739914	1.0	11.255624110523554	11.255624110523554
