	Source	Target	SourceType	Weight	ABS_Weight	Sign_Weight	ABSRootWeight	SignedRootWeight
8	Riboflavin	Turicimonas_muris_YL45	Metabolite	126.68907411994051	126.68907411994051	1.0	11.255624110636447	11.255624110636447
51	Turicimonas_muris_YL45	Riboflavin	Microbe	-1.0000000000023417	1.0000000000023417	-1.0	1.0000000000011708	-1.0000000000011708
89	Enterocloster_clostridioformis_YL32	Thiamin-e0	Microbe	-1.0000000000001306	1.0000000000001306	-1.0	1.0000000000000653	-1.0000000000000653
101	Thiamin-e0	Enterocloster_clostridioformis_YL32	Metabolite	253.3781482472997	253.3781482472997	1.0	15.917856270468699	15.917856270468699
