	Source	Target	SourceType	Weight	ABS_Weight	Sign_Weight	ABSRootWeight	SignedRootWeight
30	PAN	Clostridium_innocuum_I46	Metabolite	126.68907412172311	126.68907412172311	1.0	11.255624110715635	11.255624110715635
33	PAN	Limosilactobacillus_reuteri_I49	Metabolite	96.7961465214953	96.7961465214953	1.0	9.838503266325386	9.838503266325386
58	Limosilactobacillus_reuteri_I49	PAN	Microbe	-0.9999999999999645	0.9999999999999645	-1.0	0.9999999999999822	-0.9999999999999822
80	Clostridium_innocuum_I46	PAN	Microbe	-0.9999999999999195	0.9999999999999195	-1.0	0.9999999999999597	-0.9999999999999597
