	Source	Target	SourceType	Weight	ABS_Weight	Sign_Weight	ABSRootWeight	SignedRootWeight
9	Putrescine-e0	Flavonifractor_plautii_YL31	Metabolite	126.68907411735196	126.68907411735196	1.0	11.255624110521458	11.255624110521458
21	PAN	Blautia_coccoides_YL58	Metabolite	96.79614652174774	96.79614652174774	1.0	9.838503266338217	9.838503266338217
33	Flavonifractor_plautii_YL31	PAN	Microbe	-0.9999999999974629	0.9999999999974629	-1.0	0.9999999999987315	-0.9999999999987315
41	Blautia_coccoides_YL58	PAN	Microbe	-0.9999999999998702	0.9999999999998702	-1.0	0.999999999999935	-0.999999999999935
64	Flavonifractor_plautii_YL31	Putrescine-e0	Microbe	-0.9999999999998792	0.9999999999998792	-1.0	0.9999999999999396	-0.9999999999999396
