	Source	Target	SourceType	Weight	ABS_Weight	Sign_Weight	ABSRootWeight	SignedRootWeight
3	Riboflavin	Bacteroides_caecimuris_I48	Metabolite	126.68907411758086	126.68907411758086	1.0	11.255624110531626	11.255624110531626
14	Clostridium_innocuum_I46	Folate-e0	Microbe	-0.9999999999999916	0.9999999999999916	-1.0	0.9999999999999958	-0.9999999999999958
17	Folate-e0	Clostridium_innocuum_I46	Metabolite	84.4593827401211	84.4593827401211	1.0	9.190178602188377	9.190178602188377
45	Clostridium_innocuum_I46	Riboflavin	Microbe	-0.6666666666219507	0.6666666666219507	-1.0	0.8164965809003433	-0.8164965809003433
70	Bacteroides_caecimuris_I48	Riboflavin	Microbe	-1.0000000000000138	1.0000000000000138	-1.0	1.0000000000000069	-1.0000000000000069
