	Source	Target	SourceType	Weight	ABS_Weight	Sign_Weight	ABSRootWeight	SignedRootWeight
3	Limosilactobacillus_reuteri_I49	Cytosine	Microbe	-0.9999999999999999	0.9999999999999999	-1.0	0.9999999999999999	-0.9999999999999999
74	Riboflavin-e0	Enterococcus_faecalis_KB1	Metabolite	96.79614598697577	96.79614598697577	1.0	9.83850323916071	9.83850323916071
79	Enterococcus_faecalis_KB1	Riboflavin-e0	Microbe	-0.9999999999984613	0.9999999999984613	-1.0	0.9999999999992306	-0.9999999999992306
90	Enterococcus_faecalis_KB1	Cytosine	Microbe	-6.580314049821132	6.580314049821132	-1.0	2.56521228162917	-2.56521228162917
96	Cytosine	Limosilactobacillus_reuteri_I49	Metabolite	0.5498248331021707	0.5498248331021707	1.0	0.7415017418065656	0.7415017418065656
