	Source	Target	SourceType	Weight	ABS_Weight	Sign_Weight	ABSRootWeight	SignedRootWeight
33	bc1001	D-Glucose	Microbe	-0.5486868532173556	0.5486868532173556	-1.0	0.7407339962613809	-0.7407339962613809
58	bc1012	O2	Microbe	-0.9999999999999928	0.9999999999999928	-1.0	0.9999999999999963	-0.9999999999999963
74	O2	bc1012	Metabolite	0.04345627411196768	0.04345627411196768	1.0	0.20846168499742987	0.20846168499742987
77	D-Glucose	bc1012	Metabolite	0.130368822335666	0.130368822335666	1.0	0.36106622984663905	0.36106622984663905
111	O2	bc1001	Metabolite	0.1523613679485789	0.1523613679485789	1.0	0.390334943284071	0.390334943284071
112	bc1012	D-Glucose	Microbe	-0.9999999999999998	0.9999999999999998	-1.0	0.9999999999999999	-0.9999999999999999
129	bc1001	O2	Microbe	-0.9999999999999996	0.9999999999999996	-1.0	0.9999999999999998	-0.9999999999999998
