	Source	Target	SourceType	Weight	ABS_Weight	Sign_Weight	ABSRootWeight	SignedRootWeight
18	Clostridium_innocuum_I46	N-Acetyl-D-glucosamine-e0	Microbe	-0.9999999999999948	0.9999999999999948	-1.0	0.9999999999999973	-0.9999999999999973
37	N-Acetyl-D-glucosamine-e0	Clostridium_innocuum_I46	Metabolite	18.117340654680348	18.117340654680348	1.0	4.256446951940121	4.256446951940121
69	Clostridium_innocuum_I46	PAN	Microbe	-0.14300633879151517	0.14300633879151517	-1.0	0.37816178917430987	-0.37816178917430987
74	Enterocloster_clostridioformis_YL32	PAN	Microbe	-1.000000000000287	1.000000000000287	-1.0	1.0000000000001434	-1.0000000000001434
100	PAN	Enterocloster_clostridioformis_YL32	Metabolite	126.68907411983177	126.68907411983177	1.0	11.255624110631617	11.255624110631617
