	Source	Target	SourceType	Weight	ABS_Weight	Sign_Weight	ABSRootWeight	SignedRootWeight
29	Flavonifractor_plautii_YL31	PAN	Microbe	-0.9999999999762761	0.9999999999762761	-1.0	0.999999999988138	-0.999999999988138
40	Flavonifractor_plautii_YL31	Riboflavin	Microbe	-1.0000000000001594	1.0000000000001594	-1.0	1.0000000000000797	-1.0000000000000797
68	Enterocloster_clostridioformis_YL32	PAN	Microbe	-1.000000000000266	1.000000000000266	-1.0	1.000000000000133	-1.000000000000133
79	Riboflavin	Flavonifractor_plautii_YL31	Metabolite	126.68907411954049	126.68907411954049	1.0	11.255624110618678	11.255624110618678
95	PAN	Enterocloster_clostridioformis_YL32	Metabolite	126.68907411984387	126.68907411984387	1.0	11.255624110632153	11.255624110632153
