	Source	Target	SourceType	Weight	ABS_Weight	Sign_Weight	ABSRootWeight	SignedRootWeight
3	Riboflavin	Bacteroides_caecimuris_I48	Metabolite	126.68907411756285	126.68907411756285	1.0	11.255624110530826	11.255624110530826
46	Clostridium_innocuum_I46	Riboflavin	Microbe	-0.9999999999999825	0.9999999999999825	-1.0	0.9999999999999912	-0.9999999999999912
72	Bacteroides_caecimuris_I48	Riboflavin	Microbe	-0.999999999999877	0.999999999999877	-1.0	0.9999999999999385	-0.9999999999999385
82	Riboflavin	Clostridium_innocuum_I46	Metabolite	126.68907411866293	126.68907411866293	1.0	11.255624110579694	11.255624110579694
