	Source	Target	SourceType	Weight	ABS_Weight	Sign_Weight	ABSRootWeight	SignedRootWeight
6	Riboflavin	Turicimonas_muris_YL45	Metabolite	126.68907411739079	126.68907411739079	1.0	11.255624110523183	11.255624110523183
44	Akkermansia_muciniphilaYL44	Riboflavin	Microbe	-0.6666666666345338	0.6666666666345338	-1.0	0.8164965809080488	-0.8164965809080488
45	Folate	Akkermansia_muciniphilaYL44	Metabolite	84.45938274108087	84.45938274108087	1.0	9.190178602240593	9.190178602240593
50	Turicimonas_muris_YL45	Riboflavin	Microbe	-0.9999999999997204	0.9999999999997204	-1.0	0.9999999999998602	-0.9999999999998602
74	Akkermansia_muciniphilaYL44	Folate	Microbe	-1.000000000000243	1.000000000000243	-1.0	1.0000000000001215	-1.0000000000001215
83	Turicimonas_muris_YL45	Folate	Microbe	-0.9999999999999978	0.9999999999999978	-1.0	0.9999999999999989	-0.9999999999999989
