	Source	Target	SourceType	Weight	ABS_Weight	Sign_Weight	ABSRootWeight	SignedRootWeight
49	Riboflavin-e0	Enterococcus_faecalis_KB1	Metabolite	96.7961465236372	96.7961465236372	1.0	9.83850326643424	9.83850326643424
53	Enterococcus_faecalis_KB1	Riboflavin-e0	Microbe	-1.0000000000000593	1.0000000000000593	-1.0	1.0000000000000295	-1.0000000000000295
57	Acutalibacter_muris_KB1	Pyridoxal	Microbe	-0.9999999999990588	0.9999999999990588	-1.0	0.9999999999995294	-0.9999999999995294
69	Pyridoxal	Acutalibacter_muris_KB1	Metabolite	193.59229303344998	193.59229303344998	1.0	13.913744752346508	13.913744752346508
73	Enterococcus_faecalis_KB1	Pyridoxal	Microbe	-0.5000000000359511	0.5000000000359511	-1.0	0.7071067812119688	-0.7071067812119688
