	Source	Target	SourceType	Weight	Variance	ABS_Weight	Sign_Weight	ABSRootWeight	SignedRootWeight
3	Riboflavin	Bifidobacterium_animalis_YL2	Metabolite	93.25896308010861	12.054457763477942	93.25896308010861	1.0	9.657068037458814	9.657068037458814
6	Riboflavin	Turicimonas_muris_YL45	Metabolite	122.05952520704662	20.649515558682346	122.05952520704662	1.0	11.048055268102464	11.048055268102464
39	Turicimonas_muris_YL45	Riboflavin	Microbe	-0.9634573940758633	0.0012865644386396845	0.9634573940758633	-1.0	0.9815586554434041	-0.9815586554434041
66	Bifidobacterium_animalis_YL2	Riboflavin	Microbe	-0.9634573940761156	0.0012865644386403745	0.9634573940761156	-1.0	0.9815586554435326	-0.9815586554435326
