	Source	Target	SourceType	Weight	ABS_Weight	Sign_Weight	ABSRootWeight	SignedRootWeight
15	PAN	Blautia_coccoides_YL58	Metabolite	96.79614652170616	96.79614652170616	1.0	9.838503266336103	9.838503266336103
23	PAN	Clostridium_innocuum_I46	Metabolite	126.68907411693637	126.68907411693637	1.0	11.255624110502996	11.255624110502996
40	Blautia_coccoides_YL58	PAN	Microbe	-0.9999999999997771	0.9999999999997771	-1.0	0.9999999999998885	-0.9999999999998885
64	Clostridium_innocuum_I46	PAN	Microbe	-1.0000000000000884	1.0000000000000884	-1.0	1.0000000000000442	-1.0000000000000442
