	Source	Target	SourceType	Weight	ABS_Weight	Sign_Weight	ABSRootWeight	SignedRootWeight
6	Riboflavin	Turicimonas_muris_YL45	Metabolite	126.68907411748705	126.68907411748705	1.0	11.255624110527458	11.255624110527458
27	Turicimonas_muris_YL45	PAN	Microbe	-1.0000000000479108	1.0000000000479108	-1.0	1.0000000000239553	-1.0000000000239553
34	Turicimonas_muris_YL45	Riboflavin	Microbe	-1.000000000000344	1.000000000000344	-1.0	1.0000000000001719	-1.0000000000001719
50	Bacteroides_caecimuris_I48	Riboflavin	Microbe	-0.9999999999999992	0.9999999999999992	-1.0	0.9999999999999996	-0.9999999999999996
57	PAN	Bacteroides_caecimuris_I48	Metabolite	126.68907411729847	126.68907411729847	1.0	11.255624110519081	11.255624110519081
62	Bacteroides_caecimuris_I48	PAN	Microbe	-1.0000000000002573	1.0000000000002573	-1.0	1.0000000000001286	-1.0000000000001286
