	Source	Target	SourceType	Weight	ABS_Weight	Sign_Weight	ABSRootWeight	SignedRootWeight
13	Enterococcus_faecalis_KB1	PAN	Microbe	-1.0000000001218836	1.0000000001218836	-1.0	1.0000000000609417	-1.0000000000609417
38	Muribaculum_intestinale_YL27	PAN	Microbe	-0.9999999999998986	0.9999999999998986	-1.0	0.9999999999999493	-0.9999999999999493
62	Riboflavin-e0	Enterococcus_faecalis_KB1	Metabolite	96.7961465311724	96.7961465311724	1.0	9.838503266817185	9.838503266817185
65	Enterococcus_faecalis_KB1	Riboflavin-e0	Microbe	-0.9999999999999907	0.9999999999999907	-1.0	0.9999999999999953	-0.9999999999999953
101	PAN	Muribaculum_intestinale_YL27	Metabolite	126.68907411771707	126.68907411771707	1.0	11.255624110537678	11.255624110537678
