	Source	Target	Weight	Metabolites	ABSWeight	SignWeight	ABSRootWeight	SignedRootWeight
bc1001->bc1002	bc1001	bc1002	-0.27087086964738266	D-Glucose	0.27087086964738266	-1.0	0.5204525623410674	-0.5204525623410674
bc1002->bc1001	bc1002	bc1001	-0.27768364970870507	D-Glucose	0.27768364970870507	-1.0	0.5269569714015605	-0.5269569714015605
