	Source	Target	SourceType	Weight	ABS_Weight	Sign_Weight	ABSRootWeight	SignedRootWeight
30	PAN	Clostridium_innocuum_I46	Metabolite	126.68907411683378	126.68907411683378	1.0	11.25562411049844	11.25562411049844
32	PAN	Limosilactobacillus_reuteri_I49	Metabolite	96.79614651694435	96.79614651694435	1.0	9.838503266094104	9.838503266094104
60	Limosilactobacillus_reuteri_I49	PAN	Microbe	-1.000000000000016	1.000000000000016	-1.0	1.000000000000008	-1.000000000000008
82	Clostridium_innocuum_I46	PAN	Microbe	-0.999999999999823	0.999999999999823	-1.0	0.9999999999999115	-0.9999999999999115
