	Source	Target	SourceType	Weight	ABS_Weight	Sign_Weight	ABSRootWeight	SignedRootWeight
18	PAN	Blautia_coccoides_YL58	Metabolite	96.79614652174735	96.79614652174735	1.0	9.838503266338195	9.838503266338195
20	Thiamine	Limosilactobacillus_reuteri_I49	Metabolite	193.59229303314757	193.59229303314757	1.0	13.91374475233564	13.91374475233564
44	Blautia_coccoides_YL58	PAN	Microbe	-1.0000000000000049	1.0000000000000049	-1.0	1.0000000000000024	-1.0000000000000024
49	Limosilactobacillus_reuteri_I49	Thiamine	Microbe	-0.9999999999998007	0.9999999999998007	-1.0	0.9999999999999003	-0.9999999999999003
53	Limosilactobacillus_reuteri_I49	PAN	Microbe	-1.9999999999915758	1.9999999999915758	-1.0	1.4142135623701166	-1.4142135623701166
