	Source	Target	SourceType	Weight	ABS_Weight	Sign_Weight	ABSRootWeight	SignedRootWeight
19	Acutalibacter_muris_KB1	Riboflavin	Microbe	1.7625946978759786	1.7625946978759786	1.0	1.3276274695395462	1.3276274695395462
48	Riboflavin	Limosilactobacillus_reuteri_I49	Metabolite	96.79614651615333	96.79614651615333	1.0	9.838503266053904	9.838503266053904
54	Limosilactobacillus_reuteri_I49	Riboflavin	Microbe	-0.999999999999942	0.999999999999942	-1.0	0.999999999999971	-0.999999999999971
79	Acutalibacter_muris_KB1	Pyridoxal	Microbe	-0.9999999999988	0.9999999999988	-1.0	0.9999999999993999	-0.9999999999993999
88	Pyridoxal	Acutalibacter_muris_KB1	Metabolite	193.59229303336076	193.59229303336076	1.0	13.913744752343302	13.913744752343302
