	Source	Target	SourceType	Weight	ABS_Weight	Sign_Weight	ABSRootWeight	SignedRootWeight
27	PAN	Clostridium_innocuum_I46	Metabolite	126.68907411769358	126.68907411769358	1.0	11.255624110536633	11.255624110536633
30	PAN	Limosilactobacillus_reuteri_I49	Metabolite	96.79614651724737	96.79614651724737	1.0	9.838503266109504	9.838503266109504
55	Limosilactobacillus_reuteri_I49	PAN	Microbe	-1.0000000000000582	1.0000000000000582	-1.0	1.000000000000029	-1.000000000000029
77	Clostridium_innocuum_I46	PAN	Microbe	-1.0000000000000007	1.0000000000000007	-1.0	1.0000000000000002	-1.0000000000000002
