	Source	Target	SourceType	Weight	ABS_Weight	Sign_Weight	ABSRootWeight	SignedRootWeight
20	Flavonifractor_plautii_YL31	PAN	Microbe	-1.0000000000038953	1.0000000000038953	-1.0	1.0000000000019476	-1.0000000000019476
33	Flavonifractor_plautii_YL31	Riboflavin	Microbe	-0.9999999999999478	0.9999999999999478	-1.0	0.9999999999999739	-0.9999999999999739
63	Bacteroides_caecimuris_I48	Riboflavin	Microbe	-1.0	1.0	-1.0	1.0	-1.0
74	PAN	Bacteroides_caecimuris_I48	Metabolite	126.68907411725456	126.68907411725456	1.0	11.25562411051713	11.25562411051713
81	Riboflavin	Flavonifractor_plautii_YL31	Metabolite	126.6890741173045	126.6890741173045	1.0	11.25562411051935	11.25562411051935
83	Bacteroides_caecimuris_I48	PAN	Microbe	-1.000000000000006	1.000000000000006	-1.0	1.0000000000000029	-1.0000000000000029
