	Source	Target	SourceType	Weight	ABS_Weight	Sign_Weight	ABSRootWeight	SignedRootWeight
27	PAN	Clostridium_innocuum_I46	Metabolite	126.68907411769358	126.68907411769358	1.0	11.255624110536633	11.255624110536633
30	PAN	Limosilactobacillus_reuteri_I49	Metabolite	96.79614651722532	96.79614651722532	1.0	9.838503266108383	9.838503266108383
55	Limosilactobacillus_reuteri_I49	PAN	Microbe	-0.9999999999999787	0.9999999999999787	-1.0	0.9999999999999893	-0.9999999999999893
77	Clostridium_innocuum_I46	PAN	Microbe	-1.0000000000000007	1.0000000000000007	-1.0	1.0000000000000002	-1.0000000000000002
