	Source	Target	SourceType	Weight	ABS_Weight	Sign_Weight	ABSRootWeight	SignedRootWeight
25	Enterococcus_faecalis_KB1	PAN	Microbe	-1.000000000035141	1.000000000035141	-1.0	1.0000000000175704	-1.0000000000175704
64	Riboflavin-e0	Enterococcus_faecalis_KB1	Metabolite	96.79614651991177	96.79614651991177	1.0	9.83850326624491	9.83850326624491
67	Enterocloster_clostridioformis_YL32	PAN	Microbe	-1.0000000000001201	1.0000000000001201	-1.0	1.00000000000006	-1.00000000000006
70	Enterococcus_faecalis_KB1	Riboflavin-e0	Microbe	-0.9999999999999567	0.9999999999999567	-1.0	0.9999999999999784	-0.9999999999999784
102	PAN	Enterocloster_clostridioformis_YL32	Metabolite	126.6890741198708	126.6890741198708	1.0	11.25562411063335	11.25562411063335
