	Source	Target	SourceType	Weight	ABS_Weight	Sign_Weight	ABSRootWeight	SignedRootWeight
32	Akkermansia_muciniphilaYL44	PAN	Microbe	-1.0000000000069864	1.0000000000069864	-1.0	1.0000000000034932	-1.0000000000034932
43	Akkermansia_muciniphilaYL44	Riboflavin	Microbe	-1.0000000000000033	1.0000000000000033	-1.0	1.0000000000000016	-1.0000000000000016
60	Enterocloster_clostridioformis_YL32	PAN	Microbe	-1.0000000000005405	1.0000000000005405	-1.0	1.0000000000002702	-1.0000000000002702
81	Riboflavin	Akkermansia_muciniphilaYL44	Metabolite	126.68907411699925	126.68907411699925	1.0	11.25562411050579	11.25562411050579
84	PAN	Enterocloster_clostridioformis_YL32	Metabolite	126.68907411986153	126.68907411986153	1.0	11.255624110632938	11.255624110632938
