	Source	Target	SourceType	Weight	ABS_Weight	Sign_Weight	ABSRootWeight	SignedRootWeight
18	PAN	Blautia_coccoides_YL58	Metabolite	96.79614651616475	96.79614651616475	1.0	9.838503266054484	9.838503266054484
30	PAN	Limosilactobacillus_reuteri_I49	Metabolite	96.79614651672817	96.79614651672817	1.0	9.838503266083118	9.838503266083118
44	Blautia_coccoides_YL58	PAN	Microbe	-0.9999999999997745	0.9999999999997745	-1.0	0.9999999999998872	-0.9999999999998872
53	Limosilactobacillus_reuteri_I49	PAN	Microbe	-0.9999999999999702	0.9999999999999702	-1.0	0.9999999999999851	-0.9999999999999851
