	Source	Target	SourceType	Weight	ABS_Weight	Sign_Weight	ABSRootWeight	SignedRootWeight
26	PAN	Limosilactobacillus_reuteri_I49	Metabolite	96.79614651719008	96.79614651719008	1.0	9.838503266106592	9.838503266106592
52	Limosilactobacillus_reuteri_I49	PAN	Microbe	-0.9999999999996372	0.9999999999996372	-1.0	0.9999999999998186	-0.9999999999998186
76	Enterocloster_clostridioformis_YL32	PAN	Microbe	-1.000000000000266	1.000000000000266	-1.0	1.000000000000133	-1.000000000000133
101	PAN	Enterocloster_clostridioformis_YL32	Metabolite	126.68907411984387	126.68907411984387	1.0	11.255624110632153	11.255624110632153
