	Source	Target	SourceType	Weight	ABS_Weight	Sign_Weight	ABSRootWeight	SignedRootWeight
29	Flavonifractor_plautii_YL31	PAN	Microbe	-0.9999999999723911	0.9999999999723911	-1.0	0.9999999999861955	-0.9999999999861955
40	Flavonifractor_plautii_YL31	Riboflavin	Microbe	-1.0000000000005722	1.0000000000005722	-1.0	1.000000000000286	-1.000000000000286
68	Enterocloster_clostridioformis_YL32	PAN	Microbe	-1.000000000000266	1.000000000000266	-1.0	1.000000000000133	-1.000000000000133
79	Riboflavin	Flavonifractor_plautii_YL31	Metabolite	126.68907411810565	126.68907411810565	1.0	11.255624110554939	11.255624110554939
95	PAN	Enterocloster_clostridioformis_YL32	Metabolite	126.68907411984387	126.68907411984387	1.0	11.255624110632153	11.255624110632153
