	Source	Target	SourceType	Weight	ABS_Weight	Sign_Weight	ABSRootWeight	SignedRootWeight
19	PAN	Blautia_coccoides_YL58	Metabolite	96.79614652174774	96.79614652174774	1.0	9.838503266338217	9.838503266338217
32	Flavonifractor_plautii_YL31	PAN	Microbe	-0.9999999999901702	0.9999999999901702	-1.0	0.999999999995085	-0.999999999995085
40	Blautia_coccoides_YL58	PAN	Microbe	-0.9999999999998702	0.9999999999998702	-1.0	0.999999999999935	-0.999999999999935
41	Flavonifractor_plautii_YL31	Riboflavin	Microbe	-1.0000000000001354	1.0000000000001354	-1.0	1.0000000000000677	-1.0000000000000677
54	Blautia_coccoides_YL58	Riboflavin	Microbe	-0.9999999999999997	0.9999999999999997	-1.0	0.9999999999999998	-0.9999999999999998
84	Riboflavin	Flavonifractor_plautii_YL31	Metabolite	126.68907411831607	126.68907411831607	1.0	11.255624110564286	11.255624110564286
