	Source	Target	SourceType	Weight	ABS_Weight	Sign_Weight	ABSRootWeight	SignedRootWeight
21	Clostridium_innocuum_I46	PAN	Microbe	-0.9999999999998209	0.9999999999998209	-1.0	0.9999999999999104	-0.9999999999999104
37	PAN	Clostridium_innocuum_I46	Metabolite	126.68907411722167	126.68907411722167	1.0	11.25562411051567	11.25562411051567
