	Source	Target	SourceType	Weight	ABS_Weight	Sign_Weight	ABSRootWeight	SignedRootWeight
38	Muribaculum_intestinale_YL27	PAN	Microbe	-0.999999999999925	0.999999999999925	-1.0	0.9999999999999625	-0.9999999999999625
69	PAN	Bacteroides_caecimuris_I48	Metabolite	126.68907411617695	126.68907411617695	1.0	11.255624110469261	11.255624110469261
74	Bacteroides_caecimuris_I48	PAN	Microbe	-0.9999999999999823	0.9999999999999823	-1.0	0.9999999999999911	-0.9999999999999911
95	PAN	Muribaculum_intestinale_YL27	Metabolite	126.68907411716799	126.68907411716799	1.0	11.255624110513285	11.255624110513285
