	Source	Target	SourceType	Weight	ABS_Weight	Sign_Weight	ABSRootWeight	SignedRootWeight
16	Thiamine	Limosilactobacillus_reuteri_I49	Metabolite	135.5637085472873	135.5637085472873	1.0	11.643182921662241	11.643182921662241
28	Folate-e0	Limosilactobacillus_reuteri_I49	Metabolite	67.78185427363134	67.78185427363134	1.0	8.232973598502022	8.232973598502022
39	Limosilactobacillus_reuteri_I49	Folate-e0	Microbe	-0.9999999999999745	0.9999999999999745	-1.0	0.9999999999999872	-0.9999999999999872
44	Flavonifractor_plautii_YL31	Riboflavin	Microbe	-0.6666666666648497	0.6666666666648497	-1.0	0.8164965809266134	-0.8164965809266134
46	Limosilactobacillus_reuteri_I49	Thiamine	Microbe	-0.999999999999949	0.999999999999949	-1.0	0.9999999999999745	-0.9999999999999745
62	Riboflavin	Limosilactobacillus_reuteri_I49	Metabolite	203.34556282094903	203.34556282094903	1.0	14.259928569980602	14.259928569980602
65	Limosilactobacillus_reuteri_I49	Riboflavin	Microbe	-0.9999999999998931	0.9999999999998931	-1.0	0.9999999999999465	-0.9999999999999465
66	Folate-e0	Flavonifractor_plautii_YL31	Metabolite	84.45938274524326	84.45938274524326	1.0	9.190178602467052	9.190178602467052
103	Flavonifractor_plautii_YL31	Folate-e0	Microbe	-1.0000000000002995	1.0000000000002995	-1.0	1.0000000000001497	-1.0000000000001497
