	Source	Target	SourceType	Weight	ABS_Weight	Sign_Weight	ABSRootWeight	SignedRootWeight
45	Clostridium_innocuum_I46	Riboflavin	Microbe	-0.9999999999999822	0.9999999999999822	-1.0	0.9999999999999911	-0.9999999999999911
65	Clostridium_innocuum_I46	PAN	Microbe	-1.0000000000105445	1.0000000000105445	-1.0	1.0000000000052722	-1.0000000000052722
70	Bacteroides_caecimuris_I48	Riboflavin	Microbe	-0.9999999999999998	0.9999999999999998	-1.0	0.9999999999999999	-0.9999999999999999
80	Riboflavin	Clostridium_innocuum_I46	Metabolite	126.68907411888576	126.68907411888576	1.0	11.255624110589592	11.255624110589592
82	PAN	Bacteroides_caecimuris_I48	Metabolite	126.68907411634663	126.68907411634663	1.0	11.255624110476798	11.255624110476798
89	Bacteroides_caecimuris_I48	PAN	Microbe	-0.9999999999998748	0.9999999999998748	-1.0	0.9999999999999374	-0.9999999999999374
