	Source	Target	SourceType	Weight	ABS_Weight	Sign_Weight	ABSRootWeight	SignedRootWeight
2	Acutalibacter_muris_KB1	PAN	Microbe	-2.0000000000076352	2.0000000000076352	-1.0	1.4142135623757945	-1.4142135623757945
32	Muribaculum_intestinale_YL27	PAN	Microbe	-1.000000000000086	1.000000000000086	-1.0	1.0000000000000429	-1.0000000000000429
63	Acutalibacter_muris_KB1	Pyridoxal	Microbe	-1.0000000000009155	1.0000000000009155	-1.0	1.0000000000004576	-1.0000000000004576
73	Pyridoxal	Acutalibacter_muris_KB1	Metabolite	193.59229303371148	193.59229303371148	1.0	13.913744752355905	13.913744752355905
95	PAN	Muribaculum_intestinale_YL27	Metabolite	126.68907411771184	126.68907411771184	1.0	11.255624110537445	11.255624110537445
