	Source	Target	SourceType	Weight	ABS_Weight	Sign_Weight	ABSRootWeight	SignedRootWeight
26	Muribaculum_intestinale_YL27	Riboflavin	Microbe	-0.9999999999999999	0.9999999999999999	-1.0	0.9999999999999999	-0.9999999999999999
37	Blautia_coccoides_YL58	PAN	Microbe	-0.9999999999956493	0.9999999999956493	-1.0	0.9999999999978246	-0.9999999999978246
46	Muribaculum_intestinale_YL27	PAN	Microbe	-0.9999999999999498	0.9999999999999498	-1.0	0.9999999999999749	-0.9999999999999749
49	Riboflavin	Blautia_coccoides_YL58	Metabolite	96.79614651689555	96.79614651689555	1.0	9.838503266091625	9.838503266091625
56	Blautia_coccoides_YL58	Riboflavin	Microbe	-0.9999999999999769	0.9999999999999769	-1.0	0.9999999999999885	-0.9999999999999885
106	PAN	Muribaculum_intestinale_YL27	Metabolite	126.68907411690726	126.68907411690726	1.0	11.255624110501703	11.255624110501703
