	Source	Target	SourceType	Weight	ABS_Weight	Sign_Weight	ABSRootWeight	SignedRootWeight
42	Flavonifractor_plautii_YL31	Riboflavin	Microbe	-0.9999999999997433	0.9999999999997433	-1.0	0.9999999999998717	-0.9999999999998717
47	Akkermansia_muciniphilaYL44	Riboflavin	Microbe	-1.000000000000132	1.000000000000132	-1.0	1.000000000000066	-1.000000000000066
81	Riboflavin	Flavonifractor_plautii_YL31	Metabolite	126.6890741182561	126.6890741182561	1.0	11.255624110561621	11.255624110561621
92	Riboflavin	Akkermansia_muciniphilaYL44	Metabolite	126.68907411817844	126.68907411817844	1.0	11.255624110558172	11.255624110558172
