	Source	Target	SourceType	Weight	Variance	ABS_Weight	Sign_Weight	ABSRootWeight	SignedRootWeight
27	Akkermansia_muciniphilaYL44	Riboflavin	Microbe	-0.9617743849115798	0.0014053424699952942	0.9617743849115798	-1.0	0.9807009661010739	-0.9807009661010739
30	Riboflavin	Akkermansia_muciniphilaYL44	Metabolite	121.84630633448175	22.55591739362712	121.84630633448175	1.0	11.038401439270169	11.038401439270169
