	Source	Target	SourceType	Weight	ABS_Weight	Sign_Weight	ABSRootWeight	SignedRootWeight
14	PAN	Blautia_coccoides_YL58	Metabolite	96.79614652098311	96.79614652098311	1.0	9.838503266299357	9.838503266299357
30	Blautia_coccoides_YL58	PAN	Microbe	-1.0000000000000253	1.0000000000000253	-1.0	1.0000000000000127	-1.0000000000000127
39	Muribaculum_intestinale_YL27	PAN	Microbe	-1.0000000000001044	1.0000000000001044	-1.0	1.0000000000000522	-1.0000000000000522
89	PAN	Muribaculum_intestinale_YL27	Metabolite	126.68907411838646	126.68907411838646	1.0	11.255624110567412	11.255624110567412
