	Source	Target	SourceType	Weight	ABS_Weight	Sign_Weight	ABSRootWeight	SignedRootWeight
69	Acutalibacter_muris_KB1	Pyridoxal	Microbe	-0.999999999998996	0.999999999998996	-1.0	0.999999999999498	-0.999999999999498
81	Pyridoxal	Acutalibacter_muris_KB1	Metabolite	193.59229303339467	193.59229303339467	1.0	13.91374475234452	13.91374475234452
86	Enterococcus_faecalis_KB1	Pyridoxal	Microbe	-1.0000000000000175	1.0000000000000175	-1.0	1.0000000000000087	-1.0000000000000087
94	Pyridoxal	Enterococcus_faecalis_KB1	Metabolite	193.59229303325816	193.59229303325816	1.0	13.913744752339614	13.913744752339614
