	Source	Target	SourceType	Weight	ABS_Weight	Sign_Weight	ABSRootWeight	SignedRootWeight
15	PAN	Blautia_coccoides_YL58	Metabolite	96.7961465214494	96.7961465214494	1.0	9.838503266323054	9.838503266323054
25	PAN	Clostridium_innocuum_I46	Metabolite	126.68907411773498	126.68907411773498	1.0	11.255624110538472	11.255624110538472
43	Blautia_coccoides_YL58	PAN	Microbe	-0.9999999999998969	0.9999999999998969	-1.0	0.9999999999999484	-0.9999999999999484
68	Clostridium_innocuum_I46	PAN	Microbe	-0.9999999999999728	0.9999999999999728	-1.0	0.9999999999999863	-0.9999999999999863
