	Source	Target	SourceType	Weight	ABS_Weight	Sign_Weight	ABSRootWeight	SignedRootWeight
5	bc1010	D-Glucose	Microbe	-1.000000000000002	1.000000000000002	-1.0	1.0000000000000009	-1.0000000000000009
6	bc1008	D-Glucose	Microbe	-0.9999999999999929	0.9999999999999929	-1.0	0.9999999999999964	-0.9999999999999964
71	D-Glucose	bc1010	Metabolite	0.1311349185707021	0.1311349185707021	1.0	0.3621255563622956	0.3621255563622956
125	D-Glucose	bc1012	Metabolite	0.17146149851900272	0.17146149851900272	1.0	0.41407909693560085	0.41407909693560085
157	D-Glucose	bc1008	Metabolite	0.057453288118452996	0.057453288118452996	1.0	0.2396941553698233	0.2396941553698233
171	bc1012	D-Glucose	Microbe	-1.0000000000000082	1.0000000000000082	-1.0	1.000000000000004	-1.000000000000004
