	Source	Target	SourceType	Weight	ABS_Weight	Sign_Weight	ABSRootWeight	SignedRootWeight
7	Riboflavin	Turicimonas_muris_YL45	Metabolite	126.68907411760752	126.68907411760752	1.0	11.25562411053281	11.25562411053281
24	Muribaculum_intestinale_YL27	Riboflavin	Microbe	-0.9999999999999182	0.9999999999999182	-1.0	0.999999999999959	-0.999999999999959
52	Turicimonas_muris_YL45	Riboflavin	Microbe	-1.0000000000012945	1.0000000000012945	-1.0	1.0000000000006473	-1.0000000000006473
62	Riboflavin	Muribaculum_intestinale_YL27	Metabolite	126.68907411707704	126.68907411707704	1.0	11.255624110509245	11.255624110509245
