	Source	Target	SourceType	Weight	ABS_Weight	Sign_Weight	ABSRootWeight	SignedRootWeight
20	PAN	Clostridium_innocuum_I46	Metabolite	126.6890741273448	126.6890741273448	1.0	11.255624110965362	11.255624110965362
44	Muribaculum_intestinale_YL27	PAN	Microbe	-0.9999999999999726	0.9999999999999726	-1.0	0.9999999999999862	-0.9999999999999862
65	Clostridium_innocuum_I46	PAN	Microbe	-1.0000000000003022	1.0000000000003022	-1.0	1.000000000000151	-1.000000000000151
102	PAN	Muribaculum_intestinale_YL27	Metabolite	126.68907411762852	126.68907411762852	1.0	11.255624110533743	11.255624110533743
