	Source	Target	Weight	Metabolites	ABSWeight	SignWeight	ABSRootWeight	SignedRootWeight
bc1002->bc1008	bc1002	bc1008	-0.032431086224845515	D-Glucose	0.032431086224845515	-1.0	0.1800863299221946	-0.1800863299221946
bc1012->bc1008	bc1012	bc1008	-0.05745328811845745	D-Glucose	0.05745328811845745	-1.0	0.2396941553698326	-0.2396941553698326
bc1002->bc1012	bc1002	bc1012	-0.20192102847134863	O2.D-Glucose	0.20192102847134863	-1.0	0.44935623782401046	-0.44935623782401046
bc1008->bc1012	bc1008	bc1012	-3.0965517013030937	D-Glucose.O2	3.0965517013030937	-1.0	1.7597021626693232	-1.7597021626693232
bc1008->bc1002	bc1008	bc1002	-0.003427576436975438	O2	0.003427576436975438	-1.0	0.05854550740215203	-0.05854550740215203
bc1012->bc1002	bc1012	bc1002	-0.15290050085944631	O2	0.15290050085944631	-1.0	0.3910249363652481	-0.3910249363652481
