	Source	Target	SourceType	Weight	ABS_Weight	Sign_Weight	ABSRootWeight	SignedRootWeight
6	bc1010	D-Glucose	Microbe	-1.0000000000000004	1.0000000000000004	-1.0	1.0000000000000002	-1.0000000000000002
9	D-Glucose	bc1001	Metabolite	0.277683649708704	0.277683649708704	1.0	0.5269569714015595	0.5269569714015595
40	D-Glucose	bc1009	Metabolite	0.25061003724562636	0.25061003724562636	1.0	0.5006096655535391	0.5006096655535391
55	bc1009	D-Glucose	Microbe	-1.0000000000000002	1.0000000000000002	-1.0	1.0	-1.0
62	bc1001	D-Glucose	Microbe	-0.9999999999999978	0.9999999999999978	-1.0	0.9999999999999989	-0.9999999999999989
71	D-Glucose	bc1010	Metabolite	0.2697048295392189	0.2697048295392189	1.0	0.5193311366933615	0.5193311366933615
