	Source	Target	Weight	Metabolites	ABSWeight	SignWeight	ABSRootWeight	SignedRootWeight
bc1011->bc1012	bc1011	bc1012	-0.1529931249969315	O2	0.1529931249969315	-1.0	0.391143356069014	-0.391143356069014
bc1012->bc1011	bc1012	bc1011	-0.15278557913560067	O2	0.15278557913560067	-1.0	0.3908779593883501	-0.3908779593883501
