	Source	Target	SourceType	Weight	ABS_Weight	Sign_Weight	ABSRootWeight	SignedRootWeight
25	PAN	Limosilactobacillus_reuteri_I49	Metabolite	96.79614651720289	96.79614651720289	1.0	9.838503266107242	9.838503266107242
39	Akkermansia_muciniphilaYL44	PAN	Microbe	-0.9999999999900072	0.9999999999900072	-1.0	0.9999999999950036	-0.9999999999950036
48	Akkermansia_muciniphilaYL44	Riboflavin	Microbe	-0.999999999999968	0.999999999999968	-1.0	0.999999999999984	-0.999999999999984
49	Limosilactobacillus_reuteri_I49	PAN	Microbe	-1.0000000000001898	1.0000000000001898	-1.0	1.0000000000000948	-1.0000000000000948
61	Limosilactobacillus_reuteri_I49	Riboflavin	Microbe	-0.9999999999999986	0.9999999999999986	-1.0	0.9999999999999992	-0.9999999999999992
97	Riboflavin	Akkermansia_muciniphilaYL44	Metabolite	126.68907411746463	126.68907411746463	1.0	11.255624110526464	11.255624110526464
