	Source	Target	SourceType	Weight	Variance	ABS_Weight	Sign_Weight	ABSRootWeight	SignedRootWeight
17	Enterococcus_faecalis_KB1	PAN	Microbe	-1.0000000000295524	1.6526395914173118e-22	1.0000000000295524	-1.0	1.0000000000147762	-1.0000000000147762
52	Riboflavin-e0	Enterococcus_faecalis_KB1	Metabolite	81.40960018278686	1252.6125854992638	81.40960018278686	1.0	9.022726870674234	9.022726870674234
55	Enterocloster_clostridioformis_YL32	PAN	Microbe	-1.0000000000001203	4.930380657631324e-32	1.0000000000001203	-1.0	1.0000000000000602	-1.0000000000000602
58	Enterococcus_faecalis_KB1	Riboflavin-e0	Microbe	-8.3089232254762	480.78322845522786	8.3089232254762	-1.0	2.8825202905575877	-2.8825202905575877
87	PAN	Enterocloster_clostridioformis_YL32	Metabolite	126.68907411987082	8.077935669463161e-28	126.68907411987082	1.0	11.255624110633352	11.255624110633352
108	PAN	Enterococcus_faecalis_KB1	Metabolite	15.386546336579062	1252.6125854103866	15.386546336579062	1.0	3.9225688440840734	3.9225688440840734
