	Source	Target	SourceType	Weight	ABS_Weight	Sign_Weight	ABSRootWeight	SignedRootWeight
21	Enterococcus_faecalis_KB1	PAN	Microbe	-0.9999999982879615	0.9999999982879615	-1.0	0.9999999991439807	-0.9999999991439807
27	PAN	Clostridium_innocuum_I46	Metabolite	126.6890741177103	126.6890741177103	1.0	11.255624110537376	11.255624110537376
64	Clostridium_innocuum_I46	PAN	Microbe	-0.9999999999999729	0.9999999999999729	-1.0	0.9999999999999865	-0.9999999999999865
69	Riboflavin-e0	Enterococcus_faecalis_KB1	Metabolite	96.79614635231334	96.79614635231334	1.0	9.838503257727435	9.838503257727435
73	Enterococcus_faecalis_KB1	Riboflavin-e0	Microbe	-1.000000000000087	1.000000000000087	-1.0	1.0000000000000435	-1.0000000000000435
