	Source	Target	SourceType	Weight	ABS_Weight	Sign_Weight	ABSRootWeight	SignedRootWeight
15	PAN	Blautia_coccoides_YL58	Metabolite	96.79614654822797	96.79614654822797	1.0	9.83850326768396	9.83850326768396
34	Blautia_coccoides_YL58	PAN	Microbe	-1.000000000000064	1.000000000000064	-1.0	1.000000000000032	-1.000000000000032
43	Muribaculum_intestinale_YL27	PAN	Microbe	-1.0000000000000384	1.0000000000000384	-1.0	1.000000000000019	-1.000000000000019
98	PAN	Muribaculum_intestinale_YL27	Metabolite	126.68907411717929	126.68907411717929	1.0	11.255624110513788	11.255624110513788
