	Source	Target	SourceType	Weight	ABS_Weight	Sign_Weight	ABSRootWeight	SignedRootWeight
30	PAN	Clostridium_innocuum_I46	Metabolite	126.68907411858294	126.68907411858294	1.0	11.255624110576141	11.255624110576141
33	PAN	Limosilactobacillus_reuteri_I49	Metabolite	96.79614652863941	96.79614652863941	1.0	9.838503266688456	9.838503266688456
59	Limosilactobacillus_reuteri_I49	PAN	Microbe	-1.0000000000009712	1.0000000000009712	-1.0	1.0000000000004856	-1.0000000000004856
81	Clostridium_innocuum_I46	PAN	Microbe	-0.9999999999995764	0.9999999999995764	-1.0	0.9999999999997882	-0.9999999999997882
