	Source	Target	SourceType	Weight	ABS_Weight	Sign_Weight	ABSRootWeight	SignedRootWeight
19	Clostridium_innocuum_I46	N-Acetyl-D-glucosamine-e0	Microbe	-1.0000000000000153	1.0000000000000153	-1.0	1.0000000000000075	-1.0000000000000075
37	N-Acetyl-D-glucosamine-e0	Clostridium_innocuum_I46	Metabolite	18.117340654698054	18.117340654698054	1.0	4.256446951942201	4.256446951942201
68	Clostridium_innocuum_I46	PAN	Microbe	-0.14300633879222002	0.14300633879222002	-1.0	0.3781617891752418	-0.3781617891752418
73	Enterocloster_clostridioformis_YL32	PAN	Microbe	-1.0000000000001645	1.0000000000001645	-1.0	1.0000000000000822	-1.0000000000000822
100	PAN	Enterocloster_clostridioformis_YL32	Metabolite	126.68907411979171	126.68907411979171	1.0	11.255624110629837	11.255624110629837
