	Source	Target	SourceType	Weight	ABS_Weight	Sign_Weight	ABSRootWeight	SignedRootWeight
22	PAN	Limosilactobacillus_reuteri_I49	Metabolite	96.7961465172219	96.7961465172219	1.0	9.838503266108209	9.838503266108209
31	Akkermansia_muciniphilaYL44	PAN	Microbe	-0.9999999999913189	0.9999999999913189	-1.0	0.9999999999956595	-0.9999999999956595
38	Akkermansia_muciniphilaYL44	Riboflavin	Microbe	-1.0000000000001932	1.0000000000001932	-1.0	1.0000000000000966	-1.0000000000000966
39	Limosilactobacillus_reuteri_I49	PAN	Microbe	-1.000000000000205	1.000000000000205	-1.0	1.0000000000001024	-1.0000000000001024
50	Limosilactobacillus_reuteri_I49	Riboflavin	Microbe	-0.9999999999999997	0.9999999999999997	-1.0	0.9999999999999998	-0.9999999999999998
84	Riboflavin	Akkermansia_muciniphilaYL44	Metabolite	126.6890741174977	126.6890741174977	1.0	11.255624110527933	11.255624110527933
