	Source	Target	SourceType	Weight	ABS_Weight	Sign_Weight	ABSRootWeight	SignedRootWeight
7	Riboflavin	Turicimonas_muris_YL45	Metabolite	126.68907411739079	126.68907411739079	1.0	11.255624110523183	11.255624110523183
36	Turicimonas_muris_YL45	PAN	Microbe	-1.0000000000479423	1.0000000000479423	-1.0	1.000000000023971	-1.000000000023971
46	Turicimonas_muris_YL45	Riboflavin	Microbe	-0.9999999999997204	0.9999999999997204	-1.0	0.9999999999998602	-0.9999999999998602
64	Enterocloster_clostridioformis_YL32	PAN	Microbe	-1.0000000000000469	1.0000000000000469	-1.0	1.0000000000000233	-1.0000000000000233
88	PAN	Enterocloster_clostridioformis_YL32	Metabolite	126.68907411981704	126.68907411981704	1.0	11.255624110630961	11.255624110630961
