	Source	Target	SourceType	Weight	ABS_Weight	Sign_Weight	ABSRootWeight	SignedRootWeight
24	Clostridium_innocuum_I46	Folate-e0	Microbe	-1.0000000000000018	1.0000000000000018	-1.0	1.0000000000000009	-1.0000000000000009
58	Thiamin-e0	Clostridium_innocuum_I46	Metabolite	253.3781482174964	253.3781482174964	1.0	15.91785626953254	15.91785626953254
63	Folate-e0	Flavonifractor_plautii_YL31	Metabolite	84.45938273924986	84.45938273924986	1.0	9.190178602140977	9.190178602140977
91	Clostridium_innocuum_I46	Thiamin-e0	Microbe	-0.9999999999982041	0.9999999999982041	-1.0	0.999999999999102	-0.999999999999102
99	Flavonifractor_plautii_YL31	Folate-e0	Microbe	-0.9999999999999702	0.9999999999999702	-1.0	0.9999999999999851	-0.9999999999999851
