	Source	Target	SourceType	Weight	ABS_Weight	Sign_Weight	ABSRootWeight	SignedRootWeight
61	Riboflavin-e0	Enterococcus_faecalis_KB1	Metabolite	96.79614652043726	96.79614652043726	1.0	9.838503266271616	9.838503266271616
65	Enterococcus_faecalis_KB1	Riboflavin-e0	Microbe	-0.9999999999998386	0.9999999999998386	-1.0	0.9999999999999193	-0.9999999999999193
69	Acutalibacter_muris_KB1	Pyridoxal	Microbe	-0.9999999999990588	0.9999999999990588	-1.0	0.9999999999995294	-0.9999999999995294
82	Pyridoxal	Acutalibacter_muris_KB1	Metabolite	193.59229303344998	193.59229303344998	1.0	13.913744752346508	13.913744752346508
87	Enterococcus_faecalis_KB1	Pyridoxal	Microbe	-0.500000000018385	0.500000000018385	-1.0	0.7071067811995476	-0.7071067811995476
