	Source	Target	SourceType	Weight	ABS_Weight	Sign_Weight	ABSRootWeight	SignedRootWeight
29	PAN	Clostridium_innocuum_I46	Metabolite	126.6890741169398	126.6890741169398	1.0	11.255624110503149	11.255624110503149
31	PAN	Limosilactobacillus_reuteri_I49	Metabolite	96.79614651591325	96.79614651591325	1.0	9.838503266041702	9.838503266041702
58	Limosilactobacillus_reuteri_I49	PAN	Microbe	-0.9999999999999964	0.9999999999999964	-1.0	0.9999999999999982	-0.9999999999999982
80	Clostridium_innocuum_I46	PAN	Microbe	-0.9999999999998342	0.9999999999998342	-1.0	0.9999999999999171	-0.9999999999999171
