	Source	Target	SourceType	Weight	ABS_Weight	Sign_Weight	ABSRootWeight	SignedRootWeight
36	Muribaculum_intestinale_YL27	PAN	Microbe	-0.9999999999999815	0.9999999999999815	-1.0	0.9999999999999907	-0.9999999999999907
67	PAN	Bacteroides_caecimuris_I48	Metabolite	126.68907411617695	126.68907411617695	1.0	11.255624110469261	11.255624110469261
72	Bacteroides_caecimuris_I48	PAN	Microbe	-0.9999999999999823	0.9999999999999823	-1.0	0.9999999999999911	-0.9999999999999911
93	PAN	Muribaculum_intestinale_YL27	Metabolite	126.68907411710859	126.68907411710859	1.0	11.255624110510647	11.255624110510647
