	Source	Target	Weight	Metabolites	ABSWeight	SignWeight	ABSRootWeight	SignedRootWeight
bc1015->bc1009	bc1015	bc1009	-0.278626618159824	O2	0.278626618159824	-1.0	0.5278509431267733	-0.5278509431267733
bc1009->bc1015	bc1009	bc1015	-0.1529766825068881	D-Glucose	0.1529766825068881	-1.0	0.3911223370083689	-0.3911223370083689
