	IntegralDiff	MaxDiff	MaxTime
bc1012	0.012955690084211952	0.016164286831789356	0.8790860894438457
bc1001	0.0005950782672773405	0.0007828137615858529	1.0862106078035791
