	Source	Target	SourceType	Weight	ABS_Weight	Sign_Weight	ABSRootWeight	SignedRootWeight
21	Muribaculum_intestinale_YL27	Riboflavin	Microbe	-1.0000000000000004	1.0000000000000004	-1.0	1.0000000000000002	-1.0000000000000002
32	Akkermansia_muciniphilaYL44	PAN	Microbe	-0.9999999999933173	0.9999999999933173	-1.0	0.9999999999966587	-0.9999999999966587
39	Muribaculum_intestinale_YL27	PAN	Microbe	-0.9999999999999892	0.9999999999999892	-1.0	0.9999999999999946	-0.9999999999999946
43	Akkermansia_muciniphilaYL44	Riboflavin	Microbe	-1.0000000000001341	1.0000000000001341	-1.0	1.000000000000067	-1.000000000000067
84	Riboflavin	Akkermansia_muciniphilaYL44	Metabolite	126.68907411748881	126.68907411748881	1.0	11.255624110527537	11.255624110527537
93	PAN	Muribaculum_intestinale_YL27	Metabolite	126.68907411710396	126.68907411710396	1.0	11.25562411051044	11.25562411051044
