	Source	Target	SourceType	Weight	ABS_Weight	Sign_Weight	ABSRootWeight	SignedRootWeight
10	Riboflavin	Muribaculum_intestinale_YL27	Metabolite	126.68907411757851	126.68907411757851	1.0	11.255624110531523	11.255624110531523
48	Muribaculum_intestinale_YL27	Riboflavin	Microbe	-1.000000000000053	1.000000000000053	-1.0	1.0000000000000264	-1.0000000000000264
