	Source	Target	SourceType	Weight	ABS_Weight	Sign_Weight	ABSRootWeight	SignedRootWeight
22	Muribaculum_intestinale_YL27	Riboflavin	Microbe	-0.9999999999997242	0.9999999999997242	-1.0	0.9999999999998621	-0.9999999999998621
40	Muribaculum_intestinale_YL27	PAN	Microbe	-1.0000000000041862	1.0000000000041862	-1.0	1.000000000002093	-1.000000000002093
56	Riboflavin	Muribaculum_intestinale_YL27	Metabolite	126.68907411811065	126.68907411811065	1.0	11.25562411055516	11.25562411055516
67	Enterocloster_clostridioformis_YL32	PAN	Microbe	-1.0000000000001759	1.0000000000001759	-1.0	1.000000000000088	-1.000000000000088
93	PAN	Enterocloster_clostridioformis_YL32	Metabolite	126.68907411981203	126.68907411981203	1.0	11.25562411063074	11.25562411063074
