	Source	Target	SourceType	Weight	ABS_Weight	Sign_Weight	ABSRootWeight	SignedRootWeight
9	Riboflavin	Muribaculum_intestinale_YL27	Metabolite	126.68907411837148	126.68907411837148	1.0	11.255624110566748	11.255624110566748
43	Muribaculum_intestinale_YL27	Riboflavin	Microbe	-1.0000000000000437	1.0000000000000437	-1.0	1.0000000000000218	-1.0000000000000218
