	Source	Target	SourceType	Weight	ABS_Weight	Sign_Weight	ABSRootWeight	SignedRootWeight
26	PAN	Clostridium_innocuum_I46	Metabolite	126.68907411769358	126.68907411769358	1.0	11.255624110536633	11.255624110536633
29	PAN	Limosilactobacillus_reuteri_I49	Metabolite	96.7961465173234	96.7961465173234	1.0	9.838503266113367	9.838503266113367
54	Limosilactobacillus_reuteri_I49	PAN	Microbe	-0.9999999999995004	0.9999999999995004	-1.0	0.9999999999997502	-0.9999999999997502
76	Clostridium_innocuum_I46	PAN	Microbe	-1.0000000000000007	1.0000000000000007	-1.0	1.0000000000000002	-1.0000000000000002
