	Source	Target	SourceType	Weight	ABS_Weight	Sign_Weight	ABSRootWeight	SignedRootWeight
6	Limosilactobacillus_reuteri_I49	Riboflavin	Microbe	-0.999999999999944	0.999999999999944	-1.0	0.999999999999972	-0.999999999999972
9	Limosilactobacillus_reuteri_I49	Folate-e0	Microbe	-1.0000000000000255	1.0000000000000255	-1.0	1.0000000000000127	-1.0000000000000127
29	Thiamine	Limosilactobacillus_reuteri_I49	Metabolite	135.56370855100226	135.56370855100226	1.0	11.643182921821776	11.643182921821776
31	Limosilactobacillus_reuteri_I49	Thiamine	Microbe	-1.00000000000002	1.00000000000002	-1.0	1.00000000000001	-1.00000000000001
58	Folate-e0	Limosilactobacillus_reuteri_I49	Metabolite	67.78185427547264	67.78185427547264	1.0	8.232973598613848	8.232973598613848
59	Riboflavin	Limosilactobacillus_reuteri_I49	Metabolite	203.34556282654316	203.34556282654316	1.0	14.25992857017675	14.25992857017675
