	Source	Target	SourceType	Weight	ABS_Weight	Sign_Weight	ABSRootWeight	SignedRootWeight
21	Enterococcus_faecalis_KB1	PAN	Microbe	-1.0000000001324185	1.0000000001324185	-1.0	1.0000000000662093	-1.0000000000662093
27	PAN	Clostridium_innocuum_I46	Metabolite	126.68907411757739	126.68907411757739	1.0	11.255624110531471	11.255624110531471
60	Clostridium_innocuum_I46	PAN	Microbe	-0.9999999999999826	0.9999999999999826	-1.0	0.9999999999999912	-0.9999999999999912
66	Riboflavin-e0	Enterococcus_faecalis_KB1	Metabolite	96.79614653251433	96.79614653251433	1.0	9.838503266885382	9.838503266885382
70	Enterococcus_faecalis_KB1	Riboflavin-e0	Microbe	-1.0000000000000415	1.0000000000000415	-1.0	1.0000000000000207	-1.0000000000000207
