	Source	Target	SourceType	Weight	ABS_Weight	Sign_Weight	ABSRootWeight	SignedRootWeight
0	Riboflavin	Bifidobacterium_animalis_YL2	Metabolite	96.79614651726389	96.79614651726389	1.0	9.838503266110344	9.838503266110344
23	Clostridium_innocuum_I46	Folate-e0	Microbe	-1.0000000000000915	1.0000000000000915	-1.0	1.0000000000000457	-1.0000000000000457
25	Folate-e0	Clostridium_innocuum_I46	Metabolite	84.45938274402687	84.45938274402687	1.0	9.190178602400874	9.190178602400874
49	Clostridium_innocuum_I46	Riboflavin	Microbe	-0.6666666666337373	0.6666666666337373	-1.0	0.816496580907561	-0.816496580907561
90	Bifidobacterium_animalis_YL2	Riboflavin	Microbe	-1.0000000000001228	1.0000000000001228	-1.0	1.0000000000000613	-1.0000000000000613
