	Source	Target	SourceType	Weight	ABS_Weight	Sign_Weight	ABSRootWeight	SignedRootWeight
15	Enterococcus_faecalis_KB1	PAN	Microbe	-0.9999999989944911	0.9999999989944911	-1.0	0.9999999994972455	-0.9999999994972455
40	Muribaculum_intestinale_YL27	PAN	Microbe	-0.9999999999998986	0.9999999999998986	-1.0	0.9999999999999493	-0.9999999999999493
64	Riboflavin-e0	Enterococcus_faecalis_KB1	Metabolite	96.7961464196893	96.7961464196893	1.0	9.83850326115153	9.83850326115153
67	Enterococcus_faecalis_KB1	Riboflavin-e0	Microbe	-0.9999999999999837	0.9999999999999837	-1.0	0.9999999999999918	-0.9999999999999918
103	PAN	Muribaculum_intestinale_YL27	Metabolite	126.68907411771707	126.68907411771707	1.0	11.255624110537678	11.255624110537678
