	Source	Target	Weight	Metabolites	ABSWeight	SignWeight	ABSRootWeight	SignedRootWeight
bc1012->bc1001	bc1012	bc1001	-1.564707491653455	D-Glucose.O2	1.564707491653455	-1.0	1.2508826850082524	-1.2508826850082524
bc1015->bc1001	bc1015	bc1001	-0.28356631483151595	D-Glucose.O2	0.28356631483151595	-1.0	0.532509450462164	-0.532509450462164
bc1001->bc1012	bc1001	bc1012	-0.17382509644764227	D-Glucose.O2	0.17382509644764227	-1.0	0.4169233699945858	-0.4169233699945858
bc1015->bc1012	bc1015	bc1012	-0.20940594619309205	D-Glucose.O2	0.20940594619309205	-1.0	0.4576089446165711	-0.4576089446165711
bc1001->bc1015	bc1001	bc1015	-0.278724391168684	D-Glucose	0.278724391168684	-1.0	0.5279435492253731	-0.5279435492253731
bc1012->bc1015	bc1012	bc1015	-0.27872439116866404	D-Glucose	0.27872439116866404	-1.0	0.5279435492253542	-0.5279435492253542
