	Source	Target	SourceType	Weight	ABS_Weight	Sign_Weight	ABSRootWeight	SignedRootWeight
8	Riboflavin	Turicimonas_muris_YL45	Metabolite	126.68907411357804	126.68907411357804	1.0	11.255624110353812	11.255624110353812
50	Turicimonas_muris_YL45	Riboflavin	Microbe	-0.9999999999987171	0.9999999999987171	-1.0	0.9999999999993585	-0.9999999999993585
87	Enterocloster_clostridioformis_YL32	Thiamin-e0	Microbe	-1.0000000000001306	1.0000000000001306	-1.0	1.0000000000000653	-1.0000000000000653
99	Thiamin-e0	Enterocloster_clostridioformis_YL32	Metabolite	253.3781482472997	253.3781482472997	1.0	15.917856270468699	15.917856270468699
