	Source	Target	SourceType	Weight	ABS_Weight	Sign_Weight	ABSRootWeight	SignedRootWeight
17	Heme-e0	Limosilactobacillus_reuteri_I49	Metabolite	193.59229302026404	193.59229302026404	1.0	13.913744751872661	13.913744751872661
30	PAN	Clostridium_innocuum_I46	Metabolite	126.68907412943612	126.68907412943612	1.0	11.255624111058264	11.255624111058264
57	Limosilactobacillus_reuteri_I49	PAN	Microbe	-1.9999999998635614	1.9999999998635614	-1.0	1.4142135623248566	-1.4142135623248566
78	Clostridium_innocuum_I46	PAN	Microbe	-0.999999999999926	0.999999999999926	-1.0	0.9999999999999629	-0.9999999999999629
96	Clostridium_innocuum_I46	Heme-e0	Microbe	-0.9999999999999972	0.9999999999999972	-1.0	0.9999999999999986	-0.9999999999999986
104	Limosilactobacillus_reuteri_I49	Heme-e0	Microbe	-0.9999999999997199	0.9999999999997199	-1.0	0.9999999999998599	-0.9999999999998599
