	Source	Target	SourceType	Weight	ABS_Weight	Sign_Weight	ABSRootWeight	SignedRootWeight
3	Limosilactobacillus_reuteri_I49	Cytosine	Microbe	-1.0000000000000075	1.0000000000000075	-1.0	1.0000000000000038	-1.0000000000000038
8	Riboflavin	Turicimonas_muris_YL45	Metabolite	126.68907411739643	126.68907411739643	1.0	11.255624110523433	11.255624110523433
55	Turicimonas_muris_YL45	Riboflavin	Microbe	-0.9999999999997401	0.9999999999997401	-1.0	0.99999999999987	-0.99999999999987
87	Cytosine	Limosilactobacillus_reuteri_I49	Metabolite	0.5498248331017418	0.5498248331017418	1.0	0.7415017418062764	0.7415017418062764
