	Source	Target	SourceType	Weight	ABS_Weight	Sign_Weight	ABSRootWeight	SignedRootWeight
3	Riboflavin	Bacteroides_caecimuris_I48	Metabolite	126.68907411745595	126.68907411745595	1.0	11.255624110526076	11.255624110526076
14	Clostridium_innocuum_I46	Folate-e0	Microbe	-0.9999999999998279	0.9999999999998279	-1.0	0.999999999999914	-0.999999999999914
17	Folate-e0	Clostridium_innocuum_I46	Metabolite	84.45938274334674	84.45938274334674	1.0	9.19017860236387	9.19017860236387
45	Clostridium_innocuum_I46	Riboflavin	Microbe	-0.6666666666593336	0.6666666666593336	-1.0	0.8164965809232355	-0.8164965809232355
69	Bacteroides_caecimuris_I48	Riboflavin	Microbe	-1.0000000000000133	1.0000000000000133	-1.0	1.0000000000000067	-1.0000000000000067
