	Source	Target	SourceType	Weight	ABS_Weight	Sign_Weight	ABSRootWeight	SignedRootWeight
16	O2	bc1015	Metabolite	-1.5379899521223486	1.5379899521223486	-1.0	1.2401572287909097	-1.2401572287909097
21	D-Glucose	bc1015	Metabolite	3.075979904242968	3.075979904242968	1.0	1.7538471724306448	1.7538471724306448
24	D-Glucose	bc1011	Metabolite	0.2701563170637754	0.2701563170637754	1.0	0.5197656366707744	0.5197656366707744
31	bc1015	D-Glucose	Microbe	-0.999999999999863	0.999999999999863	-1.0	0.9999999999999315	-0.9999999999999315
60	bc1011	O2	Microbe	-1.7682056028599495	1.7682056028599495	-1.0	1.3297389228190433	-1.3297389228190433
114	bc1011	D-Glucose	Microbe	-0.999999999999997	0.999999999999997	-1.0	0.9999999999999984	-0.9999999999999984
129	bc1015	O2	Microbe	-0.9999999999998326	0.9999999999998326	-1.0	0.9999999999999163	-0.9999999999999163
