	Source	Target	SourceType	Weight	ABS_Weight	Sign_Weight	ABSRootWeight	SignedRootWeight
19	Clostridium_innocuum_I46	N-Acetyl-D-glucosamine-e0	Microbe	-1.0000000000000366	1.0000000000000366	-1.0	1.0000000000000182	-1.0000000000000182
37	N-Acetyl-D-glucosamine-e0	Clostridium_innocuum_I46	Metabolite	18.117340654701295	18.117340654701295	1.0	4.256446951942582	4.256446951942582
69	Clostridium_innocuum_I46	PAN	Microbe	-0.1430063387922227	0.1430063387922227	-1.0	0.37816178917524534	-0.37816178917524534
74	Enterocloster_clostridioformis_YL32	PAN	Microbe	-1.0000000000003166	1.0000000000003166	-1.0	1.0000000000001583	-1.0000000000001583
100	PAN	Enterocloster_clostridioformis_YL32	Metabolite	126.68907411985191	126.68907411985191	1.0	11.255624110632512	11.255624110632512
