	Source	Target	SourceType	Weight	ABS_Weight	Sign_Weight	ABSRootWeight	SignedRootWeight
0	Riboflavin	Bifidobacterium_animalis_YL2	Metabolite	96.79614651724023	96.79614651724023	1.0	9.838503266109141	9.838503266109141
18	Muribaculum_intestinale_YL27	Riboflavin	Microbe	-1.0000000000000009	1.0000000000000009	-1.0	1.0000000000000004	-1.0000000000000004
33	Muribaculum_intestinale_YL27	PAN	Microbe	-1.0000000000003462	1.0000000000003462	-1.0	1.000000000000173	-1.000000000000173
61	Bifidobacterium_animalis_YL2	PAN	Microbe	-1.0000000000020597	1.0000000000020597	-1.0	1.0000000000010298	-1.0000000000010298
71	Bifidobacterium_animalis_YL2	Riboflavin	Microbe	-0.9999999999999636	0.9999999999999636	-1.0	0.9999999999999818	-0.9999999999999818
91	PAN	Muribaculum_intestinale_YL27	Metabolite	126.68907411843486	126.68907411843486	1.0	11.255624110569563	11.255624110569563
