	Source	Target	SourceType	Weight	ABS_Weight	Sign_Weight	ABSRootWeight	SignedRootWeight
19	bc1002	D-Glucose	Microbe	-1.0000000000000038	1.0000000000000038	-1.0	1.0000000000000018	-1.0000000000000018
23	D-Glucose	bc1015	Metabolite	0.2787243911686641	0.2787243911686641	1.0	0.5279435492253542	0.5279435492253542
38	bc1015	D-Glucose	Microbe	-1.0000000000000053	1.0000000000000053	-1.0	1.0000000000000027	-1.0000000000000027
78	D-Glucose	bc1002	Metabolite	0.27087086964738327	0.27087086964738327	1.0	0.520452562341068	0.520452562341068
