	Source	Target	SourceType	Weight	ABS_Weight	Sign_Weight	ABSRootWeight	SignedRootWeight
66	Enterocloster_clostridioformis_YL32	PAN	Microbe	-1.000000000000322	1.000000000000322	-1.0	1.000000000000161	-1.000000000000161
72	PAN	Bacteroides_caecimuris_I48	Metabolite	126.68907411730311	126.68907411730311	1.0	11.255624110519287	11.255624110519287
78	Bacteroides_caecimuris_I48	PAN	Microbe	-1.000000000000282	1.000000000000282	-1.0	1.000000000000141	-1.000000000000141
93	PAN	Enterocloster_clostridioformis_YL32	Metabolite	126.68907411986531	126.68907411986531	1.0	11.255624110633107	11.255624110633107
