	Source	Target	SourceType	Weight	ABS_Weight	Sign_Weight	ABSRootWeight	SignedRootWeight
6	Acutalibacter_muris_KB1	PAN	Microbe	-2.0000000000076352	2.0000000000076352	-1.0	1.4142135623757945	-1.4142135623757945
16	PAN	Blautia_coccoides_YL58	Metabolite	96.79614652115963	96.79614652115963	1.0	9.838503266308328	9.838503266308328
32	Blautia_coccoides_YL58	PAN	Microbe	-1.000000000000048	1.000000000000048	-1.0	1.000000000000024	-1.000000000000024
63	Acutalibacter_muris_KB1	Pyridoxal	Microbe	-1.0000000000009155	1.0000000000009155	-1.0	1.0000000000004576	-1.0000000000004576
74	Pyridoxal	Acutalibacter_muris_KB1	Metabolite	193.59229303371148	193.59229303371148	1.0	13.913744752355905	13.913744752355905
