	Source	Target	SourceType	Weight	ABS_Weight	Sign_Weight	ABSRootWeight	SignedRootWeight
22	PAN	Clostridium_innocuum_I46	Metabolite	126.68907411532543	126.68907411532543	1.0	11.255624110431434	11.255624110431434
32	Flavonifractor_plautii_YL31	PAN	Microbe	-0.9999999999527047	0.9999999999527047	-1.0	0.9999999999763524	-0.9999999999763524
43	Flavonifractor_plautii_YL31	Riboflavin	Microbe	-1.0000000000001958	1.0000000000001958	-1.0	1.000000000000098	-1.000000000000098
51	Clostridium_innocuum_I46	Riboflavin	Microbe	-0.9999999999999991	0.9999999999999991	-1.0	0.9999999999999996	-0.9999999999999996
68	Clostridium_innocuum_I46	PAN	Microbe	-1.0000000000002875	1.0000000000002875	-1.0	1.0000000000001437	-1.0000000000001437
90	Riboflavin	Flavonifractor_plautii_YL31	Metabolite	126.68907411739461	126.68907411739461	1.0	11.255624110523353	11.255624110523353
