	Source	Target	SourceType	Weight	ABS_Weight	Sign_Weight	ABSRootWeight	SignedRootWeight
20	PAN	Blautia_coccoides_YL58	Metabolite	96.79614652174774	96.79614652174774	1.0	9.838503266338217	9.838503266338217
33	Flavonifractor_plautii_YL31	PAN	Microbe	-0.9999999999752639	0.9999999999752639	-1.0	0.9999999999876319	-0.9999999999876319
41	Blautia_coccoides_YL58	PAN	Microbe	-0.9999999999998702	0.9999999999998702	-1.0	0.999999999999935	-0.999999999999935
42	Flavonifractor_plautii_YL31	Riboflavin	Microbe	-1.0000000000000804	1.0000000000000804	-1.0	1.0000000000000402	-1.0000000000000402
55	Blautia_coccoides_YL58	Riboflavin	Microbe	-0.9999999999999997	0.9999999999999997	-1.0	0.9999999999999998	-0.9999999999999998
85	Riboflavin	Flavonifractor_plautii_YL31	Metabolite	126.68907411766916	126.68907411766916	1.0	11.25562411053555	11.25562411053555
