	Source	Target	SourceType	Weight	ABS_Weight	Sign_Weight	ABSRootWeight	SignedRootWeight
15	PAN	Blautia_coccoides_YL58	Metabolite	96.796146517872	96.796146517872	1.0	9.838503266141249	9.838503266141249
37	Blautia_coccoides_YL58	PAN	Microbe	-0.9999999999999322	0.9999999999999322	-1.0	0.999999999999966	-0.999999999999966
46	Muribaculum_intestinale_YL27	PAN	Microbe	-0.9999999999999498	0.9999999999999498	-1.0	0.9999999999999749	-0.9999999999999749
103	PAN	Muribaculum_intestinale_YL27	Metabolite	126.68907411690726	126.68907411690726	1.0	11.255624110501703	11.255624110501703
