	Source	Target	SourceType	Weight	ABS_Weight	Sign_Weight	ABSRootWeight	SignedRootWeight
6	Riboflavin	Turicimonas_muris_YL45	Metabolite	126.68907411739079	126.68907411739079	1.0	11.255624110523183	11.255624110523183
24	Muribaculum_intestinale_YL27	Riboflavin	Microbe	-0.9999999999999861	0.9999999999999861	-1.0	0.999999999999993	-0.999999999999993
52	Turicimonas_muris_YL45	Riboflavin	Microbe	-0.9999999999997204	0.9999999999997204	-1.0	0.9999999999998602	-0.9999999999998602
62	Riboflavin	Muribaculum_intestinale_YL27	Metabolite	126.68907411780111	126.68907411780111	1.0	11.25562411054141	11.25562411054141
