	Source	Target	SourceType	Weight	Variance	ABS_Weight	Sign_Weight	ABSRootWeight	SignedRootWeight
0	Riboflavin	Bifidobacterium_animalis_YL2	Metabolite	96.50103751535045	0.08682380783263598	96.50103751535045	1.0	9.823494160193228	9.823494160193228
34	Akkermansia_muciniphilaYL44	Riboflavin	Microbe	-0.9969512319189494	9.266648552479135e-06	0.9969512319189494	-1.0	0.9984744523115999	-0.9984744523115999
68	Bifidobacterium_animalis_YL2	Riboflavin	Microbe	-0.9969512319189652	9.266648552479439e-06	0.9969512319189652	-1.0	0.9984744523116078	-0.9984744523116078
78	Riboflavin	Akkermansia_muciniphilaYL44	Metabolite	126.30282851207674	0.14873083517196017	126.30282851207674	1.0	11.238453119183118	11.238453119183118
