	Source	Target	SourceType	Weight	ABS_Weight	Sign_Weight	ABSRootWeight	SignedRootWeight
0	Riboflavin	Bifidobacterium_animalis_YL2	Metabolite	96.79614651724023	96.79614651724023	1.0	9.838503266109141	9.838503266109141
16	Muribaculum_intestinale_YL27	Riboflavin	Microbe	-0.9999999999999998	0.9999999999999998	-1.0	0.9999999999999999	-0.9999999999999999
30	Muribaculum_intestinale_YL27	PAN	Microbe	-0.9999999999999836	0.9999999999999836	-1.0	0.9999999999999918	-0.9999999999999918
55	Bifidobacterium_animalis_YL2	PAN	Microbe	-1.0000000000020597	1.0000000000020597	-1.0	1.0000000000010298	-1.0000000000010298
64	Bifidobacterium_animalis_YL2	Riboflavin	Microbe	-0.9999999999999636	0.9999999999999636	-1.0	0.9999999999999818	-0.9999999999999818
83	PAN	Muribaculum_intestinale_YL27	Metabolite	126.68907411837442	126.68907411837442	1.0	11.255624110566878	11.255624110566878
