	Source	Target	SourceType	Weight	ABS_Weight	Sign_Weight	ABSRootWeight	SignedRootWeight
15	Riboflavin	Flavonifractor_plautii_YL31	Metabolite	126.68907411778045	126.68907411778045	1.0	11.255624110540492	11.255624110540492
27	Flavonifractor_plautii_YL31	Riboflavin	Microbe	-0.9999999999998854	0.9999999999998854	-1.0	0.9999999999999427	-0.9999999999999427
