	Source	Target	SourceType	Weight	ABS_Weight	Sign_Weight	ABSRootWeight	SignedRootWeight
4	Riboflavin	Bifidobacterium_animalis_YL2	Metabolite	96.79614651727186	96.79614651727186	1.0	9.838503266110749	9.838503266110749
7	Riboflavin	Turicimonas_muris_YL45	Metabolite	126.68907411743935	126.68907411743935	1.0	11.25562411052534	11.25562411052534
50	Turicimonas_muris_YL45	Riboflavin	Microbe	-0.9999999999992237	0.9999999999992237	-1.0	0.9999999999996119	-0.9999999999996119
83	Bifidobacterium_animalis_YL2	Riboflavin	Microbe	-1.0000000000001597	1.0000000000001597	-1.0	1.0000000000000797	-1.0000000000000797
