	Source	Target	SourceType	Weight	ABS_Weight	Sign_Weight	ABSRootWeight	SignedRootWeight
0	Riboflavin	Bifidobacterium_animalis_YL2	Metabolite	96.79614651726389	96.79614651726389	1.0	9.838503266110344	9.838503266110344
22	Clostridium_innocuum_I46	Folate-e0	Microbe	-0.9999999999999628	0.9999999999999628	-1.0	0.9999999999999813	-0.9999999999999813
24	Folate-e0	Clostridium_innocuum_I46	Metabolite	84.4593827453772	84.4593827453772	1.0	9.190178602474338	9.190178602474338
47	Clostridium_innocuum_I46	Riboflavin	Microbe	-0.6666666666567769	0.6666666666567769	-1.0	0.8164965809216698	-0.8164965809216698
90	Bifidobacterium_animalis_YL2	Riboflavin	Microbe	-1.0000000000001228	1.0000000000001228	-1.0	1.0000000000000613	-1.0000000000000613
