	MetConSIN	DirectDFBA	Difference	ABS_Difference	SameSign
bc1010##H2O	3.5994600791645746	-1e-08	3.5994600891645745	3.5994600891645745	-1.0
bc1002##H2O	3.605116841316636	-1e-08	3.605116851316636	3.605116851316636	-1.0
