	Source	Target	SourceType	Weight	ABS_Weight	Sign_Weight	ABSRootWeight	SignedRootWeight
22	PAN	Clostridium_innocuum_I46	Metabolite	126.68907411693637	126.68907411693637	1.0	11.255624110502996	11.255624110502996
36	Akkermansia_muciniphilaYL44	PAN	Microbe	-0.9999999999924584	0.9999999999924584	-1.0	0.9999999999962291	-0.9999999999962291
45	Akkermansia_muciniphilaYL44	Riboflavin	Microbe	-0.9999999999999134	0.9999999999999134	-1.0	0.9999999999999567	-0.9999999999999567
46	Clostridium_innocuum_I46	Riboflavin	Microbe	-1.0000000000000013	1.0000000000000013	-1.0	1.0000000000000007	-1.0000000000000007
62	Clostridium_innocuum_I46	PAN	Microbe	-1.0000000000000884	1.0000000000000884	-1.0	1.0000000000000442	-1.0000000000000442
85	Riboflavin	Akkermansia_muciniphilaYL44	Metabolite	126.6890741174535	126.6890741174535	1.0	11.255624110525968	11.255624110525968
