	Source	Target	SourceType	Weight	ABS_Weight	Sign_Weight	ABSRootWeight	SignedRootWeight
30	Akkermansia_muciniphilaYL44	PAN	Microbe	-1.0000000000112115	1.0000000000112115	-1.0	1.0000000000056057	-1.0000000000056057
38	Akkermansia_muciniphilaYL44	Riboflavin	Microbe	-1.0000000000004412	1.0000000000004412	-1.0	1.0000000000002205	-1.0000000000002205
59	Bacteroides_caecimuris_I48	Riboflavin	Microbe	-0.9999999999999999	0.9999999999999999	-1.0	0.9999999999999999	-0.9999999999999999
68	PAN	Bacteroides_caecimuris_I48	Metabolite	126.68907411567334	126.68907411567334	1.0	11.25562411044689	11.25562411044689
76	Bacteroides_caecimuris_I48	PAN	Microbe	-1.0000000000000913	1.0000000000000913	-1.0	1.0000000000000455	-1.0000000000000455
85	Riboflavin	Akkermansia_muciniphilaYL44	Metabolite	126.68907411864978	126.68907411864978	1.0	11.25562411057911	11.25562411057911
