	Source	Target	SourceType	Weight	ABS_Weight	Sign_Weight	ABSRootWeight	SignedRootWeight
2	Riboflavin	Bacteroides_caecimuris_I48	Metabolite	126.68907411791817	126.68907411791817	1.0	11.25562411054661	11.25562411054661
11	Acutalibacter_muris_KB1	Riboflavin	Microbe	2.429261365244732	2.429261365244732	1.0	1.5586087915974078	1.5586087915974078
60	Bacteroides_caecimuris_I48	Riboflavin	Microbe	-0.9999999999999423	0.9999999999999423	-1.0	0.9999999999999711	-0.9999999999999711
65	Acutalibacter_muris_KB1	Pyridoxal	Microbe	-1.000000000004579	1.000000000004579	-1.0	1.0000000000022895	-1.0000000000022895
79	Pyridoxal	Acutalibacter_muris_KB1	Metabolite	193.5922930352268	193.5922930352268	1.0	13.91374475241036	13.91374475241036
