	Source	Target	SourceType	Weight	ABS_Weight	Sign_Weight	ABSRootWeight	SignedRootWeight
15	PAN	Blautia_coccoides_YL58	Metabolite	96.79614651757836	96.79614651757836	1.0	9.838503266126326	9.838503266126326
36	Blautia_coccoides_YL58	PAN	Microbe	-0.9999999999999611	0.9999999999999611	-1.0	0.9999999999999806	-0.9999999999999806
45	Muribaculum_intestinale_YL27	PAN	Microbe	-1.0000000000000147	1.0000000000000147	-1.0	1.0000000000000073	-1.0000000000000073
102	PAN	Muribaculum_intestinale_YL27	Metabolite	126.68907411694005	126.68907411694005	1.0	11.25562411050316	11.25562411050316
