	Source	Target	SourceType	Weight	ABS_Weight	Sign_Weight	ABSRootWeight	SignedRootWeight
20	Clostridium_innocuum_I46	N-Acetyl-D-glucosamine-e0	Microbe	-0.999999999999993	0.999999999999993	-1.0	0.9999999999999964	-0.9999999999999964
36	N-Acetyl-D-glucosamine-e0	Clostridium_innocuum_I46	Metabolite	18.11734065475695	18.11734065475695	1.0	4.25644695194912	4.25644695194912
48	Akkermansia_muciniphilaYL44	Riboflavin	Microbe	-0.9999999999999134	0.9999999999999134	-1.0	0.9999999999999567	-0.9999999999999567
49	Clostridium_innocuum_I46	Riboflavin	Microbe	-1.0000000000000009	1.0000000000000009	-1.0	1.0000000000000004	-1.0000000000000004
88	Riboflavin	Akkermansia_muciniphilaYL44	Metabolite	126.6890741174535	126.6890741174535	1.0	11.255624110525968	11.255624110525968
