	Source	Target	SourceType	Weight	ABS_Weight	Sign_Weight	ABSRootWeight	SignedRootWeight
16	Riboflavin	Flavonifractor_plautii_YL31	Metabolite	126.68907411806605	126.68907411806605	1.0	11.25562411055318	11.25562411055318
26	Flavonifractor_plautii_YL31	Riboflavin	Microbe	-0.9999999999994658	0.9999999999994658	-1.0	0.9999999999997329	-0.9999999999997329
