	Source	Target	SourceType	Weight	ABS_Weight	Sign_Weight	ABSRootWeight	SignedRootWeight
32	O2	bc1015	Metabolite	0.15324853629752633	0.15324853629752633	1.0	0.3914697131292871	0.3914697131292871
173	O2	bc1001	Metabolite	0.1523613679485789	0.1523613679485789	1.0	0.390334943284071	0.390334943284071
191	bc1009	O2	Microbe	-1.0000000000000036	1.0000000000000036	-1.0	1.0000000000000018	-1.0000000000000018
196	bc1001	O2	Microbe	-0.9999999999999996	0.9999999999999996	-1.0	0.9999999999999998	-0.9999999999999998
197	bc1015	O2	Microbe	-1.0	1.0	-1.0	1.0	-1.0
198	O2	bc1009	Metabolite	0.15319477863953596	0.15319477863953596	1.0	0.3914010457823739	0.3914010457823739
