	Source	Target	SourceType	Weight	ABS_Weight	Sign_Weight	ABSRootWeight	SignedRootWeight
14	Thiamine	Limosilactobacillus_reuteri_I49	Metabolite	135.5637085235243	135.5637085235243	1.0	11.643182920641774	11.643182920641774
32	Folate-e0	Limosilactobacillus_reuteri_I49	Metabolite	67.78185426174805	67.78185426174805	1.0	8.232973597780333	8.232973597780333
39	Limosilactobacillus_reuteri_I49	Folate-e0	Microbe	-0.9999999999998334	0.9999999999998334	-1.0	0.9999999999999166	-0.9999999999999166
48	Limosilactobacillus_reuteri_I49	Thiamine	Microbe	-0.9999999999999795	0.9999999999999795	-1.0	0.9999999999999897	-0.9999999999999897
60	Riboflavin	Limosilactobacillus_reuteri_I49	Metabolite	203.34556278530448	203.34556278530448	1.0	14.259928568730787	14.259928568730787
65	Limosilactobacillus_reuteri_I49	Riboflavin	Microbe	-0.9999999999988797	0.9999999999988797	-1.0	0.9999999999994398	-0.9999999999994398
78	Riboflavin-e0	Enterococcus_faecalis_KB1	Metabolite	96.79614651985041	96.79614651985041	1.0	9.838503266241792	9.838503266241792
81	Enterococcus_faecalis_KB1	Riboflavin-e0	Microbe	-0.9999999999998528	0.9999999999998528	-1.0	0.9999999999999264	-0.9999999999999264
96	Enterococcus_faecalis_KB1	Folate-e0	Microbe	-0.999999999999999	0.999999999999999	-1.0	0.9999999999999994	-0.9999999999999994
