	Source	Target	SourceType	Weight	ABS_Weight	Sign_Weight	ABSRootWeight	SignedRootWeight
43	Flavonifractor_plautii_YL31	Riboflavin	Microbe	-0.9999999999999796	0.9999999999999796	-1.0	0.9999999999999898	-0.9999999999999898
48	Akkermansia_muciniphilaYL44	Riboflavin	Microbe	-1.0000000000000198	1.0000000000000198	-1.0	1.0000000000000098	-1.0000000000000098
85	Riboflavin	Flavonifractor_plautii_YL31	Metabolite	126.68907411880595	126.68907411880595	1.0	11.255624110586048	11.255624110586048
96	Riboflavin	Akkermansia_muciniphilaYL44	Metabolite	126.6890741180669	126.6890741180669	1.0	11.255624110553217	11.255624110553217
