	Source	Target	SourceType	Weight	ABS_Weight	Sign_Weight	ABSRootWeight	SignedRootWeight
17	Thiamine	Limosilactobacillus_reuteri_I49	Metabolite	135.5637085084254	135.5637085084254	1.0	11.643182919993373	11.643182919993373
29	Folate-e0	Limosilactobacillus_reuteri_I49	Metabolite	67.78185425421569	67.78185425421569	1.0	8.232973597322882	8.232973597322882
40	Limosilactobacillus_reuteri_I49	Folate-e0	Microbe	-1.0000000000007172	1.0000000000007172	-1.0	1.0000000000003586	-1.0000000000003586
45	Flavonifractor_plautii_YL31	Riboflavin	Microbe	-0.6666666666671404	0.6666666666671404	-1.0	0.8164965809280161	-0.8164965809280161
47	Limosilactobacillus_reuteri_I49	Thiamine	Microbe	-1.0000000000006177	1.0000000000006177	-1.0	1.0000000000003089	-1.0000000000003089
63	Riboflavin	Limosilactobacillus_reuteri_I49	Metabolite	203.34556276261551	203.34556276261551	1.0	14.259928567935237	14.259928567935237
66	Limosilactobacillus_reuteri_I49	Riboflavin	Microbe	-1.0000000000016067	1.0000000000016067	-1.0	1.0000000000008034	-1.0000000000008034
67	Folate-e0	Flavonifractor_plautii_YL31	Metabolite	84.45938274524227	84.45938274524227	1.0	9.190178602466998	9.190178602466998
102	Flavonifractor_plautii_YL31	Folate-e0	Microbe	-0.9999999999999194	0.9999999999999194	-1.0	0.9999999999999597	-0.9999999999999597
