	Source	Target	SourceType	Weight	ABS_Weight	Sign_Weight	ABSRootWeight	SignedRootWeight
42	Flavonifractor_plautii_YL31	Riboflavin	Microbe	-1.000000000000351	1.000000000000351	-1.0	1.0000000000001754	-1.0000000000001754
47	Akkermansia_muciniphilaYL44	Riboflavin	Microbe	-0.9999999999999385	0.9999999999999385	-1.0	0.9999999999999692	-0.9999999999999692
80	Riboflavin	Flavonifractor_plautii_YL31	Metabolite	126.68907411847795	126.68907411847795	1.0	11.255624110571476	11.255624110571476
92	Riboflavin	Akkermansia_muciniphilaYL44	Metabolite	126.68907411812926	126.68907411812926	1.0	11.255624110555987	11.255624110555987
