	Source	Target	SourceType	Weight	ABS_Weight	Sign_Weight	ABSRootWeight	SignedRootWeight
2	Riboflavin	Bacteroides_caecimuris_I48	Metabolite	126.68907411758086	126.68907411758086	1.0	11.255624110531626	11.255624110531626
45	Clostridium_innocuum_I46	Riboflavin	Microbe	-1.0000000000000207	1.0000000000000207	-1.0	1.0000000000000102	-1.0000000000000102
69	Bacteroides_caecimuris_I48	Riboflavin	Microbe	-1.0000000000000138	1.0000000000000138	-1.0	1.0000000000000069	-1.0000000000000069
79	Riboflavin	Clostridium_innocuum_I46	Metabolite	126.68907411853239	126.68907411853239	1.0	11.255624110573896	11.255624110573896
