	Source	Target	SourceType	Weight	ABS_Weight	Sign_Weight	ABSRootWeight	SignedRootWeight
48	Akkermansia_muciniphilaYL44	Riboflavin	Microbe	-1.0000000000001608	1.0000000000001608	-1.0	1.0000000000000804	-1.0000000000000804
49	Clostridium_innocuum_I46	Riboflavin	Microbe	-1.000000000000114	1.000000000000114	-1.0	1.0000000000000568	-1.0000000000000568
75	Riboflavin	Clostridium_innocuum_I46	Metabolite	126.68907411767532	126.68907411767532	1.0	11.255624110535821	11.255624110535821
93	Riboflavin	Akkermansia_muciniphilaYL44	Metabolite	126.68907411830341	126.68907411830341	1.0	11.255624110563723	11.255624110563723
