	Source	Target	SourceType	Weight	Variance	ABS_Weight	Sign_Weight	ABSRootWeight	SignedRootWeight
17	Muribaculum_intestinale_YL27	Riboflavin	Microbe	-0.4636522027548037	0.13337834678725446	0.4636522027548037	-1.0	0.6809201148114246	-0.6809201148114246
26	Akkermansia_muciniphilaYL44	PAN	Microbe	-0.46365220275170504	0.13337834678547175	0.46365220275170504	-1.0	0.6809201148091493	-0.6809201148091493
33	Muribaculum_intestinale_YL27	PAN	Microbe	-0.46365220275479735	0.1333783467872509	0.46365220275479735	-1.0	0.68092011481142	-0.68092011481142
37	Akkermansia_muciniphilaYL44	Riboflavin	Microbe	-0.46365220275486585	0.13337834678729024	0.46365220275486585	-1.0	0.6809201148114703	-0.6809201148114703
75	Riboflavin	Akkermansia_muciniphilaYL44	Metabolite	58.73966827954027	2140.738671504146	58.73966827954027	1.0	7.664180861614649	7.664180861614649
81	PAN	Muribaculum_intestinale_YL27	Metabolite	58.739668279676934	2140.7386715141083	58.739668279676934	1.0	7.664180861623565	7.664180861623565
