	Source	Target	SourceType	Weight	ABS_Weight	Sign_Weight	ABSRootWeight	SignedRootWeight
14	Enterococcus_faecalis_KB1	PAN	Microbe	-1.0000000000935854	1.0000000000935854	-1.0	1.0000000000467926	-1.0000000000467926
39	Muribaculum_intestinale_YL27	PAN	Microbe	-0.9999999999998986	0.9999999999998986	-1.0	0.9999999999999493	-0.9999999999999493
63	Riboflavin-e0	Enterococcus_faecalis_KB1	Metabolite	96.79614652770702	96.79614652770702	1.0	9.838503266641071	9.838503266641071
66	Enterococcus_faecalis_KB1	Riboflavin-e0	Microbe	-0.9999999999999812	0.9999999999999812	-1.0	0.9999999999999906	-0.9999999999999906
102	PAN	Muribaculum_intestinale_YL27	Metabolite	126.68907411771707	126.68907411771707	1.0	11.255624110537678	11.255624110537678
