	Source	Target	SourceType	Weight	ABS_Weight	Sign_Weight	ABSRootWeight	SignedRootWeight
4	Riboflavin	Bifidobacterium_animalis_YL2	Metabolite	96.79614651727186	96.79614651727186	1.0	9.838503266110749	9.838503266110749
7	Riboflavin	Turicimonas_muris_YL45	Metabolite	126.68907411728412	126.68907411728412	1.0	11.255624110518445	11.255624110518445
50	Turicimonas_muris_YL45	Riboflavin	Microbe	-0.9999999999994108	0.9999999999994108	-1.0	0.9999999999997053	-0.9999999999997053
83	Bifidobacterium_animalis_YL2	Riboflavin	Microbe	-1.0000000000001597	1.0000000000001597	-1.0	1.0000000000000797	-1.0000000000000797
