	Source	Target	Metabolites	Weight	Variance	ABS_Weight	Sign_Weight	ABSRootWeight	SignedRootWeight
0	Enterocloster_clostridioformis_YL32	Muribaculum_intestinale_YL27	PAN	-65.12038977093198	3943.5717692659227	65.12038977093198	-1.0	8.069720550981426	-8.069720550981426
1	Muribaculum_intestinale_YL27	Enterocloster_clostridioformis_YL32	PAN	-111.98905332215278	1451.6674783929416	111.98905332215278	-1.0	10.582488049705173	-10.582488049705173
2	Enterocloster_clostridioformis_YL32	Muribaculum_intestinale_YL27	D-Glucose-e0.O2-e0	-0.07879799276004476	12.117633751434555	0.07879799276004476	-1.0	0.28070980168146026	-0.28070980168146026
