	Source	Target	SourceType	Weight	ABS_Weight	Sign_Weight	ABSRootWeight	SignedRootWeight
6	Riboflavin	Bacteroides_caecimuris_I48	Metabolite	126.68907411783553	126.68907411783553	1.0	11.25562411054294	11.25562411054294
36	Flavonifractor_plautii_YL31	Riboflavin	Microbe	-1.0000000000000109	1.0000000000000109	-1.0	1.0000000000000053	-1.0000000000000053
67	Bacteroides_caecimuris_I48	Riboflavin	Microbe	-0.999999999999957	0.999999999999957	-1.0	0.9999999999999785	-0.9999999999999785
86	Riboflavin	Flavonifractor_plautii_YL31	Metabolite	126.68907411794652	126.68907411794652	1.0	11.255624110547869	11.255624110547869
