	Source	Target	Metabolites	Weight	Variance	ABS_Weight	Sign_Weight	ABSRootWeight	SignedRootWeight
0	Bifidobacterium_animalis_YL2	Clostridium_innocuum_I46	PAN	-0.014128476529574352	1.789722935991706	0.014128476529574352	-1.0	0.11886326821005029	-0.11886326821005029
1	Clostridium_innocuum_I46	Bifidobacterium_animalis_YL2	Riboflavin	-69.87320202969345	151.68492728151125	69.87320202969345	-1.0	8.359019202615427	-8.359019202615427
2	Bifidobacterium_animalis_YL2	Clostridium_innocuum_I46	Spermidine-e0.L-Aspartate-e0.D-Glucose-e0.Riboflavin	-0.22331635767740804	345.00452045495234	0.22331635767740804	-1.0	0.4725636017272257	-0.4725636017272257
3	Bifidobacterium_animalis_YL2	Clostridium_innocuum_I46	Riboflavin	-0.9648698389242113	121.30254730245038	0.9648698389242113	-1.0	0.9822778827420534	-0.9822778827420534
4	Bifidobacterium_animalis_YL2	Clostridium_innocuum_I46	Spermidine-e0.L-Aspartate-e0.D-Glucose-e0	-0.10483568896454275	109.84813254572889	0.10483568896454275	-1.0	0.32378339822255053	-0.32378339822255053
