	Source	Target	SourceType	Weight	ABS_Weight	Sign_Weight	ABSRootWeight	SignedRootWeight
29	Flavonifractor_plautii_YL31	PAN	Microbe	-0.9999999999825534	0.9999999999825534	-1.0	0.9999999999912766	-0.9999999999912766
40	Flavonifractor_plautii_YL31	Riboflavin	Microbe	-0.9999999999999187	0.9999999999999187	-1.0	0.9999999999999594	-0.9999999999999594
68	Enterocloster_clostridioformis_YL32	PAN	Microbe	-1.000000000000266	1.000000000000266	-1.0	1.000000000000133	-1.000000000000133
80	Riboflavin	Flavonifractor_plautii_YL31	Metabolite	126.68907411668535	126.68907411668535	1.0	11.255624110491846	11.255624110491846
97	PAN	Enterocloster_clostridioformis_YL32	Metabolite	126.68907411984387	126.68907411984387	1.0	11.255624110632153	11.255624110632153
