	Source	Target	SourceType	Weight	ABS_Weight	Sign_Weight	ABSRootWeight	SignedRootWeight
0	Riboflavin	Bifidobacterium_animalis_YL2	Metabolite	96.79614651724023	96.79614651724023	1.0	9.838503266109141	9.838503266109141
20	PAN	Clostridium_innocuum_I46	Metabolite	126.68907411581965	126.68907411581965	1.0	11.25562411045339	11.25562411045339
45	Clostridium_innocuum_I46	Riboflavin	Microbe	-0.9999999999999987	0.9999999999999987	-1.0	0.9999999999999993	-0.9999999999999993
63	Clostridium_innocuum_I46	PAN	Microbe	-0.9999999999999944	0.9999999999999944	-1.0	0.9999999999999972	-0.9999999999999972
71	Bifidobacterium_animalis_YL2	PAN	Microbe	-1.0000000000020597	1.0000000000020597	-1.0	1.0000000000010298	-1.0000000000010298
84	Bifidobacterium_animalis_YL2	Riboflavin	Microbe	-0.9999999999999636	0.9999999999999636	-1.0	0.9999999999999818	-0.9999999999999818
