	Source	Target	SourceType	Weight	ABS_Weight	Sign_Weight	ABSRootWeight	SignedRootWeight
2	Acutalibacter_muris_KB1	PAN	Microbe	-2.0000000000076352	2.0000000000076352	-1.0	1.4142135623757945	-1.4142135623757945
65	Acutalibacter_muris_KB1	Pyridoxal	Microbe	-1.0000000000009155	1.0000000000009155	-1.0	1.0000000000004576	-1.0000000000004576
70	PAN	Bacteroides_caecimuris_I48	Metabolite	126.68907411568419	126.68907411568419	1.0	11.255624110447371	11.255624110447371
78	Pyridoxal	Acutalibacter_muris_KB1	Metabolite	193.59229303371148	193.59229303371148	1.0	13.913744752355905	13.913744752355905
81	Bacteroides_caecimuris_I48	PAN	Microbe	-1.000000000000042	1.000000000000042	-1.0	1.0000000000000209	-1.0000000000000209
