	Source	Target	SourceType	Weight	ABS_Weight	Sign_Weight	ABSRootWeight	SignedRootWeight
19	Clostridium_innocuum_I46	N-Acetyl-D-glucosamine-e0	Microbe	-1.0000000000000249	1.0000000000000249	-1.0	1.0000000000000124	-1.0000000000000124
37	N-Acetyl-D-glucosamine-e0	Clostridium_innocuum_I46	Metabolite	18.117340654693677	18.117340654693677	1.0	4.256446951941687	4.256446951941687
67	Clostridium_innocuum_I46	PAN	Microbe	-0.14300633879220062	0.14300633879220062	-1.0	0.37816178917521615	-0.37816178917521615
72	Enterocloster_clostridioformis_YL32	PAN	Microbe	-1.0000000000003166	1.0000000000003166	-1.0	1.0000000000001583	-1.0000000000001583
98	PAN	Enterocloster_clostridioformis_YL32	Metabolite	126.68907411985191	126.68907411985191	1.0	11.255624110632512	11.255624110632512
