	Source	Target	SourceType	Weight	ABS_Weight	Sign_Weight	ABSRootWeight	SignedRootWeight
13	bc1012	Fumarate	Microbe	-0.9999999999999988	0.9999999999999988	-1.0	0.9999999999999993	-0.9999999999999993
28	O2	bc1015	Metabolite	0.15324853629752633	0.15324853629752633	1.0	0.3914697131292871	0.3914697131292871
34	O2	bc1011	Metabolite	0.15278557913560206	0.15278557913560206	1.0	0.3908779593883519	0.3908779593883519
35	Fumarate	bc1012	Metabolite	0.03399847222152429	0.03399847222152429	1.0	0.18438674632826593	0.18438674632826593
84	bc1011	O2	Microbe	-0.9999999999999967	0.9999999999999967	-1.0	0.9999999999999983	-0.9999999999999983
85	bc1012	O2	Microbe	-0.999999999999991	0.999999999999991	-1.0	0.9999999999999954	-0.9999999999999954
112	O2	bc1012	Metabolite	0.152993124996932	0.152993124996932	1.0	0.3911433560690147	0.3911433560690147
193	bc1015	O2	Microbe	-1.0	1.0	-1.0	1.0	-1.0
