	Source	Target	SourceType	Weight	ABS_Weight	Sign_Weight	ABSRootWeight	SignedRootWeight
17	Thiamine	Limosilactobacillus_reuteri_I49	Metabolite	68.89327634788707	68.89327634788707	1.0	8.300197368008009	8.300197368008009
27	Folate-e0	Limosilactobacillus_reuteri_I49	Metabolite	34.44663817394242	34.44663817394242	1.0	5.869125844105102	5.869125844105102
38	Limosilactobacillus_reuteri_I49	Folate-e0	Microbe	-1.0000000000000449	1.0000000000000449	-1.0	1.0000000000000224	-1.0000000000000224
43	Flavonifractor_plautii_YL31	Riboflavin	Microbe	-0.6666666666698978	0.6666666666698978	-1.0	0.8164965809297047	-0.8164965809297047
45	Limosilactobacillus_reuteri_I49	Thiamine	Microbe	-0.999999999999879	0.999999999999879	-1.0	0.9999999999999395	-0.9999999999999395
61	Riboflavin	Limosilactobacillus_reuteri_I49	Metabolite	103.3399145218476	103.3399145218476	1.0	10.16562415800661	10.16562415800661
64	Limosilactobacillus_reuteri_I49	Riboflavin	Microbe	-1.0000000000001739	1.0000000000001739	-1.0	1.0000000000000868	-1.0000000000000868
65	Folate-e0	Flavonifractor_plautii_YL31	Metabolite	84.45938274558561	84.45938274558561	1.0	9.190178602485679	9.190178602485679
100	Flavonifractor_plautii_YL31	Folate-e0	Microbe	-1.0000000000000895	1.0000000000000895	-1.0	1.0000000000000446	-1.0000000000000446
