	Source	Target	SourceType	Weight	ABS_Weight	Sign_Weight	ABSRootWeight	SignedRootWeight
8	Riboflavin	Turicimonas_muris_YL45	Metabolite	126.68907411739079	126.68907411739079	1.0	11.255624110523183	11.255624110523183
48	N-acetyl-D-gluosamine	Enterocloster_clostridioformis_YL32	Metabolite	18.11734065476088	18.11734065476088	1.0	4.256446951949581	4.256446951949581
50	Turicimonas_muris_YL45	Riboflavin	Microbe	-0.9999999999997204	0.9999999999997204	-1.0	0.9999999999998602	-0.9999999999998602
96	Enterocloster_clostridioformis_YL32	N-acetyl-D-gluosamine	Microbe	-0.9999999999999979	0.9999999999999979	-1.0	0.9999999999999989	-0.9999999999999989
