	Source	Target	SourceType	Weight	ABS_Weight	Sign_Weight	ABSRootWeight	SignedRootWeight
26	PAN	Clostridium_innocuum_I46	Metabolite	126.68907411579006	126.68907411579006	1.0	11.255624110452075	11.255624110452075
72	Clostridium_innocuum_I46	PAN	Microbe	-1.0000000000000586	1.0000000000000586	-1.0	1.0000000000000293	-1.0000000000000293
77	Enterocloster_clostridioformis_YL32	PAN	Microbe	-0.9999999999999062	0.9999999999999062	-1.0	0.999999999999953	-0.999999999999953
105	PAN	Enterocloster_clostridioformis_YL32	Metabolite	126.68907411977642	126.68907411977642	1.0	11.255624110629158	11.255624110629158
