	Source	Target	SourceType	Weight	ABS_Weight	Sign_Weight	ABSRootWeight	SignedRootWeight
6	bc1010	D-Glucose	Microbe	-1.0000000000000004	1.0000000000000004	-1.0	1.0000000000000002	-1.0000000000000002
53	bc1009	D-Glucose	Microbe	-0.5488456961569521	0.5488456961569521	-1.0	0.7408412084630229	-0.7408412084630229
60	bc1001	D-Glucose	Microbe	-0.5486868532173556	0.5486868532173556	-1.0	0.7407339962613809	-0.7407339962613809
69	D-Glucose	bc1010	Metabolite	0.2697048295392189	0.2697048295392189	1.0	0.5193311366933615	0.5193311366933615
148	bc1010	O2	Microbe	-1.7682145622801937	1.7682145622801937	-1.0	1.3297422916791786	-1.3297422916791786
168	O2	bc1001	Metabolite	0.1523613679485789	0.1523613679485789	1.0	0.390334943284071	0.390334943284071
191	bc1009	O2	Microbe	-1.0000000000000036	1.0000000000000036	-1.0	1.0000000000000018	-1.0000000000000018
196	bc1001	O2	Microbe	-0.9999999999999996	0.9999999999999996	-1.0	0.9999999999999998	-0.9999999999999998
200	O2	bc1009	Metabolite	0.15319477863953596	0.15319477863953596	1.0	0.3914010457823739	0.3914010457823739
