	Source	Target	SourceType	Weight	ABS_Weight	Sign_Weight	ABSRootWeight	SignedRootWeight
20	Flavonifractor_plautii_YL31	PAN	Microbe	-0.9999999999807402	0.9999999999807402	-1.0	0.99999999999037	-0.99999999999037
34	Flavonifractor_plautii_YL31	Riboflavin	Microbe	-0.9999999999998331	0.9999999999998331	-1.0	0.9999999999999165	-0.9999999999999165
65	Bacteroides_caecimuris_I48	Riboflavin	Microbe	-0.9999999999999994	0.9999999999999994	-1.0	0.9999999999999997	-0.9999999999999997
77	PAN	Bacteroides_caecimuris_I48	Metabolite	126.68907411731047	126.68907411731047	1.0	11.255624110519614	11.255624110519614
83	Riboflavin	Flavonifractor_plautii_YL31	Metabolite	126.68907411804388	126.68907411804388	1.0	11.255624110552194	11.255624110552194
85	Bacteroides_caecimuris_I48	PAN	Microbe	-0.9999999999999688	0.9999999999999688	-1.0	0.9999999999999843	-0.9999999999999843
