	Source	Target	SourceType	Weight	ABS_Weight	Sign_Weight	ABSRootWeight	SignedRootWeight
7	Riboflavin	Bacteroides_caecimuris_I48	Metabolite	126.68907411785509	126.68907411785509	1.0	11.255624110543808	11.255624110543808
14	PAN	Blautia_coccoides_YL58	Metabolite	96.79614652167574	96.79614652167574	1.0	9.838503266334557	9.838503266334557
37	Blautia_coccoides_YL58	PAN	Microbe	-0.9999999999999984	0.9999999999999984	-1.0	0.9999999999999992	-0.9999999999999992
48	Blautia_coccoides_YL58	Riboflavin	Microbe	-1.0000000000000018	1.0000000000000018	-1.0	1.0000000000000009	-1.0000000000000009
67	Bacteroides_caecimuris_I48	Riboflavin	Microbe	-1.000000000000052	1.000000000000052	-1.0	1.000000000000026	-1.000000000000026
82	Bacteroides_caecimuris_I48	PAN	Microbe	-1.0000000000175573	1.0000000000175573	-1.0	1.0000000000087785	-1.0000000000087785
