	Source	Target	SourceType	Weight	ABS_Weight	Sign_Weight	ABSRootWeight	SignedRootWeight
18	Clostridium_innocuum_I46	N-Acetyl-D-glucosamine-e0	Microbe	-0.9999999999999905	0.9999999999999905	-1.0	0.9999999999999952	-0.9999999999999952
37	N-Acetyl-D-glucosamine-e0	Clostridium_innocuum_I46	Metabolite	18.117340654706442	18.117340654706442	1.0	4.256446951943186	4.256446951943186
69	Clostridium_innocuum_I46	PAN	Microbe	-0.14300633879358782	0.14300633879358782	-1.0	0.3781617891770503	-0.3781617891770503
73	Enterocloster_clostridioformis_YL32	PAN	Microbe	-1.000000000000287	1.000000000000287	-1.0	1.0000000000001434	-1.0000000000001434
97	PAN	Enterocloster_clostridioformis_YL32	Metabolite	126.68907411983177	126.68907411983177	1.0	11.255624110631617	11.255624110631617
