	Source	Target	SourceType	Weight	ABS_Weight	Sign_Weight	ABSRootWeight	SignedRootWeight
27	PAN	Clostridium_innocuum_I46	Metabolite	126.68907411578662	126.68907411578662	1.0	11.255624110451922	11.255624110451922
73	Clostridium_innocuum_I46	PAN	Microbe	-1.00000000000011	1.00000000000011	-1.0	1.0000000000000548	-1.0000000000000548
78	Enterocloster_clostridioformis_YL32	PAN	Microbe	-1.0000000000001645	1.0000000000001645	-1.0	1.0000000000000822	-1.0000000000000822
106	PAN	Enterocloster_clostridioformis_YL32	Metabolite	126.68907411979171	126.68907411979171	1.0	11.255624110629837	11.255624110629837
