	Source	Target	SourceType	Weight	ABS_Weight	Sign_Weight	ABSRootWeight	SignedRootWeight
8	Riboflavin	Turicimonas_muris_YL45	Metabolite	126.68907411739079	126.68907411739079	1.0	11.255624110523183	11.255624110523183
49	Turicimonas_muris_YL45	Riboflavin	Microbe	-0.9999999999997204	0.9999999999997204	-1.0	0.9999999999998602	-0.9999999999998602
87	Enterocloster_clostridioformis_YL32	Thiamin-e0	Microbe	-0.999999999999976	0.999999999999976	-1.0	0.999999999999988	-0.999999999999988
97	Thiamin-e0	Enterocloster_clostridioformis_YL32	Metabolite	253.37814825010088	253.37814825010088	1.0	15.917856270556689	15.917856270556689
