	Source	Target	SourceType	Weight	ABS_Weight	Sign_Weight	ABSRootWeight	SignedRootWeight
29	Flavonifractor_plautii_YL31	PAN	Microbe	-0.999999999965395	0.999999999965395	-1.0	0.9999999999826975	-0.9999999999826975
40	Flavonifractor_plautii_YL31	Riboflavin	Microbe	-0.9999999999995874	0.9999999999995874	-1.0	0.9999999999997937	-0.9999999999997937
68	Enterocloster_clostridioformis_YL32	PAN	Microbe	-1.000000000000266	1.000000000000266	-1.0	1.000000000000133	-1.000000000000133
81	Riboflavin	Flavonifractor_plautii_YL31	Metabolite	126.68907411705668	126.68907411705668	1.0	11.255624110508341	11.255624110508341
97	PAN	Enterocloster_clostridioformis_YL32	Metabolite	126.68907411984387	126.68907411984387	1.0	11.255624110632153	11.255624110632153
