	Source	Target	SourceType	Weight	ABS_Weight	Sign_Weight	ABSRootWeight	SignedRootWeight
27	Bacteroides_caecimuris_I48	Folate	Microbe	-1.0000000000000684	1.0000000000000684	-1.0	1.0000000000000342	-1.0000000000000342
53	Folate	Bacteroides_caecimuris_I48	Metabolite	84.45938272053168	84.45938272053168	1.0	9.190178601122597	9.190178601122597
67	Enterocloster_clostridioformis_YL32	PAN	Microbe	-1.000000000000322	1.000000000000322	-1.0	1.000000000000161	-1.000000000000161
78	Bacteroides_caecimuris_I48	PAN	Microbe	-0.6666666664829223	0.6666666664829223	-1.0	0.816496580815206	-0.816496580815206
93	PAN	Enterocloster_clostridioformis_YL32	Metabolite	126.68907411986531	126.68907411986531	1.0	11.255624110633107	11.255624110633107
