	Source	Target	Weight	Metabolites	ABSWeight	SignWeight	ABSRootWeight	SignedRootWeight
bc1002->bc1012	bc1002	bc1012	-0.20192102847134863	O2.D-Glucose	0.20192102847134863	-1.0	0.44935623782401046	-0.44935623782401046
bc1012->bc1002	bc1012	bc1002	-0.15290050085944631	O2	0.15290050085944631	-1.0	0.3910249363652481	-0.3910249363652481
