	Source	Target	SourceType	Weight	ABS_Weight	Sign_Weight	ABSRootWeight	SignedRootWeight
5	Riboflavin	Bifidobacterium_animalis_YL2	Metabolite	96.79614651727186	96.79614651727186	1.0	9.838503266110749	9.838503266110749
8	Riboflavin	Turicimonas_muris_YL45	Metabolite	126.68907411729502	126.68907411729502	1.0	11.255624110518928	11.255624110518928
51	Turicimonas_muris_YL45	Riboflavin	Microbe	-0.9999999999995249	0.9999999999995249	-1.0	0.9999999999997624	-0.9999999999997624
83	Bifidobacterium_animalis_YL2	Riboflavin	Microbe	-1.0000000000001597	1.0000000000001597	-1.0	1.0000000000000797	-1.0000000000000797
