	Source	Target	SourceType	Weight	ABS_Weight	Sign_Weight	ABSRootWeight	SignedRootWeight
34	Akkermansia_muciniphilaYL44	Riboflavin	Microbe	-1.0000000000001932	1.0000000000001932	-1.0	1.0000000000000966	-1.0000000000000966
50	Riboflavin-e0	Enterococcus_faecalis_KB1	Metabolite	96.79614652086046	96.79614652086046	1.0	9.838503266293124	9.838503266293124
54	Enterococcus_faecalis_KB1	Riboflavin-e0	Microbe	-0.999999999999935	0.999999999999935	-1.0	0.9999999999999675	-0.9999999999999675
79	Riboflavin	Akkermansia_muciniphilaYL44	Metabolite	126.6890741174977	126.6890741174977	1.0	11.255624110527933	11.255624110527933
