	Source	Target	SourceType	Weight	ABS_Weight	Sign_Weight	ABSRootWeight	SignedRootWeight
18	D-Glucose	bc1010	Metabolite	0.2697048295392189	0.2697048295392189	1.0	0.5193311366933615	0.5193311366933615
32	O2	bc1012	Metabolite	0.0434562741119513	0.0434562741119513	1.0	0.2084616849973906	0.2084616849973906
45	bc1010	D-Glucose	Microbe	-1.0000000000000004	1.0000000000000004	-1.0	1.0000000000000002	-1.0000000000000002
53	bc1012	D-Glucose	Microbe	-0.9999999999999973	0.9999999999999973	-1.0	0.9999999999999987	-0.9999999999999987
113	D-Glucose	bc1012	Metabolite	0.1303688223356662	0.1303688223356662	1.0	0.3610662298466394	0.3610662298466394
125	bc1010	O2	Microbe	-1.7682145622801937	1.7682145622801937	-1.0	1.3297422916791786	-1.3297422916791786
130	bc1012	O2	Microbe	-0.9999999999999959	0.9999999999999959	-1.0	0.9999999999999979	-0.9999999999999979
