	Source	Target	SourceType	Weight	ABS_Weight	Sign_Weight	ABSRootWeight	SignedRootWeight
3	Folate	Muribaculum_intestinale_YL27	Metabolite	84.45938274442915	84.45938274442915	1.0	9.19017860242276	9.19017860242276
56	Folate-e0	Flavonifractor_plautii_YL31	Metabolite	84.45938272269781	84.45938272269781	1.0	9.190178601240447	9.190178601240447
64	Muribaculum_intestinale_YL27	Folate	Microbe	-1.0000000000000486	1.0000000000000486	-1.0	1.0000000000000242	-1.0000000000000242
86	Flavonifractor_plautii_YL31	Folate-e0	Microbe	-1.000000000000161	1.000000000000161	-1.0	1.0000000000000804	-1.0000000000000804
