	Source	Target	SourceType	Weight	ABS_Weight	Sign_Weight	ABSRootWeight	SignedRootWeight
24	PAN	Limosilactobacillus_reuteri_I49	Metabolite	96.79614651704809	96.79614651704809	1.0	9.838503266099377	9.838503266099377
36	Akkermansia_muciniphilaYL44	PAN	Microbe	-0.9999999999933173	0.9999999999933173	-1.0	0.9999999999966587	-0.9999999999966587
45	Akkermansia_muciniphilaYL44	Riboflavin	Microbe	-1.0000000000001341	1.0000000000001341	-1.0	1.000000000000067	-1.000000000000067
46	Limosilactobacillus_reuteri_I49	PAN	Microbe	-1.0000000000002605	1.0000000000002605	-1.0	1.0000000000001301	-1.0000000000001301
59	Limosilactobacillus_reuteri_I49	Riboflavin	Microbe	-1.0000000000000029	1.0000000000000029	-1.0	1.0000000000000013	-1.0000000000000013
96	Riboflavin	Akkermansia_muciniphilaYL44	Metabolite	126.68907411748881	126.68907411748881	1.0	11.255624110527537	11.255624110527537
