	Source	Target	SourceType	Weight	ABS_Weight	Sign_Weight	ABSRootWeight	SignedRootWeight
29	Flavonifractor_plautii_YL31	PAN	Microbe	-0.9999999999610655	0.9999999999610655	-1.0	0.9999999999805327	-0.9999999999805327
40	Flavonifractor_plautii_YL31	Riboflavin	Microbe	-0.9999999999997767	0.9999999999997767	-1.0	0.9999999999998883	-0.9999999999998883
69	Enterocloster_clostridioformis_YL32	PAN	Microbe	-1.000000000000266	1.000000000000266	-1.0	1.000000000000133	-1.000000000000133
82	Riboflavin	Flavonifractor_plautii_YL31	Metabolite	126.68907411750124	126.68907411750124	1.0	11.255624110528089	11.255624110528089
99	PAN	Enterocloster_clostridioformis_YL32	Metabolite	126.68907411984387	126.68907411984387	1.0	11.255624110632153	11.255624110632153
