	Source	Target	SourceType	Weight	ABS_Weight	Sign_Weight	ABSRootWeight	SignedRootWeight
17	PAN	Blautia_coccoides_YL58	Metabolite	96.79614651615971	96.79614651615971	1.0	9.838503266054229	9.838503266054229
39	Blautia_coccoides_YL58	PAN	Microbe	-0.9999999999998866	0.9999999999998866	-1.0	0.9999999999999433	-0.9999999999999433
51	N-acetyl-D-gluosamine	Enterocloster_clostridioformis_YL32	Metabolite	18.11734065478539	18.11734065478539	1.0	4.25644695195246	4.25644695195246
72	Enterocloster_clostridioformis_YL32	PAN	Microbe	-0.14300633879646346	0.14300633879646346	-1.0	0.3781617891808524	-0.3781617891808524
100	Enterocloster_clostridioformis_YL32	N-acetyl-D-gluosamine	Microbe	-0.9999999999999778	0.9999999999999778	-1.0	0.9999999999999889	-0.9999999999999889
