	Source	Target	SourceType	Weight	ABS_Weight	Sign_Weight	ABSRootWeight	SignedRootWeight
17	PAN	Limosilactobacillus_reuteri_I49	Metabolite	96.7961465161655	96.7961465161655	1.0	9.838503266054522	9.838503266054522
46	Limosilactobacillus_reuteri_I49	PAN	Microbe	-0.9999999999999917	0.9999999999999917	-1.0	0.9999999999999958	-0.9999999999999958
90	PAN	Bacteroides_caecimuris_I48	Metabolite	126.68907411586125	126.68907411586125	1.0	11.255624110455237	11.255624110455237
93	Bacteroides_caecimuris_I48	PAN	Microbe	-0.9999999999999617	0.9999999999999617	-1.0	0.9999999999999808	-0.9999999999999808
