	Source	Target	SourceType	Weight	ABS_Weight	Sign_Weight	ABSRootWeight	SignedRootWeight
30	Akkermansia_muciniphilaYL44	PAN	Microbe	-1.0000000000112115	1.0000000000112115	-1.0	1.0000000000056057	-1.0000000000056057
38	Akkermansia_muciniphilaYL44	Riboflavin	Microbe	-1.0000000000004412	1.0000000000004412	-1.0	1.0000000000002205	-1.0000000000002205
59	Bacteroides_caecimuris_I48	Riboflavin	Microbe	-1.0000000000000004	1.0000000000000004	-1.0	1.0000000000000002	-1.0000000000000002
68	PAN	Bacteroides_caecimuris_I48	Metabolite	126.68907411667587	126.68907411667587	1.0	11.255624110491425	11.255624110491425
76	Bacteroides_caecimuris_I48	PAN	Microbe	-0.9999999999999603	0.9999999999999603	-1.0	0.9999999999999801	-0.9999999999999801
85	Riboflavin	Akkermansia_muciniphilaYL44	Metabolite	126.68907411864978	126.68907411864978	1.0	11.25562411057911	11.25562411057911
