	Source	Target	SourceType	Weight	ABS_Weight	Sign_Weight	ABSRootWeight	SignedRootWeight
13	PAN	Clostridium_innocuum_I46	Metabolite	126.68907412269417	126.68907412269417	1.0	11.25562411075877	11.25562411075877
64	Clostridium_innocuum_I46	PAN	Microbe	-1.0000000000006695	1.0000000000006695	-1.0	1.0000000000003346	-1.0000000000003346
77	PAN	Bacteroides_caecimuris_I48	Metabolite	126.68907411733072	126.68907411733072	1.0	11.255624110520515	11.255624110520515
84	Bacteroides_caecimuris_I48	PAN	Microbe	-1.0000000000001121	1.0000000000001121	-1.0	1.000000000000056	-1.000000000000056
