	Source	Target	SourceType	Weight	ABS_Weight	Sign_Weight	ABSRootWeight	SignedRootWeight
48	Akkermansia_muciniphilaYL44	Riboflavin	Microbe	-0.9999999999999647	0.9999999999999647	-1.0	0.9999999999999823	-0.9999999999999823
49	Clostridium_innocuum_I46	Riboflavin	Microbe	-0.9999999999999802	0.9999999999999802	-1.0	0.9999999999999901	-0.9999999999999901
75	Riboflavin	Clostridium_innocuum_I46	Metabolite	126.68907411153626	126.68907411153626	1.0	11.255624110263112	11.255624110263112
96	Riboflavin	Akkermansia_muciniphilaYL44	Metabolite	126.68907411769274	126.68907411769274	1.0	11.255624110536596	11.255624110536596
