	Source	Target	SourceType	Weight	ABS_Weight	Sign_Weight	ABSRootWeight	SignedRootWeight
45	Flavonifractor_plautii_YL31	Riboflavin	Microbe	-1.0000000000001072	1.0000000000001072	-1.0	1.0000000000000535	-1.0000000000000535
50	Akkermansia_muciniphilaYL44	Riboflavin	Microbe	-0.9999999999999704	0.9999999999999704	-1.0	0.9999999999999851	-0.9999999999999851
88	Riboflavin	Flavonifractor_plautii_YL31	Metabolite	126.68907411809715	126.68907411809715	1.0	11.25562411055456	11.25562411055456
101	Riboflavin	Akkermansia_muciniphilaYL44	Metabolite	126.6890741181453	126.6890741181453	1.0	11.255624110556699	11.255624110556699
