	Source	Target	SourceType	Weight	ABS_Weight	Sign_Weight	ABSRootWeight	SignedRootWeight
18	D-Glucose	bc1010	Metabolite	0.2697048295392189	0.2697048295392189	1.0	0.5193311366933615	0.5193311366933615
44	bc1010	D-Glucose	Microbe	-1.0000000000000004	1.0000000000000004	-1.0	1.0000000000000002	-1.0000000000000002
52	bc1012	D-Glucose	Microbe	-1.0000000000000009	1.0000000000000009	-1.0	1.0000000000000004	-1.0000000000000004
111	D-Glucose	bc1012	Metabolite	0.1815606465342931	0.1815606465342931	1.0	0.4260993388099694	0.4260993388099694
