	Source	Target	SourceType	Weight	ABS_Weight	Sign_Weight	ABSRootWeight	SignedRootWeight
5	Riboflavin	Bacteroides_caecimuris_I48	Metabolite	126.68907411757395	126.68907411757395	1.0	11.255624110531318	11.255624110531318
65	Bacteroides_caecimuris_I48	Riboflavin	Microbe	-1.0000000000000169	1.0000000000000169	-1.0	1.0000000000000084	-1.0000000000000084
68	Enterocloster_clostridioformis_YL32	PAN	Microbe	-1.000000000000322	1.000000000000322	-1.0	1.000000000000161	-1.000000000000161
79	Bacteroides_caecimuris_I48	PAN	Microbe	-1.0000000000093965	1.0000000000093965	-1.0	1.0000000000046982	-1.0000000000046982
95	PAN	Enterocloster_clostridioformis_YL32	Metabolite	126.68907411986531	126.68907411986531	1.0	11.255624110633107	11.255624110633107
