	Source	Target	Weight	Metabolites	ABSWeight	SignWeight	ABSRootWeight	SignedRootWeight
bc1012->bc1015	bc1012	bc1015	-0.2787243911686648	D-Glucose	0.2787243911686648	-1.0	0.527943549225355	-0.527943549225355
bc1015->bc1012	bc1015	bc1012	-0.17978757871797324	D-Glucose.O2	0.17978757871797324	-1.0	0.42401365392870694	-0.42401365392870694
