	Source	Target	SourceType	Weight	ABS_Weight	Sign_Weight	ABSRootWeight	SignedRootWeight
45	Akkermansia_muciniphilaYL44	Riboflavin	Microbe	-0.999999999999968	0.999999999999968	-1.0	0.999999999999984	-0.999999999999984
57	Riboflavin	Limosilactobacillus_reuteri_I49	Metabolite	96.79614651669893	96.79614651669893	1.0	9.83850326608163	9.83850326608163
60	Limosilactobacillus_reuteri_I49	Riboflavin	Microbe	-0.9999999999998107	0.9999999999998107	-1.0	0.9999999999999053	-0.9999999999999053
97	Riboflavin	Akkermansia_muciniphilaYL44	Metabolite	126.68907411746463	126.68907411746463	1.0	11.255624110526464	11.255624110526464
