	Source	Target	Weight	Metabolites	ABSWeight	SignWeight	ABSRootWeight	SignedRootWeight
bc1010->bc1008	bc1010	bc1008	-0.03249226046660573	D-Glucose	0.03249226046660573	-1.0	0.18025609689163286	-0.18025609689163286
bc1012->bc1008	bc1012	bc1008	-0.05745328811845745	D-Glucose	0.05745328811845745	-1.0	0.2396941553698326	-0.2396941553698326
bc1008->bc1012	bc1008	bc1012	-3.0965517013030937	D-Glucose.O2	3.0965517013030937	-1.0	1.7597021626693232	-1.7597021626693232
bc1010->bc1012	bc1010	bc1012	-0.204920398338426	D-Glucose.Fumarate.O2	0.204920398338426	-1.0	0.45268134304212937	-0.45268134304212937
bc1008->bc1010	bc1008	bc1010	-0.0034192590176268323	O2	0.0034192590176268323	-1.0	0.058474430460046654	-0.058474430460046654
bc1012->bc1010	bc1012	bc1010	-0.15252946972195197	O2	0.15252946972195197	-1.0	0.39055021408514423	-0.39055021408514423
