	Source	Target	SourceType	Weight	ABS_Weight	Sign_Weight	ABSRootWeight	SignedRootWeight
16	PAN	Blautia_coccoides_YL58	Metabolite	96.79614652167574	96.79614652167574	1.0	9.838503266334557	9.838503266334557
40	Blautia_coccoides_YL58	PAN	Microbe	-0.9999999999999984	0.9999999999999984	-1.0	0.9999999999999992	-0.9999999999999992
68	Enterocloster_clostridioformis_YL32	PAN	Microbe	-1.0000000000001157	1.0000000000001157	-1.0	1.0000000000000577	-1.0000000000000577
94	PAN	Enterocloster_clostridioformis_YL32	Metabolite	126.68907411981519	126.68907411981519	1.0	11.25562411063088	11.25562411063088
