	Source	Target	SourceType	Weight	ABS_Weight	Sign_Weight	ABSRootWeight	SignedRootWeight
26	PAN	Limosilactobacillus_reuteri_I49	Metabolite	96.79614651498487	96.79614651498487	1.0	9.838503265994522	9.838503265994522
52	Limosilactobacillus_reuteri_I49	PAN	Microbe	-0.9999999999999523	0.9999999999999523	-1.0	0.9999999999999761	-0.9999999999999761
77	Enterocloster_clostridioformis_YL32	PAN	Microbe	-0.999999999999968	0.999999999999968	-1.0	0.999999999999984	-0.999999999999984
104	PAN	Enterocloster_clostridioformis_YL32	Metabolite	126.68907411962824	126.68907411962824	1.0	11.255624110622575	11.255624110622575
