	Source	Target	SourceType	Weight	ABS_Weight	Sign_Weight	ABSRootWeight	SignedRootWeight
bc1008##Acetate	bc1008	Acetate	Microbe	-2.1e-07	2.1e-07	-1.0	0.000458257569495584	-0.000458257569495584
Acetate##bc1008	Acetate	bc1008	Metabolite	2.1e-07	2.1e-07	1.0	0.000458257569495584	0.000458257569495584
bc1008##D-Glucose	bc1008	D-Glucose	Microbe	1.4e-07	1.4e-07	1.0	0.00037416573867739413	0.00037416573867739413
bc1008##H+	bc1008	H+	Microbe	-3.4e-07	3.4e-07	-1.0	0.00058309518948453	-0.00058309518948453
H+##bc1008	H+	bc1008	Metabolite	3.4e-07	3.4e-07	1.0	0.00058309518948453	0.00058309518948453
bc1008##H2O	bc1008	H2O	Microbe	-5e-08	5e-08	-1.0	0.00022360679774997898	-0.00022360679774997898
H2O##bc1008	H2O	bc1008	Metabolite	5e-08	5e-08	1.0	0.00022360679774997898	0.00022360679774997898
bc1008##L-Lactate	bc1008	L-Lactate	Microbe	-1.4e-07	1.4e-07	-1.0	0.00037416573867739413	-0.00037416573867739413
L-Lactate##bc1008	L-Lactate	bc1008	Metabolite	1.4e-07	1.4e-07	1.0	0.00037416573867739413	0.00037416573867739413
