	Source	Target	SourceType	Weight	ABS_Weight	Sign_Weight	ABSRootWeight	SignedRootWeight
0	Enterococcus_faecalis_KB1	N-Acetyl-D-glucosamine-e0	Microbe	-0.9999999999999981	0.9999999999999981	-1.0	0.999999999999999	-0.999999999999999
36	N-Acetyl-D-glucosamine-e0	Enterococcus_faecalis_KB1	Metabolite	4.804135289555417	4.804135289555417	1.0	2.191833773249107	2.191833773249107
68	Acutalibacter_muris_KB1	Pyridoxal	Microbe	-1.0000000000001825	1.0000000000001825	-1.0	1.0000000000000913	-1.0000000000000913
81	Pyridoxal	Acutalibacter_muris_KB1	Metabolite	193.5922930336292	193.5922930336292	1.0	13.913744752352947	13.913744752352947
86	Enterococcus_faecalis_KB1	Pyridoxal	Microbe	-0.02481573627906256	0.02481573627906256	-1.0	0.15753011229305514	-0.15753011229305514
