	Source	Target	SourceType	Weight	ABS_Weight	Sign_Weight	ABSRootWeight	SignedRootWeight
23	Clostridium_innocuum_I46	Folate-e0	Microbe	-1.0000000000000018	1.0000000000000018	-1.0	1.0000000000000009	-1.0000000000000009
57	Thiamin-e0	Clostridium_innocuum_I46	Metabolite	253.3781482174964	253.3781482174964	1.0	15.91785626953254	15.91785626953254
62	Folate-e0	Flavonifractor_plautii_YL31	Metabolite	84.45938273843333	84.45938273843333	1.0	9.190178602096552	9.190178602096552
90	Clostridium_innocuum_I46	Thiamin-e0	Microbe	-0.9999999999982041	0.9999999999982041	-1.0	0.999999999999102	-0.999999999999102
98	Flavonifractor_plautii_YL31	Folate-e0	Microbe	-0.9999999999999982	0.9999999999999982	-1.0	0.9999999999999991	-0.9999999999999991
