	Source	Target	SourceType	Weight	ABS_Weight	Sign_Weight	ABSRootWeight	SignedRootWeight
12	Enterococcus_faecalis_KB1	PAN	Microbe	-1.000000000057351	1.000000000057351	-1.0	1.0000000000286755	-1.0000000000286755
56	Riboflavin-e0	Enterococcus_faecalis_KB1	Metabolite	96.79614652206305	96.79614652206305	1.0	9.838503266354241	9.838503266354241
63	Enterococcus_faecalis_KB1	Riboflavin-e0	Microbe	-0.9999999999999089	0.9999999999999089	-1.0	0.9999999999999544	-0.9999999999999544
71	PAN	Bacteroides_caecimuris_I48	Metabolite	126.68907411723146	126.68907411723146	1.0	11.255624110516106	11.255624110516106
79	Bacteroides_caecimuris_I48	PAN	Microbe	-0.9999999999997212	0.9999999999997212	-1.0	0.9999999999998606	-0.9999999999998606
