	Source	Target	SourceType	Weight	ABS_Weight	Sign_Weight	ABSRootWeight	SignedRootWeight
18	PAN	Blautia_coccoides_YL58	Metabolite	96.79614651616475	96.79614651616475	1.0	9.838503266054484	9.838503266054484
20	Thiamine	Limosilactobacillus_reuteri_I49	Metabolite	193.59229303140503	193.59229303140503	1.0	13.913744752273022	13.913744752273022
44	Blautia_coccoides_YL58	PAN	Microbe	-0.9999999999997745	0.9999999999997745	-1.0	0.9999999999998872	-0.9999999999998872
49	Limosilactobacillus_reuteri_I49	Thiamine	Microbe	-0.9999999999998809	0.9999999999998809	-1.0	0.9999999999999404	-0.9999999999999404
53	Limosilactobacillus_reuteri_I49	PAN	Microbe	-1.9999999999786637	1.9999999999786637	-1.0	1.4142135623655516	-1.4142135623655516
