	Source	Target	SourceType	Weight	ABS_Weight	Sign_Weight	ABSRootWeight	SignedRootWeight
5	Acutalibacter_muris_KB1	PAN	Microbe	-2.0000000000131832	2.0000000000131832	-1.0	1.414213562377756	-1.414213562377756
20	PAN	Clostridium_innocuum_I46	Metabolite	126.68907411773955	126.68907411773955	1.0	11.255624110538676	11.255624110538676
62	Clostridium_innocuum_I46	PAN	Microbe	-1.0000000000000309	1.0000000000000309	-1.0	1.0000000000000153	-1.0000000000000153
72	Acutalibacter_muris_KB1	Pyridoxal	Microbe	-1.0000000000001397	1.0000000000001397	-1.0	1.0000000000000697	-1.0000000000000697
84	Pyridoxal	Acutalibacter_muris_KB1	Metabolite	193.59229303350062	193.59229303350062	1.0	13.913744752348327	13.913744752348327
