	Source	Target	SourceType	Weight	ABS_Weight	Sign_Weight	ABSRootWeight	SignedRootWeight
16	Thiamine	Limosilactobacillus_reuteri_I49	Metabolite	135.56370855035527	135.56370855035527	1.0	11.643182921793992	11.643182921793992
28	Folate-e0	Limosilactobacillus_reuteri_I49	Metabolite	67.78185427513947	67.78185427513947	1.0	8.232973598593613	8.232973598593613
39	Limosilactobacillus_reuteri_I49	Folate-e0	Microbe	-0.9999999999998664	0.9999999999998664	-1.0	0.9999999999999332	-0.9999999999999332
44	Flavonifractor_plautii_YL31	Riboflavin	Microbe	-0.6666666666648497	0.6666666666648497	-1.0	0.8164965809266134	-0.8164965809266134
46	Limosilactobacillus_reuteri_I49	Thiamine	Microbe	-0.9999999999992067	0.9999999999992067	-1.0	0.9999999999996033	-0.9999999999996033
62	Riboflavin	Limosilactobacillus_reuteri_I49	Metabolite	203.3455628255413	203.3455628255413	1.0	14.259928570141623	14.259928570141623
65	Limosilactobacillus_reuteri_I49	Riboflavin	Microbe	-1.0000000000000533	1.0000000000000533	-1.0	1.0000000000000266	-1.0000000000000266
66	Folate-e0	Flavonifractor_plautii_YL31	Metabolite	84.45938274524326	84.45938274524326	1.0	9.190178602467052	9.190178602467052
103	Flavonifractor_plautii_YL31	Folate-e0	Microbe	-1.0000000000002995	1.0000000000002995	-1.0	1.0000000000001497	-1.0000000000001497
