	Source	Target	Weight	Metabolites	ABSWeight	SignWeight	ABSRootWeight	SignedRootWeight
bc1008->bc1012	bc1008	bc1012	-3.0965517013026993	D-Glucose.O2	3.0965517013026993	-1.0	1.7597021626692113	-1.7597021626692113
bc1010->bc1012	bc1010	bc1012	-0.2049203983382662	D-Glucose.O2.Fumarate	0.2049203983382662	-1.0	0.45268134304195284	-0.45268134304195284
bc1008->bc1010	bc1008	bc1010	-0.0034192590176268323	O2	0.0034192590176268323	-1.0	0.058474430460046654	-0.058474430460046654
bc1012->bc1010	bc1012	bc1010	-0.15252946972193995	O2	0.15252946972193995	-1.0	0.3905502140851288	-0.3905502140851288
bc1010->bc1008	bc1010	bc1008	-0.03249226046660573	D-Glucose	0.03249226046660573	-1.0	0.18025609689163286	-0.18025609689163286
bc1012->bc1008	bc1012	bc1008	-0.057453288118437376	D-Glucose	0.057453288118437376	-1.0	0.23969415536979072	-0.23969415536979072
