	Source	Target	Weight	Metabolites	ABSWeight	SignWeight	ABSRootWeight	SignedRootWeight
bc1012->bc1001	bc1012	bc1001	-1.564707491653278	D-Glucose.O2	1.564707491653278	-1.0	1.2508826850081818	-1.2508826850081818
bc1015->bc1001	bc1015	bc1001	-0.28356631483151595	D-Glucose.O2	0.28356631483151595	-1.0	0.532509450462164	-0.532509450462164
bc1001->bc1012	bc1001	bc1012	-1.565826446637416	D-Glucose.O2	1.565826446637416	-1.0	1.251329871231969	-1.251329871231969
bc1015->bc1012	bc1015	bc1012	-0.28376909902173386	D-Glucose.O2	0.28376909902173386	-1.0	0.53269982074498	-0.53269982074498
bc1001->bc1015	bc1001	bc1015	-0.278724391168684	D-Glucose	0.278724391168684	-1.0	0.5279435492253731	-0.5279435492253731
bc1012->bc1015	bc1012	bc1015	-0.2787243911686837	D-Glucose	0.2787243911686837	-1.0	0.5279435492253729	-0.5279435492253729
