	Source	Target	SourceType	Weight	ABS_Weight	Sign_Weight	ABSRootWeight	SignedRootWeight
16	PAN	Limosilactobacillus_reuteri_I49	Metabolite	96.79614651798268	96.79614651798268	1.0	9.838503266146873	9.838503266146873
46	Limosilactobacillus_reuteri_I49	PAN	Microbe	-0.9999999999931674	0.9999999999931674	-1.0	0.9999999999965836	-0.9999999999965836
90	PAN	Bacteroides_caecimuris_I48	Metabolite	126.68907411586125	126.68907411586125	1.0	11.255624110455237	11.255624110455237
93	Bacteroides_caecimuris_I48	PAN	Microbe	-0.9999999999999617	0.9999999999999617	-1.0	0.9999999999999808	-0.9999999999999808
