	Source	Target	SourceType	Weight	ABS_Weight	Sign_Weight	ABSRootWeight	SignedRootWeight
6	Riboflavin	Turicimonas_muris_YL45	Metabolite	126.68907411739079	126.68907411739079	1.0	11.255624110523183	11.255624110523183
46	Akkermansia_muciniphilaYL44	Riboflavin	Microbe	-0.6666666666420871	0.6666666666420871	-1.0	0.8164965809126742	-0.8164965809126742
47	Folate	Akkermansia_muciniphilaYL44	Metabolite	84.45938274272257	84.45938274272257	1.0	9.190178602329912	9.190178602329912
52	Turicimonas_muris_YL45	Riboflavin	Microbe	-0.9999999999997204	0.9999999999997204	-1.0	0.9999999999998602	-0.9999999999998602
77	Akkermansia_muciniphilaYL44	Folate	Microbe	-0.9999999999996678	0.9999999999996678	-1.0	0.9999999999998339	-0.9999999999998339
86	Turicimonas_muris_YL45	Folate	Microbe	-0.9999999999999978	0.9999999999999978	-1.0	0.9999999999999989	-0.9999999999999989
