	Source	Target	SourceType	Weight	ABS_Weight	Sign_Weight	ABSRootWeight	SignedRootWeight
8	Riboflavin	Turicimonas_muris_YL45	Metabolite	126.68907411760752	126.68907411760752	1.0	11.25562411053281	11.25562411053281
27	Muribaculum_intestinale_YL27	Riboflavin	Microbe	-1.0000000000000844	1.0000000000000844	-1.0	1.0000000000000422	-1.0000000000000422
55	Turicimonas_muris_YL45	Riboflavin	Microbe	-1.0000000000012945	1.0000000000012945	-1.0	1.0000000000006473	-1.0000000000006473
65	Riboflavin	Muribaculum_intestinale_YL27	Metabolite	126.68907411847954	126.68907411847954	1.0	11.255624110571548	11.255624110571548
