	IntegralDiff	MaxDiff	MaxTime
bc1002	0.00010931599764263932	0.0012063509514979045	0.03624262426242624
bc1008	5.679904652045978e-05	4.684034239779776e-05	0.1645114511451145
