	Source	Target	SourceType	Weight	ABS_Weight	Sign_Weight	ABSRootWeight	SignedRootWeight
37	Limosilactobacillus_reuteri_I49	PAN	Microbe	-0.9999999999997561	0.9999999999997561	-1.0	0.999999999999878	-0.999999999999878
47	PAN	Limosilactobacillus_reuteri_I49	Metabolite	96.79614651718363	96.79614651718363	1.0	9.838503266106263	9.838503266106263
