	Source	Target	SourceType	Weight	ABS_Weight	Sign_Weight	ABSRootWeight	SignedRootWeight
6	Riboflavin	Turicimonas_muris_YL45	Metabolite	126.68907411739079	126.68907411739079	1.0	11.255624110523183	11.255624110523183
44	Akkermansia_muciniphilaYL44	Riboflavin	Microbe	-0.6666666666345306	0.6666666666345306	-1.0	0.8164965809080468	-0.8164965809080468
45	Folate	Akkermansia_muciniphilaYL44	Metabolite	84.45938274186564	84.45938274186564	1.0	9.19017860228329	9.19017860228329
50	Turicimonas_muris_YL45	Riboflavin	Microbe	-0.9999999999997204	0.9999999999997204	-1.0	0.9999999999998602	-0.9999999999998602
74	Akkermansia_muciniphilaYL44	Folate	Microbe	-0.9999999999996855	0.9999999999996855	-1.0	0.9999999999998427	-0.9999999999998427
83	Turicimonas_muris_YL45	Folate	Microbe	-0.9999999999999978	0.9999999999999978	-1.0	0.9999999999999989	-0.9999999999999989
