	Source	Target	SourceType	Weight	ABS_Weight	Sign_Weight	ABSRootWeight	SignedRootWeight
24	Muribaculum_intestinale_YL27	Riboflavin	Microbe	-1.0000000000000002	1.0000000000000002	-1.0	1.0	-1.0
46	Muribaculum_intestinale_YL27	PAN	Microbe	-1.0000000000000122	1.0000000000000122	-1.0	1.000000000000006	-1.000000000000006
50	Limosilactobacillus_reuteri_I49	PAN	Microbe	-1.000000000000909	1.000000000000909	-1.0	1.0000000000004545	-1.0000000000004545
58	Riboflavin	Limosilactobacillus_reuteri_I49	Metabolite	96.79614651624983	96.79614651624983	1.0	9.838503266058808	9.838503266058808
61	Limosilactobacillus_reuteri_I49	Riboflavin	Microbe	-1.0000000000000309	1.0000000000000309	-1.0	1.0000000000000153	-1.0000000000000153
114	PAN	Muribaculum_intestinale_YL27	Metabolite	126.68907411703398	126.68907411703398	1.0	11.255624110507332	11.255624110507332
