	Source	Target	SourceType	Weight	ABS_Weight	Sign_Weight	ABSRootWeight	SignedRootWeight
27	Enterococcus_faecalis_KB1	PAN	Microbe	-1.000000000034564	1.000000000034564	-1.0	1.000000000017282	-1.000000000017282
29	PAN	Limosilactobacillus_reuteri_I49	Metabolite	96.79614651631051	96.79614651631051	1.0	9.838503266061892	9.838503266061892
50	Limosilactobacillus_reuteri_I49	PAN	Microbe	-1.000000000000013	1.000000000000013	-1.0	1.0000000000000064	-1.0000000000000064
75	Riboflavin-e0	Enterococcus_faecalis_KB1	Metabolite	96.79614651985041	96.79614651985041	1.0	9.838503266241792	9.838503266241792
78	Enterococcus_faecalis_KB1	Riboflavin-e0	Microbe	-0.9999999999998528	0.9999999999998528	-1.0	0.9999999999999264	-0.9999999999999264
