	Source	Target	SourceType	Weight	ABS_Weight	Sign_Weight	ABSRootWeight	SignedRootWeight
18	Clostridium_innocuum_I46	N-Acetyl-D-glucosamine-e0	Microbe	-0.9999999999999912	0.9999999999999912	-1.0	0.9999999999999956	-0.9999999999999956
37	N-Acetyl-D-glucosamine-e0	Clostridium_innocuum_I46	Metabolite	18.11734065470302	18.11734065470302	1.0	4.2564469519427846	4.2564469519427846
69	Clostridium_innocuum_I46	PAN	Microbe	-0.14300633879324756	0.14300633879324756	-1.0	0.37816178917660037	-0.37816178917660037
73	Enterocloster_clostridioformis_YL32	PAN	Microbe	-1.000000000000287	1.000000000000287	-1.0	1.0000000000001434	-1.0000000000001434
97	PAN	Enterocloster_clostridioformis_YL32	Metabolite	126.68907411983177	126.68907411983177	1.0	11.255624110631617	11.255624110631617
