	Source	Target	SourceType	Weight	ABS_Weight	Sign_Weight	ABSRootWeight	SignedRootWeight
8	Riboflavin	Turicimonas_muris_YL45	Metabolite	126.68907411832984	126.68907411832984	1.0	11.255624110564897	11.255624110564897
13	Melitose-e0	Limosilactobacillus_reuteri_I49	Metabolite	3.0903794260433455	3.0903794260433455	1.0	1.7579475037791503	1.7579475037791503
58	Turicimonas_muris_YL45	Riboflavin	Microbe	-0.9999999999988971	0.9999999999988971	-1.0	0.9999999999994486	-0.9999999999994486
84	Limosilactobacillus_reuteri_I49	Melitose-e0	Microbe	-1.0000000000000024	1.0000000000000024	-1.0	1.000000000000001	-1.000000000000001
