	Source	Target	SourceType	Weight	ABS_Weight	Sign_Weight	ABSRootWeight	SignedRootWeight
16	PAN	Blautia_coccoides_YL58	Metabolite	96.79614651615516	96.79614651615516	1.0	9.838503266053996	9.838503266053996
22	Enterococcus_faecalis_KB1	PAN	Microbe	-0.9999999999998562	0.9999999999998562	-1.0	0.9999999999999281	-0.9999999999999281
34	PAN	Enterococcus_faecalis_KB1	Metabolite	96.79614651652125	96.79614651652125	1.0	9.838503266072602	9.838503266072602
45	Blautia_coccoides_YL58	PAN	Microbe	-1.0000000000000393	1.0000000000000393	-1.0	1.0000000000000195	-1.0000000000000195
