	IntegralDiff	MaxDiff	MaxTime
bc1011	0.0012373428986436957	0.0007840310768813306	1.0428642864286428
bc1012	0.027983110466112463	0.01745627738559867	1.9639283928392839
bc1015	0.001933750752748462	0.00123263009878986	0.6271117111711171
