	Source	Target	SourceType	Weight	ABS_Weight	Sign_Weight	ABSRootWeight	SignedRootWeight
17	Clostridium_innocuum_I46	N-Acetyl-D-glucosamine-e0	Microbe	-0.9999999999999928	0.9999999999999928	-1.0	0.9999999999999963	-0.9999999999999963
36	N-Acetyl-D-glucosamine-e0	Clostridium_innocuum_I46	Metabolite	18.1173406547836	18.1173406547836	1.0	4.25644695195225	4.25644695195225
42	Flavonifractor_plautii_YL31	Riboflavin	Microbe	-1.0000000000000235	1.0000000000000235	-1.0	1.0000000000000118	-1.0000000000000118
87	Riboflavin	Flavonifractor_plautii_YL31	Metabolite	126.68907411821378	126.68907411821378	1.0	11.255624110559742	11.255624110559742
