	Source	Target	SourceType	Weight	ABS_Weight	Sign_Weight	ABSRootWeight	SignedRootWeight
3	Riboflavin	Bifidobacterium_animalis_YL2	Metabolite	96.79614651693699	96.79614651693699	1.0	9.83850326609373	9.83850326609373
37	Flavonifractor_plautii_YL31	Riboflavin	Microbe	-1.0000000000000222	1.0000000000000222	-1.0	1.000000000000011	-1.000000000000011
88	Bifidobacterium_animalis_YL2	Riboflavin	Microbe	-1.0000000000000078	1.0000000000000078	-1.0	1.0000000000000038	-1.0000000000000038
89	Riboflavin	Flavonifractor_plautii_YL31	Metabolite	126.68907411771963	126.68907411771963	1.0	11.25562411053779	11.25562411053779
