	Source	Target	SourceType	Weight	ABS_Weight	Sign_Weight	ABSRootWeight	SignedRootWeight
26	Muribaculum_intestinale_YL27	Riboflavin	Microbe	-0.9999999999997639	0.9999999999997639	-1.0	0.9999999999998819	-0.9999999999998819
45	Muribaculum_intestinale_YL27	PAN	Microbe	-0.9999999999731407	0.9999999999731407	-1.0	0.9999999999865703	-0.9999999999865703
63	Riboflavin	Muribaculum_intestinale_YL27	Metabolite	126.6890741130289	126.6890741130289	1.0	11.255624110329418	11.255624110329418
75	Enterocloster_clostridioformis_YL32	PAN	Microbe	-0.9999999999999506	0.9999999999999506	-1.0	0.9999999999999752	-0.9999999999999752
101	PAN	Enterocloster_clostridioformis_YL32	Metabolite	126.68907411980524	126.68907411980524	1.0	11.255624110630437	11.255624110630437
