	Source	Target	Weight	Metabolites	ABSWeight	SignWeight	ABSRootWeight	SignedRootWeight
bc1015->bc1009	bc1015	bc1009	-0.25061370900614244	D-Glucose	0.25061370900614244	-1.0	0.5006133328289833	-0.5006133328289833
bc1009->bc1015	bc1009	bc1015	-0.27872439116866465	D-Glucose	0.27872439116866465	-1.0	0.5279435492253548	-0.5279435492253548
