	Source	Target	SourceType	Weight	ABS_Weight	Sign_Weight	ABSRootWeight	SignedRootWeight
0	Riboflavin	Bifidobacterium_animalis_YL2	Metabolite	96.79614651724023	96.79614651724023	1.0	9.838503266109141	9.838503266109141
65	Bacteroides_caecimuris_I48	Riboflavin	Microbe	-1.0000000000000002	1.0000000000000002	-1.0	1.0	-1.0
75	Bifidobacterium_animalis_YL2	PAN	Microbe	-1.0000000000020597	1.0000000000020597	-1.0	1.0000000000010298	-1.0000000000010298
79	PAN	Bacteroides_caecimuris_I48	Metabolite	126.68907411585164	126.68907411585164	1.0	11.25562411045481	11.25562411045481
83	Bifidobacterium_animalis_YL2	Riboflavin	Microbe	-0.9999999999999636	0.9999999999999636	-1.0	0.9999999999999818	-0.9999999999999818
85	Bacteroides_caecimuris_I48	PAN	Microbe	-0.9999999999998952	0.9999999999998952	-1.0	0.9999999999999476	-0.9999999999999476
