	Source	Target	SourceType	Weight	ABS_Weight	Sign_Weight	ABSRootWeight	SignedRootWeight
24	PAN	Limosilactobacillus_reuteri_I49	Metabolite	96.79614651719008	96.79614651719008	1.0	9.838503266106592	9.838503266106592
32	Flavonifractor_plautii_YL31	PAN	Microbe	-1.0000000000038953	1.0000000000038953	-1.0	1.0000000000019476	-1.0000000000019476
41	Flavonifractor_plautii_YL31	Riboflavin	Microbe	-0.9999999999999478	0.9999999999999478	-1.0	0.9999999999999739	-0.9999999999999739
49	Limosilactobacillus_reuteri_I49	PAN	Microbe	-0.9999999999996372	0.9999999999996372	-1.0	0.9999999999998186	-0.9999999999998186
60	Limosilactobacillus_reuteri_I49	Riboflavin	Microbe	-1.0000000000000007	1.0000000000000007	-1.0	1.0000000000000002	-1.0000000000000002
92	Riboflavin	Flavonifractor_plautii_YL31	Metabolite	126.6890741173045	126.6890741173045	1.0	11.25562411051935	11.25562411051935
