	Source	Target	SourceType	Weight	ABS_Weight	Sign_Weight	ABSRootWeight	SignedRootWeight
8	Riboflavin	Turicimonas_muris_YL45	Metabolite	126.68907411759491	126.68907411759491	1.0	11.255624110532251	11.255624110532251
50	Turicimonas_muris_YL45	Riboflavin	Microbe	-1.0000000000010822	1.0000000000010822	-1.0	1.0000000000005411	-1.0000000000005411
66	Riboflavin-e0	Enterococcus_faecalis_KB1	Metabolite	96.79614652260199	96.79614652260199	1.0	9.838503266381629	9.838503266381629
71	Enterococcus_faecalis_KB1	Riboflavin-e0	Microbe	-1.0000000000000886	1.0000000000000886	-1.0	1.0000000000000442	-1.0000000000000442
