	Source	Target	SourceType	Weight	ABS_Weight	Sign_Weight	ABSRootWeight	SignedRootWeight
36	bc1003	D-Glucose	Microbe	-1.000000000000002	1.000000000000002	-1.0	1.0000000000000009	-1.0000000000000009
118	D-Glucose	bc1008	Metabolite	0.057453288118452996	0.057453288118452996	1.0	0.2396941553698233	0.2396941553698233
207	bc1012	D-Glucose	Microbe	-0.9999999999999997	0.9999999999999997	-1.0	0.9999999999999998	-0.9999999999999998
234	bc1008	D-Glucose	Microbe	-0.9999999999999929	0.9999999999999929	-1.0	0.9999999999999964	-0.9999999999999964
248	D-Glucose	bc1015	Metabolite	0.25030228184986614	0.25030228184986614	1.0	0.5003021905307493	0.5003021905307493
257	bc1015	D-Glucose	Microbe	-1.0000000000000067	1.0000000000000067	-1.0	1.0000000000000033	-1.0000000000000033
277	D-Glucose	bc1012	Metabolite	0.1815470441735349	0.1815470441735349	1.0	0.42608337702090054	0.42608337702090054
300	D-Glucose	bc1003	Metabolite	0.2785952523668638	0.2785952523668638	1.0	0.5278212314476027	0.5278212314476027
