	Source	Target	SourceType	Weight	ABS_Weight	Sign_Weight	ABSRootWeight	SignedRootWeight
37	Muribaculum_intestinale_YL27	PAN	Microbe	-0.9999999999998741	0.9999999999998741	-1.0	0.999999999999937	-0.999999999999937
69	PAN	Bacteroides_caecimuris_I48	Metabolite	126.68907411868403	126.68907411868403	1.0	11.255624110580632	11.255624110580632
74	Bacteroides_caecimuris_I48	PAN	Microbe	-0.9999999999998775	0.9999999999998775	-1.0	0.9999999999999387	-0.9999999999999387
96	PAN	Muribaculum_intestinale_YL27	Metabolite	126.68907411771096	126.68907411771096	1.0	11.255624110537406	11.255624110537406
