	Source	Target	SourceType	Weight	ABS_Weight	Sign_Weight	ABSRootWeight	SignedRootWeight
0	Riboflavin	Bifidobacterium_animalis_YL2	Metabolite	96.79614651553325	96.79614651553325	1.0	9.838503266022391	9.838503266022391
21	Clostridium_innocuum_I46	Folate-e0	Microbe	-1.0000000000001477	1.0000000000001477	-1.0	1.0000000000000737	-1.0000000000000737
23	Folate-e0	Clostridium_innocuum_I46	Metabolite	84.45938274442612	84.45938274442612	1.0	9.190178602422595	9.190178602422595
46	Clostridium_innocuum_I46	Riboflavin	Microbe	-0.6666666666384102	0.6666666666384102	-1.0	0.8164965809104225	-0.8164965809104225
88	Bifidobacterium_animalis_YL2	Riboflavin	Microbe	-1.0000000000000098	1.0000000000000098	-1.0	1.0000000000000049	-1.0000000000000049
