	Source	Target	SourceType	Weight	ABS_Weight	Sign_Weight	ABSRootWeight	SignedRootWeight
48	Akkermansia_muciniphilaYL44	Riboflavin	Microbe	-1.0000000000006126	1.0000000000006126	-1.0	1.0000000000003062	-1.0000000000003062
49	Clostridium_innocuum_I46	Riboflavin	Microbe	-1.000000000000039	1.000000000000039	-1.0	1.0000000000000195	-1.0000000000000195
75	Riboflavin	Clostridium_innocuum_I46	Metabolite	126.68907412038436	126.68907412038436	1.0	11.255624110656164	11.255624110656164
93	Riboflavin	Akkermansia_muciniphilaYL44	Metabolite	126.6890741180246	126.6890741180246	1.0	11.255624110551338	11.255624110551338
