	Source	Target	SourceType	Weight	ABS_Weight	Sign_Weight	ABSRootWeight	SignedRootWeight
26	PAN	Clostridium_innocuum_I46	Metabolite	126.68907414086526	126.68907414086526	1.0	11.255624111565972	11.255624111565972
29	PAN	Limosilactobacillus_reuteri_I49	Metabolite	96.79614651796557	96.79614651796557	1.0	9.838503266146002	9.838503266146002
54	Limosilactobacillus_reuteri_I49	PAN	Microbe	-1.000000000000278	1.000000000000278	-1.0	1.000000000000139	-1.000000000000139
76	Clostridium_innocuum_I46	PAN	Microbe	-0.999999999998873	0.999999999998873	-1.0	0.9999999999994365	-0.9999999999994365
