	Source	Target	SourceType	Weight	ABS_Weight	Sign_Weight	ABSRootWeight	SignedRootWeight
0	Riboflavin	Bifidobacterium_animalis_YL2	Metabolite	96.79614651724023	96.79614651724023	1.0	9.838503266109141	9.838503266109141
41	Akkermansia_muciniphilaYL44	Riboflavin	Microbe	-0.9999999999999263	0.9999999999999263	-1.0	0.9999999999999631	-0.9999999999999631
82	Bifidobacterium_animalis_YL2	Riboflavin	Microbe	-0.9999999999999636	0.9999999999999636	-1.0	0.9999999999999818	-0.9999999999999818
92	Riboflavin	Akkermansia_muciniphilaYL44	Metabolite	126.6890741174546	126.6890741174546	1.0	11.255624110526018	11.255624110526018
