	IntegralDiff	MaxDiff	MaxTime
bc1012	0.018330069784450675	0.021774574383344514	1.23
bc1010	0.0009256746454632319	0.0011614808619401647	1.1474587458745875
