	Source	Target	SourceType	Weight	ABS_Weight	Sign_Weight	ABSRootWeight	SignedRootWeight
2	Riboflavin	Bifidobacterium_animalis_YL2	Metabolite	96.79614651724023	96.79614651724023	1.0	9.838503266109141	9.838503266109141
11	Thiamine	Limosilactobacillus_reuteri_I49	Metabolite	135.56370854665892	135.56370854665892	1.0	11.643182921635256	11.643182921635256
27	Folate-e0	Limosilactobacillus_reuteri_I49	Metabolite	67.78185427329683	67.78185427329683	1.0	8.232973598481706	8.232973598481706
34	Limosilactobacillus_reuteri_I49	Folate-e0	Microbe	-1.0000000000000093	1.0000000000000093	-1.0	1.0000000000000047	-1.0000000000000047
42	Limosilactobacillus_reuteri_I49	Thiamine	Microbe	-0.9999999999999426	0.9999999999999426	-1.0	0.9999999999999712	-0.9999999999999712
58	Riboflavin	Limosilactobacillus_reuteri_I49	Metabolite	203.34556281998638	203.34556281998638	1.0	14.25992856994685	14.25992856994685
62	Limosilactobacillus_reuteri_I49	Riboflavin	Microbe	-0.9999999999992565	0.9999999999992565	-1.0	0.9999999999996282	-0.9999999999996282
95	Bifidobacterium_animalis_YL2	Riboflavin	Microbe	-0.9999999999999636	0.9999999999999636	-1.0	0.9999999999999818	-0.9999999999999818
