	Source	Target	SourceType	Weight	ABS_Weight	Sign_Weight	ABSRootWeight	SignedRootWeight
19	Muribaculum_intestinale_YL27	Riboflavin	Microbe	-0.9999999999999996	0.9999999999999996	-1.0	0.9999999999999998	-0.9999999999999998
26	Flavonifractor_plautii_YL31	PAN	Microbe	-0.9999999999853552	0.9999999999853552	-1.0	0.9999999999926775	-0.9999999999926775
34	Flavonifractor_plautii_YL31	Riboflavin	Microbe	-1.000000000000003	1.000000000000003	-1.0	1.0000000000000016	-1.0000000000000016
40	Muribaculum_intestinale_YL27	PAN	Microbe	-1.0000000000000815	1.0000000000000815	-1.0	1.0000000000000406	-1.0000000000000406
81	Riboflavin	Flavonifractor_plautii_YL31	Metabolite	126.68907411803832	126.68907411803832	1.0	11.255624110551947	11.255624110551947
103	PAN	Muribaculum_intestinale_YL27	Metabolite	126.68907411844015	126.68907411844015	1.0	11.255624110569798	11.255624110569798
