	Source	Target	SourceType	Weight	ABS_Weight	Sign_Weight	ABSRootWeight	SignedRootWeight
23	Muribaculum_intestinale_YL27	Riboflavin	Microbe	-1.000000000000081	1.000000000000081	-1.0	1.0000000000000404	-1.0000000000000404
42	Muribaculum_intestinale_YL27	PAN	Microbe	-1.000000000010715	1.000000000010715	-1.0	1.0000000000053575	-1.0000000000053575
59	Riboflavin	Muribaculum_intestinale_YL27	Metabolite	126.6890741185201	126.6890741185201	1.0	11.255624110573349	11.255624110573349
72	Enterocloster_clostridioformis_YL32	PAN	Microbe	-0.9999999999999506	0.9999999999999506	-1.0	0.9999999999999752	-0.9999999999999752
98	PAN	Enterocloster_clostridioformis_YL32	Metabolite	126.68907411980524	126.68907411980524	1.0	11.255624110630437	11.255624110630437
