	Source	Target	SourceType	Weight	ABS_Weight	Sign_Weight	ABSRootWeight	SignedRootWeight
2	Riboflavin	Bifidobacterium_animalis_YL2	Metabolite	96.79614651724023	96.79614651724023	1.0	9.838503266109141	9.838503266109141
24	PAN	Limosilactobacillus_reuteri_I49	Metabolite	96.79614651712217	96.79614651712217	1.0	9.83850326610314	9.83850326610314
48	Limosilactobacillus_reuteri_I49	PAN	Microbe	-0.9999999999994339	0.9999999999994339	-1.0	0.9999999999997169	-0.9999999999997169
60	Limosilactobacillus_reuteri_I49	Riboflavin	Microbe	-0.9999999999999999	0.9999999999999999	-1.0	0.9999999999999999	-0.9999999999999999
81	Bifidobacterium_animalis_YL2	PAN	Microbe	-1.0000000000020597	1.0000000000020597	-1.0	1.0000000000010298	-1.0000000000010298
91	Bifidobacterium_animalis_YL2	Riboflavin	Microbe	-0.9999999999999636	0.9999999999999636	-1.0	0.9999999999999818	-0.9999999999999818
