	Source	Target	SourceType	Weight	ABS_Weight	Sign_Weight	ABSRootWeight	SignedRootWeight
2	bc1002	O2	Microbe	-1.771549917265432	1.771549917265432	-1.0	1.330995836682231	-1.330995836682231
4	bc1010	D-Glucose	Microbe	-1.000000000000018	1.000000000000018	-1.0	1.0000000000000089	-1.0000000000000089
22	bc1002	D-Glucose	Microbe	-1.0000000000000038	1.0000000000000038	-1.0	1.0000000000000018	-1.0000000000000018
47	D-Glucose	bc1010	Metabolite	2.327193909958926	2.327193909958926	1.0	1.5255143099816946	1.5255143099816946
79	D-Glucose	bc1002	Metabolite	0.27087086964738327	0.27087086964738327	1.0	0.520452562341068	0.520452562341068
100	bc1010	O2	Microbe	-1.0000000000000218	1.0000000000000218	-1.0	1.0000000000000109	-1.0000000000000109
147	O2	bc1010	Metabolite	-1.163596954979541	1.163596954979541	-1.0	1.0787015133852094	-1.0787015133852094
