	Source	Target	SourceType	Weight	ABS_Weight	Sign_Weight	ABSRootWeight	SignedRootWeight
22	PAN	Clostridium_innocuum_I46	Metabolite	126.6890741188596	126.6890741188596	1.0	11.25562411058843	11.25562411058843
32	Flavonifractor_plautii_YL31	PAN	Microbe	-0.9999999999853336	0.9999999999853336	-1.0	0.9999999999926668	-0.9999999999926668
43	Flavonifractor_plautii_YL31	Riboflavin	Microbe	-0.9999999999999976	0.9999999999999976	-1.0	0.9999999999999988	-0.9999999999999988
51	Clostridium_innocuum_I46	Riboflavin	Microbe	-1.0000000000000007	1.0000000000000007	-1.0	1.0000000000000002	-1.0000000000000002
68	Clostridium_innocuum_I46	PAN	Microbe	-1.000000000000256	1.000000000000256	-1.0	1.000000000000128	-1.000000000000128
91	Riboflavin	Flavonifractor_plautii_YL31	Metabolite	126.68907411803858	126.68907411803858	1.0	11.25562411055196	11.25562411055196
