	Source	Target	SourceType	Weight	ABS_Weight	Sign_Weight	ABSRootWeight	SignedRootWeight
6	Riboflavin	Bacteroides_caecimuris_I48	Metabolite	126.68907411783553	126.68907411783553	1.0	11.25562411054294	11.25562411054294
36	Flavonifractor_plautii_YL31	Riboflavin	Microbe	-0.999999999999934	0.999999999999934	-1.0	0.999999999999967	-0.999999999999967
66	Bacteroides_caecimuris_I48	Riboflavin	Microbe	-0.999999999999957	0.999999999999957	-1.0	0.9999999999999785	-0.9999999999999785
84	Riboflavin	Flavonifractor_plautii_YL31	Metabolite	126.68907411869976	126.68907411869976	1.0	11.25562411058133	11.25562411058133
