	Source	Target	Weight	Metabolites	ABSWeight	SignWeight	ABSRootWeight	SignedRootWeight
bc1010->bc1008	bc1010	bc1008	-0.057453288118453114	D-Glucose	0.057453288118453114	-1.0	0.23969415536982355	-0.23969415536982355
bc1012->bc1008	bc1012	bc1008	-0.05745328811845333	D-Glucose	0.05745328811845333	-1.0	0.239694155369824	-0.239694155369824
bc1008->bc1012	bc1008	bc1012	-0.1308758524298279	D-Glucose.O2	0.1308758524298279	-1.0	0.36176767742548244	-0.36176767742548244
bc1010->bc1012	bc1010	bc1012	-0.17140250845118832	D-Glucose.O2	0.17140250845118832	-1.0	0.41400786037367493	-0.41400786037367493
bc1008->bc1010	bc1008	bc1010	-0.13113491857070117	D-Glucose	0.13113491857070117	-1.0	0.36212555636229427	-0.36212555636229427
bc1012->bc1010	bc1012	bc1010	-0.13113491857070286	D-Glucose	0.13113491857070286	-1.0	0.3621255563622966	-0.3621255563622966
