	Source	Target	SourceType	Weight	ABS_Weight	Sign_Weight	ABSRootWeight	SignedRootWeight
6	Riboflavin	Turicimonas_muris_YL45	Metabolite	126.68907411739079	126.68907411739079	1.0	11.255624110523183	11.255624110523183
22	Muribaculum_intestinale_YL27	Riboflavin	Microbe	-0.9999999999999821	0.9999999999999821	-1.0	0.999999999999991	-0.999999999999991
49	Turicimonas_muris_YL45	Riboflavin	Microbe	-0.9999999999997204	0.9999999999997204	-1.0	0.9999999999998602	-0.9999999999998602
58	Riboflavin	Muribaculum_intestinale_YL27	Metabolite	126.68907411714534	126.68907411714534	1.0	11.25562411051228	11.25562411051228
