	Source	Target	SourceType	Weight	ABS_Weight	Sign_Weight	ABSRootWeight	SignedRootWeight
4	Riboflavin	Bacteroides_caecimuris_I48	Metabolite	126.68907411745595	126.68907411745595	1.0	11.255624110526076	11.255624110526076
15	Clostridium_innocuum_I46	Folate-e0	Microbe	-0.9999999999994688	0.9999999999994688	-1.0	0.9999999999997343	-0.9999999999997343
18	Folate-e0	Clostridium_innocuum_I46	Metabolite	84.45938274993681	84.45938274993681	1.0	9.190178602722408	9.190178602722408
46	Clostridium_innocuum_I46	Riboflavin	Microbe	-0.6666666666730907	0.6666666666730907	-1.0	0.8164965809316599	-0.8164965809316599
70	Bacteroides_caecimuris_I48	Riboflavin	Microbe	-1.0000000000000133	1.0000000000000133	-1.0	1.0000000000000067	-1.0000000000000067
