	Source	Target	SourceType	Weight	ABS_Weight	Sign_Weight	ABSRootWeight	SignedRootWeight
18	PAN	Blautia_coccoides_YL58	Metabolite	96.7961459070658	96.7961459070658	1.0	9.838503235099626	9.838503235099626
44	Blautia_coccoides_YL58	PAN	Microbe	-0.9999999999998733	0.9999999999998733	-1.0	0.9999999999999366	-0.9999999999999366
64	Putrescine-e0	Clostridium_innocuum_I46	Metabolite	126.68907411754408	126.68907411754408	1.0	11.255624110529991	11.255624110529991
69	Clostridium_innocuum_I46	PAN	Microbe	-0.9999999999999374	0.9999999999999374	-1.0	0.9999999999999687	-0.9999999999999687
98	Clostridium_innocuum_I46	Putrescine-e0	Microbe	-0.999999999999867	0.999999999999867	-1.0	0.9999999999999335	-0.9999999999999335
