	Source	Target	SourceType	Weight	ABS_Weight	Sign_Weight	ABSRootWeight	SignedRootWeight
28	Akkermansia_muciniphilaYL44	PAN	Microbe	-1.0000000004890108	1.0000000004890108	-1.0	1.0000000002445053	-1.0000000002445053
36	Akkermansia_muciniphilaYL44	Riboflavin	Microbe	-1.000000000000389	1.000000000000389	-1.0	1.0000000000001945	-1.0000000000001945
57	Bacteroides_caecimuris_I48	Riboflavin	Microbe	-1.0000000000000002	1.0000000000000002	-1.0	1.0	-1.0
65	PAN	Bacteroides_caecimuris_I48	Metabolite	126.6890741173375	126.6890741173375	1.0	11.255624110520815	11.255624110520815
73	Bacteroides_caecimuris_I48	PAN	Microbe	-1.0000000000000078	1.0000000000000078	-1.0	1.0000000000000038	-1.0000000000000038
83	Riboflavin	Akkermansia_muciniphilaYL44	Metabolite	126.6890741268487	126.6890741268487	1.0	11.255624110943325	11.255624110943325
