	Source	Target	SourceType	Weight	ABS_Weight	Sign_Weight	ABSRootWeight	SignedRootWeight
1	bc1002	O2	Microbe	-1.0000000000000024	1.0000000000000024	-1.0	1.000000000000001	-1.000000000000001
6	bc1012	Fumarate	Microbe	-1.0000000000000757	1.0000000000000757	-1.0	1.0000000000000377	-1.0000000000000377
20	bc1002	D-Glucose	Microbe	-0.5644774613766486	0.5644774613766486	-1.0	0.751317150993273	-0.751317150993273
27	Fumarate	bc1012	Metabolite	-0.7829132233184389	0.7829132233184389	-1.0	0.8848238374492625	-0.8848238374492625
30	O2	bc1002	Metabolite	0.15290050085943943	0.15290050085943943	1.0	0.3910249363652393	0.3910249363652393
58	bc1012	O2	Microbe	-1.0000000000000486	1.0000000000000486	-1.0	1.0000000000000242	-1.0000000000000242
77	O2	bc1012	Metabolite	-1.565826446636414	1.565826446636414	-1.0	1.2513298712315686	-1.2513298712315686
84	D-Glucose	bc1012	Metabolite	3.1316528932733894	3.1316528932733894	1.0	1.7696476748984216	1.7696476748984216
112	bc1012	D-Glucose	Microbe	-0.9999999999994865	0.9999999999994865	-1.0	0.9999999999997432	-0.9999999999997432
