	Source	Target	Weight	Metabolites	ABSWeight	SignWeight	ABSRootWeight	SignedRootWeight
bc1012->bc1011	bc1012	bc1011	-0.27015631706377535	D-Glucose	0.27015631706377535	-1.0	0.5197656366707742	-0.5197656366707742
bc1015->bc1011	bc1015	bc1011	-0.1485376288309881	D-Glucose	0.1485376288309881	-1.0	0.38540579760946525	-0.38540579760946525
bc1011->bc1012	bc1011	bc1012	-0.20720844969986463	O2.D-Glucose	0.20720844969986463	-1.0	0.45520154843746374	-0.45520154843746374
bc1015->bc1012	bc1015	bc1012	-0.1151357963740986	D-Glucose.O2	0.1151357963740986	-1.0	0.339316660914401	-0.339316660914401
bc1011->bc1015	bc1011	bc1015	-0.2709749205113724	O2	0.2709749205113724	-1.0	0.520552514652818	-0.520552514652818
bc1012->bc1015	bc1012	bc1015	-0.15324853629752522	O2	0.15324853629752522	-1.0	0.3914697131292857	-0.3914697131292857
