	Source	Target	SourceType	Weight	ABS_Weight	Sign_Weight	ABSRootWeight	SignedRootWeight
23	Clostridium_innocuum_I46	Folate-e0	Microbe	-0.9999999999999986	0.9999999999999986	-1.0	0.9999999999999992	-0.9999999999999992
57	Thiamin-e0	Clostridium_innocuum_I46	Metabolite	253.37814823686588	253.37814823686588	1.0	15.91785627014096	15.91785627014096
61	Folate-e0	Flavonifractor_plautii_YL31	Metabolite	84.45938273843333	84.45938273843333	1.0	9.190178602096552	9.190178602096552
89	Clostridium_innocuum_I46	Thiamin-e0	Microbe	-0.9999999999980803	0.9999999999980803	-1.0	0.9999999999990401	-0.9999999999990401
97	Flavonifractor_plautii_YL31	Folate-e0	Microbe	-0.9999999999999982	0.9999999999999982	-1.0	0.9999999999999991	-0.9999999999999991
