	Source	Target	Weight	Metabolites	ABSWeight	SignWeight	ABSRootWeight	SignedRootWeight
bc1010->bc1011	bc1010	bc1011	-0.27015631706377596	D-Glucose	0.27015631706377596	-1.0	0.5197656366707749	-0.5197656366707749
bc1011->bc1010	bc1011	bc1010	-0.13113491857070173	D-Glucose	0.13113491857070173	-1.0	0.36212555636229504	-0.36212555636229504
