	Source	Target	SourceType	Weight	ABS_Weight	Sign_Weight	ABSRootWeight	SignedRootWeight
18	PAN	Blautia_coccoides_YL58	Metabolite	96.79614652093773	96.79614652093773	1.0	9.83850326629705	9.83850326629705
23	Clostridium_innocuum_I46	N-Acetyl-D-glucosamine-e0	Microbe	-0.999999999999992	0.999999999999992	-1.0	0.999999999999996	-0.999999999999996
39	N-Acetyl-D-glucosamine-e0	Clostridium_innocuum_I46	Metabolite	18.117340654658335	18.117340654658335	1.0	4.256446951937535	4.256446951937535
46	Blautia_coccoides_YL58	PAN	Microbe	-1.000000000000086	1.000000000000086	-1.0	1.0000000000000429	-1.0000000000000429
70	Clostridium_innocuum_I46	PAN	Microbe	-0.14300633879263852	0.14300633879263852	-1.0	0.3781617891757951	-0.3781617891757951
