	Source	Target	SourceType	Weight	ABS_Weight	Sign_Weight	ABSRootWeight	SignedRootWeight
3	Riboflavin	Bacteroides_caecimuris_I48	Metabolite	126.68907411745595	126.68907411745595	1.0	11.255624110526076	11.255624110526076
14	Clostridium_innocuum_I46	Folate-e0	Microbe	-0.999999999999956	0.999999999999956	-1.0	0.999999999999978	-0.999999999999978
17	Folate-e0	Clostridium_innocuum_I46	Metabolite	84.45938274439082	84.45938274439082	1.0	9.190178602420675	9.190178602420675
45	Clostridium_innocuum_I46	Riboflavin	Microbe	-0.25060858115215534	0.25060858115215534	-1.0	0.5006082112312535	-0.5006082112312535
71	Bacteroides_caecimuris_I48	Riboflavin	Microbe	-1.0000000000000133	1.0000000000000133	-1.0	1.0000000000000067	-1.0000000000000067
