	Source	Target	Weight	Metabolites	ABSWeight	SignWeight	ABSRootWeight	SignedRootWeight
bc1012->bc1011	bc1012	bc1011	-0.15278557913560095	O2	0.15278557913560095	-1.0	0.39087795938835046	-0.39087795938835046
bc1015->bc1011	bc1015	bc1011	-0.15278557913560206	O2	0.15278557913560206	-1.0	0.3908779593883519	-0.3908779593883519
bc1011->bc1012	bc1011	bc1012	-0.1171857217083341	O2.D-Glucose	0.1171857217083341	-1.0	0.34232400106965055	-0.34232400106965055
bc1015->bc1012	bc1015	bc1012	-0.1151357963740986	D-Glucose.O2	0.1151357963740986	-1.0	0.339316660914401	-0.339316660914401
bc1011->bc1015	bc1011	bc1015	-0.15324853629752583	O2	0.15324853629752583	-1.0	0.39146971312928647	-0.39146971312928647
bc1012->bc1015	bc1012	bc1015	-0.15324853629752522	O2	0.15324853629752522	-1.0	0.3914697131292857	-0.3914697131292857
