	Source	Target	SourceType	Weight	Variance	ABS_Weight	Sign_Weight	ABSRootWeight	SignedRootWeight
16	Acutalibacter_muris_KB1	Riboflavin	Microbe	2.4204407631031275	7.752050848455579e-05	2.4204407631031275	1.0	1.5557765787873037	1.5557765787873037
32	Flavonifractor_plautii_YL31	Riboflavin	Microbe	-0.9963690191732685	1.3136150833369633e-05	0.9963690191732685	-1.0	0.9981828585851735	-0.9981828585851735
66	Acutalibacter_muris_KB1	Pyridoxal	Microbe	-0.9963690191715542	1.3136150833324605e-05	0.9963690191715542	-1.0	0.9981828585843148	-0.9981828585843148
79	Riboflavin	Flavonifractor_plautii_YL31	Metabolite	126.2290685186507	0.2108368169285074	126.2290685186507	1.0	11.235171049817207	11.235171049817207
80	Pyridoxal	Acutalibacter_muris_KB1	Metabolite	192.88936312905085	0.4923163446391392	192.88936312905085	1.0	13.888461510514793	13.888461510514793
