	Source	Target	SourceType	Weight	ABS_Weight	Sign_Weight	ABSRootWeight	SignedRootWeight
30	PAN	Clostridium_innocuum_I46	Metabolite	126.68907412094131	126.68907412094131	1.0	11.255624110680905	11.255624110680905
33	PAN	Limosilactobacillus_reuteri_I49	Metabolite	96.79614651833764	96.79614651833764	1.0	9.838503266164912	9.838503266164912
59	Limosilactobacillus_reuteri_I49	PAN	Microbe	-1.000000000000252	1.000000000000252	-1.0	1.000000000000126	-1.000000000000126
81	Clostridium_innocuum_I46	PAN	Microbe	-0.9999999999997795	0.9999999999997795	-1.0	0.9999999999998898	-0.9999999999998898
