	Source	Target	SourceType	Weight	ABS_Weight	Sign_Weight	ABSRootWeight	SignedRootWeight
21	Enterococcus_faecalis_KB1	PAN	Microbe	-1.0000000001324185	1.0000000001324185	-1.0	1.0000000000662093	-1.0000000000662093
27	PAN	Clostridium_innocuum_I46	Metabolite	126.6890741180116	126.6890741180116	1.0	11.25562411055076	11.25562411055076
62	Clostridium_innocuum_I46	PAN	Microbe	-1.00000000000004	1.00000000000004	-1.0	1.00000000000002	-1.00000000000002
68	Riboflavin-e0	Enterococcus_faecalis_KB1	Metabolite	96.79614653251433	96.79614653251433	1.0	9.838503266885382	9.838503266885382
72	Enterococcus_faecalis_KB1	Riboflavin-e0	Microbe	-1.0000000000000415	1.0000000000000415	-1.0	1.0000000000000207	-1.0000000000000207
