	Source	Target	SourceType	Weight	ABS_Weight	Sign_Weight	ABSRootWeight	SignedRootWeight
9	Riboflavin	Turicimonas_muris_YL45	Metabolite	126.68907411924718	126.68907411924718	1.0	11.255624110605648	11.255624110605648
56	Clostridium_innocuum_I46	Riboflavin	Microbe	-0.9999999999999678	0.9999999999999678	-1.0	0.9999999999999839	-0.9999999999999839
63	Turicimonas_muris_YL45	Riboflavin	Microbe	-0.9999999999998995	0.9999999999998995	-1.0	0.9999999999999497	-0.9999999999999497
91	Riboflavin	Clostridium_innocuum_I46	Metabolite	126.6890741179371	126.6890741179371	1.0	11.255624110547451	11.255624110547451
