	Source	Target	SourceType	Weight	ABS_Weight	Sign_Weight	ABSRootWeight	SignedRootWeight
7	Riboflavin	Turicimonas_muris_YL45	Metabolite	126.68907411739079	126.68907411739079	1.0	11.255624110523183	11.255624110523183
23	Muribaculum_intestinale_YL27	Riboflavin	Microbe	-0.9999999999997559	0.9999999999997559	-1.0	0.9999999999998779	-0.9999999999998779
50	Turicimonas_muris_YL45	Riboflavin	Microbe	-0.9999999999997204	0.9999999999997204	-1.0	0.9999999999998602	-0.9999999999998602
59	Riboflavin	Muribaculum_intestinale_YL27	Metabolite	126.68907411872415	126.68907411872415	1.0	11.255624110582414	11.255624110582414
