	Source	Target	SourceType	Weight	ABS_Weight	Sign_Weight	ABSRootWeight	SignedRootWeight
22	PAN	Clostridium_innocuum_I46	Metabolite	126.6890741169624	126.6890741169624	1.0	11.255624110504153	11.255624110504153
31	Flavonifractor_plautii_YL31	PAN	Microbe	-1.0000000000243103	1.0000000000243103	-1.0	1.0000000000121552	-1.0000000000121552
42	Flavonifractor_plautii_YL31	Riboflavin	Microbe	-1.000000000000062	1.000000000000062	-1.0	1.0000000000000309	-1.0000000000000309
50	Clostridium_innocuum_I46	Riboflavin	Microbe	-1.0000000000000013	1.0000000000000013	-1.0	1.0000000000000007	-1.0000000000000007
65	Clostridium_innocuum_I46	PAN	Microbe	-1.000000000000248	1.000000000000248	-1.0	1.000000000000124	-1.000000000000124
86	Riboflavin	Flavonifractor_plautii_YL31	Metabolite	126.68907411876066	126.68907411876066	1.0	11.255624110584035	11.255624110584035
