	Source	Target	SourceType	Weight	ABS_Weight	Sign_Weight	ABSRootWeight	SignedRootWeight
27	PAN	Clostridium_innocuum_I46	Metabolite	126.68907411734497	126.68907411734497	1.0	11.255624110521147	11.255624110521147
30	PAN	Limosilactobacillus_reuteri_I49	Metabolite	96.79614651689701	96.79614651689701	1.0	9.838503266091697	9.838503266091697
55	Limosilactobacillus_reuteri_I49	PAN	Microbe	-0.9999999999999885	0.9999999999999885	-1.0	0.9999999999999942	-0.9999999999999942
77	Clostridium_innocuum_I46	PAN	Microbe	-1.0000000000000027	1.0000000000000027	-1.0	1.0000000000000013	-1.0000000000000013
