	Source	Target	SourceType	Weight	ABS_Weight	Sign_Weight	ABSRootWeight	SignedRootWeight
18	PAN	Blautia_coccoides_YL58	Metabolite	96.79614652291203	96.79614652291203	1.0	9.838503266397385	9.838503266397385
31	Flavonifractor_plautii_YL31	PAN	Microbe	-0.99999999998156	0.99999999998156	-1.0	0.9999999999907799	-0.9999999999907799
38	Blautia_coccoides_YL58	PAN	Microbe	-0.9999999999998593	0.9999999999998593	-1.0	0.9999999999999296	-0.9999999999999296
39	Flavonifractor_plautii_YL31	Riboflavin	Microbe	-0.9999999999999861	0.9999999999999861	-1.0	0.999999999999993	-0.999999999999993
52	Blautia_coccoides_YL58	Riboflavin	Microbe	-1.0000000000000013	1.0000000000000013	-1.0	1.0000000000000007	-1.0000000000000007
83	Riboflavin	Flavonifractor_plautii_YL31	Metabolite	126.68907411756886	126.68907411756886	1.0	11.255624110531093	11.255624110531093
