	Source	Target	SourceType	Weight	ABS_Weight	Sign_Weight	ABSRootWeight	SignedRootWeight
1	Turicimonas_muris_YL45	Pyridoxal	Microbe	-0.4999999999965697	0.4999999999965697	-1.0	0.707106781184122	-0.707106781184122
7	Riboflavin	Turicimonas_muris_YL45	Metabolite	126.68907411739079	126.68907411739079	1.0	11.255624110523183	11.255624110523183
17	Acutalibacter_muris_KB1	Riboflavin	Microbe	2.429261364544427	2.429261364544427	1.0	1.5586087913727509	1.5586087913727509
43	Turicimonas_muris_YL45	Riboflavin	Microbe	-0.9999999999997204	0.9999999999997204	-1.0	0.9999999999998602	-0.9999999999998602
69	Acutalibacter_muris_KB1	Pyridoxal	Microbe	-1.0000000000000917	1.0000000000000917	-1.0	1.0000000000000457	-1.0000000000000457
78	Pyridoxal	Acutalibacter_muris_KB1	Metabolite	193.59229303374173	193.59229303374173	1.0	13.913744752356992	13.913744752356992
