	Source	Target	SourceType	Weight	ABS_Weight	Sign_Weight	ABSRootWeight	SignedRootWeight
39	Limosilactobacillus_reuteri_I49	PAN	Microbe	-0.9999999999994339	0.9999999999994339	-1.0	0.9999999999997169	-0.9999999999997169
50	PAN	Limosilactobacillus_reuteri_I49	Metabolite	96.79614651712217	96.79614651712217	1.0	9.83850326610314	9.83850326610314
