	Source	Target	SourceType	Weight	ABS_Weight	Sign_Weight	ABSRootWeight	SignedRootWeight
19	Muribaculum_intestinale_YL27	Riboflavin	Microbe	-0.9999999999999991	0.9999999999999991	-1.0	0.9999999999999996	-0.9999999999999996
25	Flavonifractor_plautii_YL31	PAN	Microbe	-0.9999999999707956	0.9999999999707956	-1.0	0.9999999999853978	-0.9999999999853978
33	Flavonifractor_plautii_YL31	Riboflavin	Microbe	-1.0000000000000195	1.0000000000000195	-1.0	1.0000000000000098	-1.0000000000000098
39	Muribaculum_intestinale_YL27	PAN	Microbe	-1.0000000000000524	1.0000000000000524	-1.0	1.0000000000000262	-1.0000000000000262
78	Riboflavin	Flavonifractor_plautii_YL31	Metabolite	126.68907411699973	126.68907411699973	1.0	11.255624110505812	11.255624110505812
99	PAN	Muribaculum_intestinale_YL27	Metabolite	126.68907411971267	126.68907411971267	1.0	11.255624110626327	11.255624110626327
