	Source	Target	SourceType	Weight	ABS_Weight	Sign_Weight	ABSRootWeight	SignedRootWeight
0	Riboflavin	Bifidobacterium_animalis_YL2	Metabolite	96.79614651724023	96.79614651724023	1.0	9.838503266109141	9.838503266109141
64	Bacteroides_caecimuris_I48	Riboflavin	Microbe	-0.9999999999999998	0.9999999999999998	-1.0	0.9999999999999999	-0.9999999999999999
74	Bifidobacterium_animalis_YL2	PAN	Microbe	-1.0000000000020597	1.0000000000020597	-1.0	1.0000000000010298	-1.0000000000010298
78	PAN	Bacteroides_caecimuris_I48	Metabolite	126.68907411598337	126.68907411598337	1.0	11.255624110460662	11.255624110460662
82	Bifidobacterium_animalis_YL2	Riboflavin	Microbe	-0.9999999999999636	0.9999999999999636	-1.0	0.9999999999999818	-0.9999999999999818
84	Bacteroides_caecimuris_I48	PAN	Microbe	-1.0000000000000804	1.0000000000000804	-1.0	1.0000000000000402	-1.0000000000000402
