	Source	Target	SourceType	Weight	ABS_Weight	Sign_Weight	ABSRootWeight	SignedRootWeight
0	Riboflavin	Bifidobacterium_animalis_YL2	Metabolite	96.79614651724023	96.79614651724023	1.0	9.838503266109141	9.838503266109141
20	Muribaculum_intestinale_YL27	Riboflavin	Microbe	-1.000000000000023	1.000000000000023	-1.0	1.0000000000000115	-1.0000000000000115
59	Riboflavin	Muribaculum_intestinale_YL27	Metabolite	126.68907411814328	126.68907411814328	1.0	11.25562411055661	11.25562411055661
84	Bifidobacterium_animalis_YL2	Riboflavin	Microbe	-0.9999999999999636	0.9999999999999636	-1.0	0.9999999999999818	-0.9999999999999818
