	Source	Target	SourceType	Weight	ABS_Weight	Sign_Weight	ABSRootWeight	SignedRootWeight
10	Riboflavin	Turicimonas_muris_YL45	Metabolite	126.6890741175635	126.6890741175635	1.0	11.255624110530855	11.255624110530855
18	PAN	Blautia_coccoides_YL58	Metabolite	96.79614652011057	96.79614652011057	1.0	9.838503266255014	9.838503266255014
37	Blautia_coccoides_YL58	PAN	Microbe	-1.0000000000000515	1.0000000000000515	-1.0	1.0000000000000258	-1.0000000000000258
43	Turicimonas_muris_YL45	PAN	Microbe	-1.0000000000487406	1.0000000000487406	-1.0	1.0000000000243703	-1.0000000000243703
50	Blautia_coccoides_YL58	Riboflavin	Microbe	-1.0000000000000004	1.0000000000000004	-1.0	1.0000000000000002	-1.0000000000000002
51	Turicimonas_muris_YL45	Riboflavin	Microbe	-1.0000000000011349	1.0000000000011349	-1.0	1.0000000000005673	-1.0000000000005673
