	Source	Target	SourceType	Weight	ABS_Weight	Sign_Weight	ABSRootWeight	SignedRootWeight
19	Clostridium_innocuum_I46	PAN	Microbe	-0.9999999999995342	0.9999999999995342	-1.0	0.9999999999997671	-0.9999999999997671
34	PAN	Clostridium_innocuum_I46	Metabolite	126.68907411827706	126.68907411827706	1.0	11.255624110562554	11.255624110562554
