	Source	Target	SourceType	Weight	ABS_Weight	Sign_Weight	ABSRootWeight	SignedRootWeight
16	PAN	Blautia_coccoides_YL58	Metabolite	96.79614652285353	96.79614652285353	1.0	9.838503266394413	9.838503266394413
25	PAN	Clostridium_innocuum_I46	Metabolite	126.68907411591377	126.68907411591377	1.0	11.25562411045757	11.25562411045757
43	Blautia_coccoides_YL58	PAN	Microbe	-1.0000000000000688	1.0000000000000688	-1.0	1.0000000000000344	-1.0000000000000344
67	Clostridium_innocuum_I46	PAN	Microbe	-1.0000000000001656	1.0000000000001656	-1.0	1.0000000000000828	-1.0000000000000828
