	Source	Target	SourceType	Weight	ABS_Weight	Sign_Weight	ABSRootWeight	SignedRootWeight
0	Riboflavin	Bifidobacterium_animalis_YL2	Metabolite	96.79614651726389	96.79614651726389	1.0	9.838503266110344	9.838503266110344
22	Clostridium_innocuum_I46	Folate-e0	Microbe	-1.0000000000003861	1.0000000000003861	-1.0	1.000000000000193	-1.000000000000193
24	Folate-e0	Clostridium_innocuum_I46	Metabolite	84.45938274355615	84.45938274355615	1.0	9.190178602375264	9.190178602375264
47	Clostridium_innocuum_I46	Riboflavin	Microbe	-0.6666666666540799	0.6666666666540799	-1.0	0.8164965809200183	-0.8164965809200183
90	Bifidobacterium_animalis_YL2	Riboflavin	Microbe	-1.0000000000001228	1.0000000000001228	-1.0	1.0000000000000613	-1.0000000000000613
