	Source	Target	SourceType	Weight	ABS_Weight	Sign_Weight	ABSRootWeight	SignedRootWeight
29	Flavonifractor_plautii_YL31	PAN	Microbe	-0.9999999999509304	0.9999999999509304	-1.0	0.9999999999754652	-0.9999999999754652
40	Flavonifractor_plautii_YL31	Riboflavin	Microbe	-1.000000000000166	1.000000000000166	-1.0	1.000000000000083	-1.000000000000083
68	Enterocloster_clostridioformis_YL32	PAN	Microbe	-1.000000000000266	1.000000000000266	-1.0	1.000000000000133	-1.000000000000133
79	Riboflavin	Flavonifractor_plautii_YL31	Metabolite	126.68907412005663	126.68907412005663	1.0	11.255624110641605	11.255624110641605
95	PAN	Enterocloster_clostridioformis_YL32	Metabolite	126.68907411984387	126.68907411984387	1.0	11.255624110632153	11.255624110632153
