	Source	Target	SourceType	Weight	ABS_Weight	Sign_Weight	ABSRootWeight	SignedRootWeight
8	Riboflavin	Turicimonas_muris_YL45	Metabolite	126.6890741175035	126.6890741175035	1.0	11.25562411052819	11.25562411052819
13	Melitose-e0	Limosilactobacillus_reuteri_I49	Metabolite	3.090379426043456	3.090379426043456	1.0	1.7579475037791816	1.7579475037791816
57	Turicimonas_muris_YL45	Riboflavin	Microbe	-0.999999999999505	0.999999999999505	-1.0	0.9999999999997524	-0.9999999999997524
82	Limosilactobacillus_reuteri_I49	Melitose-e0	Microbe	-1.0000000000000027	1.0000000000000027	-1.0	1.0000000000000013	-1.0000000000000013
