	Source	Target	SourceType	Weight	ABS_Weight	Sign_Weight	ABSRootWeight	SignedRootWeight
8	Riboflavin	Turicimonas_muris_YL45	Metabolite	126.68907411760752	126.68907411760752	1.0	11.25562411053281	11.25562411053281
27	Muribaculum_intestinale_YL27	Riboflavin	Microbe	-0.9999999999996202	0.9999999999996202	-1.0	0.99999999999981	-0.99999999999981
54	Turicimonas_muris_YL45	Riboflavin	Microbe	-1.0000000000012945	1.0000000000012945	-1.0	1.0000000000006473	-1.0000000000006473
64	Riboflavin	Muribaculum_intestinale_YL27	Metabolite	126.68907411952857	126.68907411952857	1.0	11.255624110618148	11.255624110618148
