	Source	Target	SourceType	Weight	ABS_Weight	Sign_Weight	ABSRootWeight	SignedRootWeight
42	Muribaculum_intestinale_YL27	PAN	Microbe	-0.9999999999999424	0.9999999999999424	-1.0	0.9999999999999711	-0.9999999999999711
72	Enterocloster_clostridioformis_YL32	PAN	Microbe	-0.9999999999999506	0.9999999999999506	-1.0	0.9999999999999752	-0.9999999999999752
98	PAN	Enterocloster_clostridioformis_YL32	Metabolite	126.68907411980524	126.68907411980524	1.0	11.255624110630437	11.255624110630437
101	PAN	Muribaculum_intestinale_YL27	Metabolite	126.68907411692126	126.68907411692126	1.0	11.255624110502325	11.255624110502325
