	Source	Target	SourceType	Weight	ABS_Weight	Sign_Weight	ABSRootWeight	SignedRootWeight
17	Thiamine	Limosilactobacillus_reuteri_I49	Metabolite	68.89327634747073	68.89327634747073	1.0	8.300197367982928	8.300197367982928
29	Folate-e0	Limosilactobacillus_reuteri_I49	Metabolite	34.44663817373262	34.44663817373262	1.0	5.869125844087229	5.869125844087229
40	Limosilactobacillus_reuteri_I49	Folate-e0	Microbe	-0.9999999999999891	0.9999999999999891	-1.0	0.9999999999999946	-0.9999999999999946
45	Flavonifractor_plautii_YL31	Riboflavin	Microbe	-0.6666666666671404	0.6666666666671404	-1.0	0.8164965809280161	-0.8164965809280161
47	Limosilactobacillus_reuteri_I49	Thiamine	Microbe	-1.0000000000002194	1.0000000000002194	-1.0	1.0000000000001097	-1.0000000000001097
63	Riboflavin	Limosilactobacillus_reuteri_I49	Metabolite	103.33991452120821	103.33991452120821	1.0	10.165624157975161	10.165624157975161
66	Limosilactobacillus_reuteri_I49	Riboflavin	Microbe	-1.000000000000136	1.000000000000136	-1.0	1.000000000000068	-1.000000000000068
67	Folate-e0	Flavonifractor_plautii_YL31	Metabolite	84.45938274524227	84.45938274524227	1.0	9.190178602466998	9.190178602466998
102	Flavonifractor_plautii_YL31	Folate-e0	Microbe	-0.9999999999999194	0.9999999999999194	-1.0	0.9999999999999597	-0.9999999999999597
