	Source	Target	SourceType	Weight	ABS_Weight	Sign_Weight	ABSRootWeight	SignedRootWeight
18	PAN	Blautia_coccoides_YL58	Metabolite	96.79614644938059	96.79614644938059	1.0	9.838503262660463	9.838503262660463
40	Blautia_coccoides_YL58	PAN	Microbe	-1.0000000000000897	1.0000000000000897	-1.0	1.0000000000000449	-1.0000000000000449
51	N-acetyl-D-gluosamine	Enterocloster_clostridioformis_YL32	Metabolite	18.117340654788386	18.117340654788386	1.0	4.256446951952812	4.256446951952812
72	Enterocloster_clostridioformis_YL32	PAN	Microbe	-0.14300633879648175	0.14300633879648175	-1.0	0.3781617891808766	-0.3781617891808766
100	Enterocloster_clostridioformis_YL32	N-acetyl-D-gluosamine	Microbe	-0.9999999999999651	0.9999999999999651	-1.0	0.9999999999999826	-0.9999999999999826
