	Source	Target	SourceType	Weight	ABS_Weight	Sign_Weight	ABSRootWeight	SignedRootWeight
19	Muribaculum_intestinale_YL27	Riboflavin	Microbe	-0.9999999999999996	0.9999999999999996	-1.0	0.9999999999999998	-0.9999999999999998
26	Flavonifractor_plautii_YL31	PAN	Microbe	-0.9999999999854523	0.9999999999854523	-1.0	0.9999999999927262	-0.9999999999927262
34	Flavonifractor_plautii_YL31	Riboflavin	Microbe	-0.9999999999999793	0.9999999999999793	-1.0	0.9999999999999897	-0.9999999999999897
40	Muribaculum_intestinale_YL27	PAN	Microbe	-1.0000000000000815	1.0000000000000815	-1.0	1.0000000000000406	-1.0000000000000406
82	Riboflavin	Flavonifractor_plautii_YL31	Metabolite	126.68907411801813	126.68907411801813	1.0	11.25562411055105	11.25562411055105
104	PAN	Muribaculum_intestinale_YL27	Metabolite	126.68907411844015	126.68907411844015	1.0	11.255624110569798	11.255624110569798
