	Source	Target	SourceType	Weight	ABS_Weight	Sign_Weight	ABSRootWeight	SignedRootWeight
18	PAN	Blautia_coccoides_YL58	Metabolite	96.79614652174735	96.79614652174735	1.0	9.838503266338195	9.838503266338195
20	Thiamine	Limosilactobacillus_reuteri_I49	Metabolite	193.5922930325326	193.5922930325326	1.0	13.91374475231354	13.91374475231354
44	Blautia_coccoides_YL58	PAN	Microbe	-1.0000000000000049	1.0000000000000049	-1.0	1.0000000000000024	-1.0000000000000024
49	Limosilactobacillus_reuteri_I49	Thiamine	Microbe	-1.0000000000005655	1.0000000000005655	-1.0	1.0000000000002827	-1.0000000000002827
53	Limosilactobacillus_reuteri_I49	PAN	Microbe	-1.9999999999902203	1.9999999999902203	-1.0	1.4142135623696375	-1.4142135623696375
