	Source	Target	Weight	Metabolites	ABSWeight	SignWeight	ABSRootWeight	SignedRootWeight
bc1011->bc1012	bc1011	bc1012	-0.18154704417353434	D-Glucose	0.18154704417353434	-1.0	0.42608337702089993	-0.42608337702089993
bc1012->bc1011	bc1012	bc1011	-0.2701563170637753	D-Glucose	0.2701563170637753	-1.0	0.5197656366707742	-0.5197656366707742
