	Source	Target	SourceType	Weight	ABS_Weight	Sign_Weight	ABSRootWeight	SignedRootWeight
1	bc1002	O2	Microbe	-1.0000000000000024	1.0000000000000024	-1.0	1.000000000000001	-1.000000000000001
20	bc1002	D-Glucose	Microbe	-0.5644774613766486	0.5644774613766486	-1.0	0.751317150993273	-0.751317150993273
29	O2	bc1002	Metabolite	0.15290050085943943	0.15290050085943943	1.0	0.3910249363652393	0.3910249363652393
57	bc1012	O2	Microbe	-0.9999999999999978	0.9999999999999978	-1.0	0.9999999999999989	-0.9999999999999989
76	O2	bc1012	Metabolite	0.027163276724813598	0.027163276724813598	1.0	0.16481285363955567	0.16481285363955567
83	D-Glucose	bc1012	Metabolite	0.13038372827877068	0.13038372827877068	1.0	0.3610868708202649	0.3610868708202649
111	bc1012	D-Glucose	Microbe	-1.0000000000000027	1.0000000000000027	-1.0	1.0000000000000013	-1.0000000000000013
