	Source	Target	SourceType	Weight	ABS_Weight	Sign_Weight	ABSRootWeight	SignedRootWeight
14	PAN	Blautia_coccoides_YL58	Metabolite	96.79614652216222	96.79614652216222	1.0	9.83850326635928	9.83850326635928
32	Blautia_coccoides_YL58	PAN	Microbe	-1.0000000000000093	1.0000000000000093	-1.0	1.0000000000000047	-1.0000000000000047
41	Muribaculum_intestinale_YL27	PAN	Microbe	-0.99999999999998	0.99999999999998	-1.0	0.99999999999999	-0.99999999999999
96	PAN	Muribaculum_intestinale_YL27	Metabolite	126.68907411722539	126.68907411722539	1.0	11.255624110515836	11.255624110515836
