	Source	Target	SourceType	Weight	ABS_Weight	Sign_Weight	ABSRootWeight	SignedRootWeight
24	Muribaculum_intestinale_YL27	Riboflavin	Microbe	-1.000000000000023	1.000000000000023	-1.0	1.0000000000000115	-1.0000000000000115
43	Muribaculum_intestinale_YL27	PAN	Microbe	-1.0000000000040457	1.0000000000040457	-1.0	1.0000000000020228	-1.0000000000020228
61	Riboflavin	Muribaculum_intestinale_YL27	Metabolite	126.68907411767688	126.68907411767688	1.0	11.25562411053589	11.25562411053589
73	Enterocloster_clostridioformis_YL32	PAN	Microbe	-0.9999999999999506	0.9999999999999506	-1.0	0.9999999999999752	-0.9999999999999752
99	PAN	Enterocloster_clostridioformis_YL32	Metabolite	126.68907411980524	126.68907411980524	1.0	11.255624110630437	11.255624110630437
