	Source	Target	SourceType	Weight	ABS_Weight	Sign_Weight	ABSRootWeight	SignedRootWeight
1	PAN	Bacteroides_caecimuris_I48	Metabolite	126.68907411562802	126.68907411562802	1.0	11.255624110444877	11.255624110444877
21	Bacteroides_caecimuris_I48	PAN	Microbe	-0.9999999999999624	0.9999999999999624	-1.0	0.9999999999999811	-0.9999999999999811
