	Source	Target	Metabolites	Weight	Variance	ABS_Weight	Sign_Weight	ABSRootWeight	SignedRootWeight
0	Turicimonas_muris_YL45	Akkermansia_muciniphilaYL44	Riboflavin	-13.89812350354191	1567.249359948701	13.89812350354191	-1.0	3.7280187101920386	-3.7280187101920386
1	Akkermansia_muciniphilaYL44	Turicimonas_muris_YL45	Riboflavin	-88.5842953285163	208.2071601999253	88.5842953285163	-1.0	9.411923040936761	-9.411923040936761
2	Turicimonas_muris_YL45	Akkermansia_muciniphilaYL44	O2-e0.D-Glyceraldehyde-e0.L-Glutamate-e0.Folate	-0.10588511219389696	2.6237688322324555	0.10588511219389696	-1.0	0.32539992654255	-0.32539992654255
3	Turicimonas_muris_YL45	Akkermansia_muciniphilaYL44	Folate	-74.68890656686953	720.1232558763538	74.68890656686953	-1.0	8.642274386228982	-8.642274386228982
