	Source	Target	SourceType	Weight	ABS_Weight	Sign_Weight	ABSRootWeight	SignedRootWeight
51	Akkermansia_muciniphilaYL44	Riboflavin	Microbe	-0.9999999999999647	0.9999999999999647	-1.0	0.9999999999999823	-0.9999999999999823
52	Clostridium_innocuum_I46	Riboflavin	Microbe	-1.000000000000154	1.000000000000154	-1.0	1.000000000000077	-1.000000000000077
79	Riboflavin	Clostridium_innocuum_I46	Metabolite	126.68907411097344	126.68907411097344	1.0	11.25562411023811	11.25562411023811
100	Riboflavin	Akkermansia_muciniphilaYL44	Metabolite	126.68907411769274	126.68907411769274	1.0	11.255624110536596	11.255624110536596
