	Source	Target	SourceType	Weight	ABS_Weight	Sign_Weight	ABSRootWeight	SignedRootWeight
0	Enterococcus_faecalis_KB1	N-Acetyl-D-glucosamine-e0	Microbe	-1.000000000000008	1.000000000000008	-1.0	1.000000000000004	-1.000000000000004
38	N-Acetyl-D-glucosamine-e0	Enterococcus_faecalis_KB1	Metabolite	4.804135289562344	4.804135289562344	1.0	2.191833773250687	2.191833773250687
72	Acutalibacter_muris_KB1	Pyridoxal	Microbe	-1.0000000000001825	1.0000000000001825	-1.0	1.0000000000000913	-1.0000000000000913
85	Pyridoxal	Acutalibacter_muris_KB1	Metabolite	193.5922930336292	193.5922930336292	1.0	13.913744752352947	13.913744752352947
90	Enterococcus_faecalis_KB1	Pyridoxal	Microbe	-0.024815736279045614	0.024815736279045614	-1.0	0.15753011229300135	-0.15753011229300135
