	Source	Target	SourceType	Weight	ABS_Weight	Sign_Weight	ABSRootWeight	SignedRootWeight
14	PAN	Blautia_coccoides_YL58	Metabolite	96.79614652216222	96.79614652216222	1.0	9.83850326635928	9.83850326635928
33	Blautia_coccoides_YL58	PAN	Microbe	-1.0000000000000093	1.0000000000000093	-1.0	1.0000000000000047	-1.0000000000000047
42	Muribaculum_intestinale_YL27	PAN	Microbe	-1.0000000000000533	1.0000000000000533	-1.0	1.0000000000000266	-1.0000000000000266
97	PAN	Muribaculum_intestinale_YL27	Metabolite	126.6890741180064	126.6890741180064	1.0	11.25562411055053	11.25562411055053
