	Source	Target	SourceType	Weight	ABS_Weight	Sign_Weight	ABSRootWeight	SignedRootWeight
29	Flavonifractor_plautii_YL31	PAN	Microbe	-0.9999999999915119	0.9999999999915119	-1.0	0.999999999995756	-0.999999999995756
40	Flavonifractor_plautii_YL31	Riboflavin	Microbe	-0.9999999999999425	0.9999999999999425	-1.0	0.9999999999999712	-0.9999999999999712
68	Enterocloster_clostridioformis_YL32	PAN	Microbe	-1.000000000000266	1.000000000000266	-1.0	1.000000000000133	-1.000000000000133
80	Riboflavin	Flavonifractor_plautii_YL31	Metabolite	126.68907411799057	126.68907411799057	1.0	11.255624110549826	11.255624110549826
96	PAN	Enterocloster_clostridioformis_YL32	Metabolite	126.68907411984387	126.68907411984387	1.0	11.255624110632153	11.255624110632153
