	Source	Target	Weight	Metabolites	ABSWeight	SignWeight	ABSRootWeight	SignedRootWeight
bc1012->bc1001	bc1012	bc1001	-0.1523613679485778	O2	0.1523613679485778	-1.0	0.39033494328406954	-0.39033494328406954
bc1015->bc1001	bc1015	bc1001	-0.2771108328019823	O2	0.2771108328019823	-1.0	0.5264131768886321	-0.5264131768886321
bc1001->bc1012	bc1001	bc1012	-0.11498793299697672	D-Glucose.O2	0.11498793299697672	-1.0	0.339098706864206	-0.339098706864206
bc1015->bc1012	bc1015	bc1012	-0.20940594619309205	D-Glucose.O2	0.20940594619309205	-1.0	0.4576089446165711	-0.4576089446165711
bc1001->bc1015	bc1001	bc1015	-0.1529324091052576	D-Glucose	0.1529324091052576	-1.0	0.3910657350181138	-0.3910657350181138
bc1012->bc1015	bc1012	bc1015	-0.27872439116866404	D-Glucose	0.27872439116866404	-1.0	0.5279435492253542	-0.5279435492253542
