	Source	Target	SourceType	Weight	ABS_Weight	Sign_Weight	ABSRootWeight	SignedRootWeight
18	PAN	Blautia_coccoides_YL58	Metabolite	96.79614652124386	96.79614652124386	1.0	9.838503266312609	9.838503266312609
28	PAN	Clostridium_innocuum_I46	Metabolite	126.689074121239	126.689074121239	1.0	11.255624110694129	11.255624110694129
46	Blautia_coccoides_YL58	PAN	Microbe	-0.9999999999997988	0.9999999999997988	-1.0	0.9999999999998994	-0.9999999999998994
71	Clostridium_innocuum_I46	PAN	Microbe	-1.0000000000003642	1.0000000000003642	-1.0	1.000000000000182	-1.000000000000182
