	Source	Target	SourceType	Weight	Variance	ABS_Weight	Sign_Weight	ABSRootWeight	SignedRootWeight
35	Enterocloster_clostridioformis_YL32	PAN	Microbe	-1.000000000000114	2.3163236478343047e-27	1.000000000000114	-1.0	1.0000000000000568	-1.0000000000000568
41	PAN	Enterocloster_clostridioformis_YL32	Metabolite	126.68907411984014	1.8844955538773075e-22	126.68907411984014	1.0	11.255624110631988	11.255624110631988
