	Source	Target	SourceType	Weight	ABS_Weight	Sign_Weight	ABSRootWeight	SignedRootWeight
32	D-Glucose	bc1015	Metabolite	0.25030228184986614	0.25030228184986614	1.0	0.5003021905307493	0.5003021905307493
37	D-Glucose	bc1011	Metabolite	0.2701563170637754	0.2701563170637754	1.0	0.5197656366707744	0.5197656366707744
112	bc1015	D-Glucose	Microbe	-1.0000000000000067	1.0000000000000067	-1.0	1.0000000000000033	-1.0000000000000033
115	D-Glucose	bc1012	Metabolite	0.2113889301905628	0.2113889301905628	1.0	0.45977051905332383	0.45977051905332383
167	bc1011	D-Glucose	Microbe	-0.999999999999997	0.999999999999997	-1.0	0.9999999999999984	-0.9999999999999984
168	bc1012	D-Glucose	Microbe	-1.0000000000000062	1.0000000000000062	-1.0	1.000000000000003	-1.000000000000003
