	Source	Target	Weight	Metabolites	ABSWeight	SignWeight	ABSRootWeight	SignedRootWeight
bc1015->bc1016	bc1015	bc1016	-0.05745328770557923	D-Glucose	0.05745328770557923	-1.0	0.2396941545085721	-0.2396941545085721
bc1016->bc1015	bc1016	bc1015	-0.2502986192091009	D-Glucose	0.2502986192091009	-1.0	0.5002985300888869	-0.5002985300888869
