	Source	Target	Weight	Metabolites	ABSWeight	SignWeight	ABSRootWeight	SignedRootWeight
bc1002->bc1012	bc1002	bc1012	-0.2019210284713815	O2.D-Glucose	0.2019210284713815	-1.0	0.449356237824047	-0.449356237824047
bc1012->bc1002	bc1012	bc1002	-0.15290050085944687	O2	0.15290050085944687	-1.0	0.3910249363652488	-0.3910249363652488
