	Source	Target	SourceType	Weight	ABS_Weight	Sign_Weight	ABSRootWeight	SignedRootWeight
19	Clostridium_innocuum_I46	N-Acetyl-D-glucosamine-e0	Microbe	-0.9999999999999923	0.9999999999999923	-1.0	0.9999999999999961	-0.9999999999999961
38	N-Acetyl-D-glucosamine-e0	Clostridium_innocuum_I46	Metabolite	18.117340654692427	18.117340654692427	1.0	4.25644695194154	4.25644695194154
70	Clostridium_innocuum_I46	PAN	Microbe	-0.14300633879196334	0.14300633879196334	-1.0	0.3781617891749024	-0.3781617891749024
75	Enterocloster_clostridioformis_YL32	PAN	Microbe	-1.0000000000003166	1.0000000000003166	-1.0	1.0000000000001583	-1.0000000000001583
101	PAN	Enterocloster_clostridioformis_YL32	Metabolite	126.68907411985191	126.68907411985191	1.0	11.255624110632512	11.255624110632512
