	Source	Target	SourceType	Weight	ABS_Weight	Sign_Weight	ABSRootWeight	SignedRootWeight
10	Clostridium_innocuum_I46	N-Acetyl-D-glucosamine-e0	Microbe	-0.9999999999999534	0.9999999999999534	-1.0	0.9999999999999767	-0.9999999999999767
30	N-Acetyl-D-glucosamine-e0	Clostridium_innocuum_I46	Metabolite	18.117340655064165	18.117340655064165	1.0	4.2564469519852075	4.2564469519852075
66	Clostridium_innocuum_I46	PAN	Microbe	-0.1430063387941825	0.1430063387941825	-1.0	0.37816178917783655	-0.37816178917783655
82	PAN	Bacteroides_caecimuris_I48	Metabolite	126.68907411548955	126.68907411548955	1.0	11.255624110438726	11.255624110438726
88	Bacteroides_caecimuris_I48	PAN	Microbe	-0.9999999999995921	0.9999999999995921	-1.0	0.999999999999796	-0.999999999999796
