	Source	Target	SourceType	Weight	ABS_Weight	Sign_Weight	ABSRootWeight	SignedRootWeight
2	Riboflavin	Bacteroides_caecimuris_I48	Metabolite	126.68907411758086	126.68907411758086	1.0	11.255624110531626	11.255624110531626
13	Clostridium_innocuum_I46	Folate-e0	Microbe	-0.9999999999999983	0.9999999999999983	-1.0	0.9999999999999991	-0.9999999999999991
16	Folate-e0	Clostridium_innocuum_I46	Metabolite	84.45938274007365	84.45938274007365	1.0	9.190178602185794	9.190178602185794
44	Clostridium_innocuum_I46	Riboflavin	Microbe	-0.6666666666220921	0.6666666666220921	-1.0	0.8164965809004298	-0.8164965809004298
69	Bacteroides_caecimuris_I48	Riboflavin	Microbe	-1.0000000000000138	1.0000000000000138	-1.0	1.0000000000000069	-1.0000000000000069
