	Source	Target	SourceType	Weight	ABS_Weight	Sign_Weight	ABSRootWeight	SignedRootWeight
0	Riboflavin	Bifidobacterium_animalis_YL2	Metabolite	96.79614651724023	96.79614651724023	1.0	9.838503266109141	9.838503266109141
34	Akkermansia_muciniphilaYL44	Riboflavin	Microbe	-1.000000000000108	1.000000000000108	-1.0	1.000000000000054	-1.000000000000054
68	Bifidobacterium_animalis_YL2	Riboflavin	Microbe	-0.9999999999999636	0.9999999999999636	-1.0	0.9999999999999818	-0.9999999999999818
78	Riboflavin	Akkermansia_muciniphilaYL44	Metabolite	126.68907411747632	126.68907411747632	1.0	11.255624110526982	11.255624110526982
