	Source	Target	Metabolites	Weight	Variance	ABS_Weight	Sign_Weight	ABSRootWeight	SignedRootWeight
0	bc1015	bc1016	D-Glucose	-0.0465675157403045	0.000163052402947394	0.0465675157403045	-1.0	0.21579507811881277	-0.21579507811881277
1	bc1016	bc1015	O2	-0.0014458846577361261	2.876578311336355e-06	0.0014458846577361261	-1.0	0.03802479004197296	-0.03802479004197296
2	bc1016	bc1015	O2.D-Glucose	-0.0008499564850686356	0.0025844225388161153	0.0008499564850686356	-1.0	0.029154013189758896	-0.029154013189758896
3	bc1016	bc1015	D-Glucose	-0.14488278958127346	0.015272938710500011	0.14488278958127346	-1.0	0.38063471935869625	-0.38063471935869625
