	Source	Target	SourceType	Weight	ABS_Weight	Sign_Weight	ABSRootWeight	SignedRootWeight
8	Riboflavin	Muribaculum_intestinale_YL27	Metabolite	126.68907411835757	126.68907411835757	1.0	11.25562411056613	11.25562411056613
44	Muribaculum_intestinale_YL27	Riboflavin	Microbe	-0.9999999999999425	0.9999999999999425	-1.0	0.9999999999999712	-0.9999999999999712
