	Source	Target	SourceType	Weight	ABS_Weight	Sign_Weight	ABSRootWeight	SignedRootWeight
48	Akkermansia_muciniphilaYL44	Riboflavin	Microbe	-1.0000000000003786	1.0000000000003786	-1.0	1.0000000000001892	-1.0000000000001892
49	Clostridium_innocuum_I46	Riboflavin	Microbe	-0.9999999999999921	0.9999999999999921	-1.0	0.999999999999996	-0.999999999999996
73	Riboflavin	Clostridium_innocuum_I46	Metabolite	126.6890741187563	126.6890741187563	1.0	11.255624110583842	11.255624110583842
88	Riboflavin	Akkermansia_muciniphilaYL44	Metabolite	126.68907411780633	126.68907411780633	1.0	11.255624110541643	11.255624110541643
