	Source	Target	SourceType	Weight	ABS_Weight	Sign_Weight	ABSRootWeight	SignedRootWeight
34	Folate-e0	Enterococcus_faecalis_KB1	Metabolite	64.53076498620217	64.53076498620217	1.0	8.033104318145146	8.033104318145146
73	Acutalibacter_muris_KB1	Pyridoxal	Microbe	-1.0000000000001825	1.0000000000001825	-1.0	1.0000000000000913	-1.0000000000000913
80	Enterococcus_faecalis_KB1	Folate-e0	Microbe	-0.9999999999999712	0.9999999999999712	-1.0	0.9999999999999856	-0.9999999999999856
84	Pyridoxal	Acutalibacter_muris_KB1	Metabolite	193.5922930336292	193.5922930336292	1.0	13.913744752352947	13.913744752352947
90	Enterococcus_faecalis_KB1	Pyridoxal	Microbe	-0.33333333664846554	0.33333333664846554	-1.0	0.5773502720606145	-0.5773502720606145
