	Source	Target	SourceType	Weight	ABS_Weight	Sign_Weight	ABSRootWeight	SignedRootWeight
8	Riboflavin	Turicimonas_muris_YL45	Metabolite	126.68907411760277	126.68907411760277	1.0	11.2556241105326	11.2556241105326
22	PAN	Clostridium_innocuum_I46	Metabolite	126.68907412270023	126.68907412270023	1.0	11.25562411075904	11.25562411075904
41	Turicimonas_muris_YL45	PAN	Microbe	-1.0000000000492226	1.0000000000492226	-1.0	1.0000000000246112	-1.0000000000246112
48	Clostridium_innocuum_I46	Riboflavin	Microbe	-0.9999999999999931	0.9999999999999931	-1.0	0.9999999999999966	-0.9999999999999966
52	Turicimonas_muris_YL45	Riboflavin	Microbe	-1.0000000000016553	1.0000000000016553	-1.0	1.0000000000008276	-1.0000000000008276
64	Clostridium_innocuum_I46	PAN	Microbe	-1.0000000000004285	1.0000000000004285	-1.0	1.0000000000002143	-1.0000000000002143
