	Source	Target	Weight	Metabolites	ABSWeight	SignWeight	ABSRootWeight	SignedRootWeight
bc1012->bc1015	bc1012	bc1015	-0.2787243911686635	D-Glucose	0.2787243911686635	-1.0	0.5279435492253537	-0.5279435492253537
bc1015->bc1012	bc1015	bc1012	-0.18156064653432838	D-Glucose	0.18156064653432838	-1.0	0.42609933881001083	-0.42609933881001083
