	Source	Target	SourceType	Weight	ABS_Weight	Sign_Weight	ABSRootWeight	SignedRootWeight
44	Flavonifractor_plautii_YL31	Riboflavin	Microbe	-1.000000000000243	1.000000000000243	-1.0	1.0000000000001215	-1.0000000000001215
67	Riboflavin-e0	Enterococcus_faecalis_KB1	Metabolite	96.79614652082984	96.79614652082984	1.0	9.838503266291568	9.838503266291568
73	Enterococcus_faecalis_KB1	Riboflavin-e0	Microbe	-0.9999999999999305	0.9999999999999305	-1.0	0.9999999999999653	-0.9999999999999653
92	Riboflavin	Flavonifractor_plautii_YL31	Metabolite	126.68907411866759	126.68907411866759	1.0	11.255624110579902	11.255624110579902
