	Source	Target	SourceType	Weight	ABS_Weight	Sign_Weight	ABSRootWeight	SignedRootWeight
3	Riboflavin	Bacteroides_caecimuris_I48	Metabolite	126.68907411745595	126.68907411745595	1.0	11.255624110526076	11.255624110526076
14	Clostridium_innocuum_I46	Folate-e0	Microbe	-0.9999999999995721	0.9999999999995721	-1.0	0.9999999999997861	-0.9999999999997861
17	Folate-e0	Clostridium_innocuum_I46	Metabolite	84.45938274383666	84.45938274383666	1.0	9.190178602390525	9.190178602390525
45	Clostridium_innocuum_I46	Riboflavin	Microbe	-0.6666666666451931	0.6666666666451931	-1.0	0.8164965809145762	-0.8164965809145762
71	Bacteroides_caecimuris_I48	Riboflavin	Microbe	-1.0000000000000133	1.0000000000000133	-1.0	1.0000000000000067	-1.0000000000000067
