	Source	Target	Metabolites	Weight	Variance	ABS_Weight	Sign_Weight	ABSRootWeight	SignedRootWeight
0	Akkermansia_muciniphilaYL44	Clostridium_innocuum_I46	PAN	-1.884955879050379	235.07911899258966	1.884955879050379	-1.0	1.3729369537784242	-1.3729369537784242
1	Clostridium_innocuum_I46	Akkermansia_muciniphilaYL44	Riboflavin	-120.58694039561232	35.44251688987521	120.58694039561232	-1.0	10.981208512527768	-10.981208512527768
2	Akkermansia_muciniphilaYL44	Clostridium_innocuum_I46	O2-e0.Riboflavin.L-Aspartate-e0	-5.672375657530145e-05	0.00014271533128448424	5.672375657530145e-05	-1.0	0.007531517547964783	-0.007531517547964783
3	Akkermansia_muciniphilaYL44	Clostridium_innocuum_I46	O2-e0.Riboflavin	0.00013645294874013408	0.01604095432950312	0.00013645294874013408	1.0	0.01168130766396186	0.01168130766396186
4	Akkermansia_muciniphilaYL44	Clostridium_innocuum_I46	Riboflavin	-117.91952359849508	364.3492643902146	117.91952359849508	-1.0	10.859075632782703	-10.859075632782703
5	Akkermansia_muciniphilaYL44	Clostridium_innocuum_I46	L-Asparagine-e0.L-Threonine-e0.O2-e0.Riboflavin.L-Aspartate-e0	0.01652702355018728	0.053425642481477756	0.01652702355018728	1.0	0.12855747177891794	0.12855747177891794
6	Akkermansia_muciniphilaYL44	Clostridium_innocuum_I46	L-Asparagine-e0.L-Threonine-e0.D-Glucose-e0.O2-e0.Riboflavin	-0.0028551893190099393	0.008835535724068146	0.0028551893190099393	-1.0	0.05343397158184987	-0.05343397158184987
