	Source	Target	SourceType	Weight	ABS_Weight	Sign_Weight	ABSRootWeight	SignedRootWeight
3	Riboflavin	Bifidobacterium_animalis_YL2	Metabolite	96.79614651694357	96.79614651694357	1.0	9.838503266094063	9.838503266094063
41	Flavonifractor_plautii_YL31	Riboflavin	Microbe	-1.0000000000000222	1.0000000000000222	-1.0	1.000000000000011	-1.000000000000011
97	Bifidobacterium_animalis_YL2	Riboflavin	Microbe	-0.9999999999999728	0.9999999999999728	-1.0	0.9999999999999863	-0.9999999999999863
98	Riboflavin	Flavonifractor_plautii_YL31	Metabolite	126.68907411771963	126.68907411771963	1.0	11.25562411053779	11.25562411053779
