	Source	Target	SourceType	Weight	ABS_Weight	Sign_Weight	ABSRootWeight	SignedRootWeight
15	PAN	Blautia_coccoides_YL58	Metabolite	96.79614652200574	96.79614652200574	1.0	9.838503266351328	9.838503266351328
35	Blautia_coccoides_YL58	PAN	Microbe	-1.0000000000000084	1.0000000000000084	-1.0	1.0000000000000042	-1.0000000000000042
44	Muribaculum_intestinale_YL27	PAN	Microbe	-0.9999999999999896	0.9999999999999896	-1.0	0.9999999999999948	-0.9999999999999948
100	PAN	Muribaculum_intestinale_YL27	Metabolite	126.68907411717959	126.68907411717959	1.0	11.2556241105138	11.2556241105138
