	Source	Target	SourceType	Weight	ABS_Weight	Sign_Weight	ABSRootWeight	SignedRootWeight
19	Clostridium_innocuum_I46	N-Acetyl-D-glucosamine-e0	Microbe	-1.0000000000000178	1.0000000000000178	-1.0	1.0000000000000089	-1.0000000000000089
37	N-Acetyl-D-glucosamine-e0	Clostridium_innocuum_I46	Metabolite	18.11734065469956	18.11734065469956	1.0	4.256446951942378	4.256446951942378
68	Clostridium_innocuum_I46	PAN	Microbe	-0.14300633879253283	0.14300633879253283	-1.0	0.3781617891756554	-0.3781617891756554
72	Enterocloster_clostridioformis_YL32	PAN	Microbe	-1.000000000000287	1.000000000000287	-1.0	1.0000000000001434	-1.0000000000001434
97	PAN	Enterocloster_clostridioformis_YL32	Metabolite	126.68907411983177	126.68907411983177	1.0	11.255624110631617	11.255624110631617
