	Source	Target	Metabolites	Weight	Variance	ABS_Weight	Sign_Weight	ABSRootWeight	SignedRootWeight
0	Blautia_coccoides_YL58	Flavonifractor_plautii_YL31	Riboflavin	-64.76134597371266	3968.7187877826273	64.76134597371266	-1.0	8.04744344333731	-8.04744344333731
1	Flavonifractor_plautii_YL31	Blautia_coccoides_YL58	PAN	-55.82437308314096	2129.0145533527607	55.82437308314096	-1.0	7.471570991641649	-7.471570991641649
2	Blautia_coccoides_YL58	Flavonifractor_plautii_YL31	Inosine-e0.Succinate-e0.L-Threonine-e0.L-Arginine-e0.Spermidine-e0.O2-e0.Puryvate.5'-Deoxyadenosine-e0	0.03388242437141069	3.3562254446516726	0.03388242437141069	1.0	0.18407179135166443	0.18407179135166443
3	Blautia_coccoides_YL58	Flavonifractor_plautii_YL31	Spermidine-e0	-0.10814445757477295	13.68890940453627	0.10814445757477295	-1.0	0.32885324625852935	-0.32885324625852935
4	Blautia_coccoides_YL58	Flavonifractor_plautii_YL31	5'-Deoxyadenosine-e0	1.0046944113605187	1.329709889029678	1.0046944113605187	1.0	1.0023444574399156	1.0023444574399156
