	Source	Target	Weight	Metabolites	ABSWeight	SignWeight	ABSRootWeight	SignedRootWeight
bc1008->bc1016	bc1008	bc1016	-0.057453287705578414	D-Glucose	0.057453287705578414	-1.0	0.2396941545085704	-0.2396941545085704
bc1009->bc1016	bc1009	bc1016	-0.03153298968727407	D-Glucose	0.03153298968727407	-1.0	0.17757530708765246	-0.17757530708765246
bc1009->bc1008	bc1009	bc1008	-0.03153298991387828	D-Glucose	0.03153298991387828	-1.0	0.17757530772570349	-0.17757530772570349
bc1016->bc1008	bc1016	bc1008	-0.05745328811845306	D-Glucose	0.05745328811845306	-1.0	0.23969415536982344	-0.23969415536982344
bc1008->bc1009	bc1008	bc1009	-0.003434173273344938	O2	0.003434173273344938	-1.0	0.05860181971018424	-0.05860181971018424
bc1016->bc1009	bc1016	bc1009	-0.0034341732486272516	O2	0.0034341732486272516	-1.0	0.058601819499289026	-0.058601819499289026
