	Source	Target	SourceType	Weight	ABS_Weight	Sign_Weight	ABSRootWeight	SignedRootWeight
4	Acutalibacter_muris_KB1	PAN	Microbe	-2.000000000009109	2.000000000009109	-1.0	1.4142135623763157	-1.4142135623763157
22	PAN	Limosilactobacillus_reuteri_I49	Metabolite	96.7961465170965	96.7961465170965	1.0	9.838503266101837	9.838503266101837
40	Limosilactobacillus_reuteri_I49	PAN	Microbe	-0.9999999999997368	0.9999999999997368	-1.0	0.9999999999998683	-0.9999999999998683
74	Acutalibacter_muris_KB1	Pyridoxal	Microbe	-1.0000000000009885	1.0000000000009885	-1.0	1.0000000000004943	-1.0000000000004943
84	Pyridoxal	Acutalibacter_muris_KB1	Metabolite	193.59229303373968	193.59229303373968	1.0	13.913744752356918	13.913744752356918
