	Source	Target	SourceType	Weight	ABS_Weight	Sign_Weight	ABSRootWeight	SignedRootWeight
19	Clostridium_innocuum_I46	PAN	Microbe	-1.0000000000006333	1.0000000000006333	-1.0	1.0000000000003166	-1.0000000000003166
34	PAN	Clostridium_innocuum_I46	Metabolite	126.68907411931102	126.68907411931102	1.0	11.255624110608483	11.255624110608483
