	Source	Target	SourceType	Weight	Variance	ABS_Weight	Sign_Weight	ABSRootWeight	SignedRootWeight
9	Riboflavin	Turicimonas_muris_YL45	Metabolite	126.68907411747742	8.340139806738962e-22	126.68907411747742	1.0	11.25562411052703	11.25562411052703
38	Turicimonas_muris_YL45	Riboflavin	Microbe	-1.0000000000002816	3.498784483044044e-26	1.0000000000002816	-1.0	1.0000000000001408	-1.0000000000001408
