	Source	Target	SourceType	Weight	Variance	ABS_Weight	Sign_Weight	ABSRootWeight	SignedRootWeight
26	Muribaculum_intestinale_YL27	PAN	Microbe	-0.5485971202114981	0.11178465075355562	0.5485971202114981	-1.0	0.7406734234542901	-0.7406734234542901
33	Muribaculum_intestinale_YL27	Riboflavin	Microbe	-0.5485971202093941	0.11178465075269807	0.5485971202093941	-1.0	0.7406734234528698	-0.7406734234528698
36	PAN	Muribaculum_intestinale_YL27	Metabolite	5.482683390904293	650.9671772786264	5.482683390904293	1.0	2.341513055890206	2.341513055890206
48	Riboflavin	Muribaculum_intestinale_YL27	Metabolite	64.01857783205057	2162.0562736921643	64.01857783205057	1.0	8.001161030253707	8.001161030253707
