	Source	Target	Weight	Metabolites	ABSWeight	SignWeight	ABSRootWeight	SignedRootWeight
bc1001->bc1012	bc1001	bc1012	-0.21138893019056232	D-Glucose	0.21138893019056232	-1.0	0.4597705190533233	-0.4597705190533233
bc1012->bc1001	bc1012	bc1001	-0.27768364970870574	D-Glucose	0.27768364970870574	-1.0	0.5269569714015612	-0.5269569714015612
