	Source	Target	SourceType	Weight	ABS_Weight	Sign_Weight	ABSRootWeight	SignedRootWeight
14	Thiamine	Limosilactobacillus_reuteri_I49	Metabolite	135.5637085513743	135.5637085513743	1.0	11.643182921837752	11.643182921837752
32	Folate-e0	Limosilactobacillus_reuteri_I49	Metabolite	67.78185427566183	67.78185427566183	1.0	8.232973598625337	8.232973598625337
39	Limosilactobacillus_reuteri_I49	Folate-e0	Microbe	-0.9999999999999775	0.9999999999999775	-1.0	0.9999999999999887	-0.9999999999999887
48	Limosilactobacillus_reuteri_I49	Thiamine	Microbe	-0.9999999999999368	0.9999999999999368	-1.0	0.9999999999999684	-0.9999999999999684
60	Riboflavin	Limosilactobacillus_reuteri_I49	Metabolite	203.34556282710423	203.34556282710423	1.0	14.259928570196424	14.259928570196424
65	Limosilactobacillus_reuteri_I49	Riboflavin	Microbe	-1.0000000000000322	1.0000000000000322	-1.0	1.000000000000016	-1.000000000000016
78	Riboflavin-e0	Enterococcus_faecalis_KB1	Metabolite	96.79614651985041	96.79614651985041	1.0	9.838503266241792	9.838503266241792
81	Enterococcus_faecalis_KB1	Riboflavin-e0	Microbe	-0.9999999999998528	0.9999999999998528	-1.0	0.9999999999999264	-0.9999999999999264
95	Enterococcus_faecalis_KB1	Folate-e0	Microbe	-0.999999999999999	0.999999999999999	-1.0	0.9999999999999994	-0.9999999999999994
