	Source	Target	SourceType	Weight	ABS_Weight	Sign_Weight	ABSRootWeight	SignedRootWeight
38	Muribaculum_intestinale_YL27	PAN	Microbe	-1.0000000000000904	1.0000000000000904	-1.0	1.000000000000045	-1.000000000000045
70	PAN	Bacteroides_caecimuris_I48	Metabolite	126.68907411563546	126.68907411563546	1.0	11.255624110445208	11.255624110445208
75	Bacteroides_caecimuris_I48	PAN	Microbe	-1.0000000000000007	1.0000000000000007	-1.0	1.0000000000000002	-1.0000000000000002
97	PAN	Muribaculum_intestinale_YL27	Metabolite	126.68907411845954	126.68907411845954	1.0	11.25562411057066	11.25562411057066
