	Source	Target	Metabolites	Weight	Variance	ABS_Weight	Sign_Weight	ABSRootWeight	SignedRootWeight
0	bc1012	bc1015	O2	-0.0466263191265174	0.00497136926816477	0.0466263191265174	-1.0	0.21593128334383926	-0.21593128334383926
1	bc1015	bc1012	O2	-0.04006053722804066	0.004524116325622105	0.04006053722804066	-1.0	0.20015128585157943	-0.20015128585157943
2	bc1015	bc1012	D-Glucose.O2	-0.004766336622667013	0.000511108458348139	0.004766336622667013	-1.0	0.06903866034814851	-0.06903866034814851
3	bc1012	bc1015	D-Glucose	-0.19391753773982387	0.016444978273346175	0.19391753773982387	-1.0	0.4403606905024833	-0.4403606905024833
4	bc1015	bc1012	D-Glucose	-0.12595533834704678	0.0070035500229188715	0.12595533834704678	-1.0	0.3549018714335651	-0.3549018714335651
