	Source	Target	SourceType	Weight	ABS_Weight	Sign_Weight	ABSRootWeight	SignedRootWeight
16	PAN	Blautia_coccoides_YL58	Metabolite	96.7961465163526	96.7961465163526	1.0	9.83850326606403	9.83850326606403
40	Blautia_coccoides_YL58	PAN	Microbe	-0.9999999999999948	0.9999999999999948	-1.0	0.9999999999999973	-0.9999999999999973
71	Enterocloster_clostridioformis_YL32	PAN	Microbe	-1.0000000000000453	1.0000000000000453	-1.0	1.0000000000000226	-1.0000000000000226
96	PAN	Enterocloster_clostridioformis_YL32	Metabolite	126.68907411561082	126.68907411561082	1.0	11.255624110444113	11.255624110444113
