	Source	Target	SourceType	Weight	ABS_Weight	Sign_Weight	ABSRootWeight	SignedRootWeight
48	Akkermansia_muciniphilaYL44	Riboflavin	Microbe	-1.0000000000003786	1.0000000000003786	-1.0	1.0000000000001892	-1.0000000000001892
49	Clostridium_innocuum_I46	Riboflavin	Microbe	-0.9999999999991667	0.9999999999991667	-1.0	0.9999999999995833	-0.9999999999995833
73	Riboflavin	Clostridium_innocuum_I46	Metabolite	126.68907411934117	126.68907411934117	1.0	11.255624110609823	11.255624110609823
88	Riboflavin	Akkermansia_muciniphilaYL44	Metabolite	126.68907411780633	126.68907411780633	1.0	11.255624110541643	11.255624110541643
