	Source	Target	SourceType	Weight	ABS_Weight	Sign_Weight	ABSRootWeight	SignedRootWeight
12	Riboflavin	Flavonifractor_plautii_YL31	Metabolite	126.68907411730731	126.68907411730731	1.0	11.255624110519475	11.255624110519475
21	Flavonifractor_plautii_YL31	Riboflavin	Microbe	-0.9999999999999584	0.9999999999999584	-1.0	0.9999999999999791	-0.9999999999999791
