	Source	Target	SourceType	Weight	ABS_Weight	Sign_Weight	ABSRootWeight	SignedRootWeight
32	Akkermansia_muciniphilaYL44	PAN	Microbe	-0.9999999999913189	0.9999999999913189	-1.0	0.9999999999956595	-0.9999999999956595
40	Akkermansia_muciniphilaYL44	Riboflavin	Microbe	-1.0000000000001932	1.0000000000001932	-1.0	1.0000000000000966	-1.0000000000000966
57	Enterocloster_clostridioformis_YL32	PAN	Microbe	-1.0000000000005405	1.0000000000005405	-1.0	1.0000000000002702	-1.0000000000002702
78	Riboflavin	Akkermansia_muciniphilaYL44	Metabolite	126.6890741174977	126.6890741174977	1.0	11.255624110527933	11.255624110527933
81	PAN	Enterocloster_clostridioformis_YL32	Metabolite	126.68907411986153	126.68907411986153	1.0	11.255624110632938	11.255624110632938
