	Source	Target	Weight	Metabolites	ABSWeight	SignWeight	ABSRootWeight	SignedRootWeight
bc1001->bc1016	bc1001	bc1016	-0.0574532877055787	D-Glucose	0.0574532877055787	-1.0	0.23969415450857098	-0.23969415450857098
bc1003->bc1016	bc1003	bc1016	-0.05745328770557894	D-Glucose	0.05745328770557894	-1.0	0.23969415450857148	-0.23969415450857148
bc1001->bc1003	bc1001	bc1003	-0.27859525236686317	D-Glucose	0.27859525236686317	-1.0	0.5278212314476021	-0.5278212314476021
bc1016->bc1003	bc1016	bc1003	-0.2785952523668641	D-Glucose	0.2785952523668641	-1.0	0.5278212314476031	-0.5278212314476031
bc1003->bc1001	bc1003	bc1001	-0.27768364970870457	D-Glucose	0.27768364970870457	-1.0	0.5269569714015601	-0.5269569714015601
bc1016->bc1001	bc1016	bc1001	-0.27768364970870435	D-Glucose	0.27768364970870435	-1.0	0.5269569714015598	-0.5269569714015598
