	Source	Target	SourceType	Weight	ABS_Weight	Sign_Weight	ABSRootWeight	SignedRootWeight
2	Riboflavin	Bacteroides_caecimuris_I48	Metabolite	126.68907411756285	126.68907411756285	1.0	11.255624110530826	11.255624110530826
45	Clostridium_innocuum_I46	Riboflavin	Microbe	-0.9999999999999549	0.9999999999999549	-1.0	0.9999999999999775	-0.9999999999999775
71	Bacteroides_caecimuris_I48	Riboflavin	Microbe	-0.999999999999877	0.999999999999877	-1.0	0.9999999999999385	-0.9999999999999385
81	Riboflavin	Clostridium_innocuum_I46	Metabolite	126.68907411866599	126.68907411866599	1.0	11.25562411057983	11.25562411057983
