	Source	Target	Weight	Metabolites	ABSWeight	SignWeight	ABSRootWeight	SignedRootWeight
bc1001->bc1010	bc1001	bc1010	-0.14798349421739732	D-Glucose	0.14798349421739732	-1.0	0.38468622826583915	-0.38468622826583915
bc1009->bc1010	bc1009	bc1010	-0.14802633492534473	D-Glucose	0.14802633492534473	-1.0	0.3847419069003853	-0.3847419069003853
bc1009->bc1001	bc1009	bc1001	-0.15236136794857946	O2	0.15236136794857946	-1.0	0.3903349432840717	-0.3903349432840717
bc1010->bc1001	bc1010	bc1001	-0.269407589535608	O2	0.269407589535608	-1.0	0.5190448820050227	-0.5190448820050227
bc1001->bc1009	bc1001	bc1009	-0.1531947786395359	O2	0.1531947786395359	-1.0	0.39140104578237384	-0.39140104578237384
bc1010->bc1009	bc1010	bc1009	-0.2708812384557182	O2	0.2708812384557182	-1.0	0.5204625235842809	-0.5204625235842809
