	Source	Target	SourceType	Weight	ABS_Weight	Sign_Weight	ABSRootWeight	SignedRootWeight
2	Riboflavin	Bacteroides_caecimuris_I48	Metabolite	126.68907411791817	126.68907411791817	1.0	11.25562411054661	11.25562411054661
11	Acutalibacter_muris_KB1	Riboflavin	Microbe	2.4292613645675365	2.4292613645675365	1.0	1.5586087913801643	1.5586087913801643
60	Bacteroides_caecimuris_I48	Riboflavin	Microbe	-0.9999999999999423	0.9999999999999423	-1.0	0.9999999999999711	-0.9999999999999711
66	Acutalibacter_muris_KB1	Pyridoxal	Microbe	-1.000000000001039	1.000000000001039	-1.0	1.0000000000005194	-1.0000000000005194
80	Pyridoxal	Acutalibacter_muris_KB1	Metabolite	193.59229303336625	193.59229303336625	1.0	13.913744752343499	13.913744752343499
