	Source	Target	SourceType	Weight	ABS_Weight	Sign_Weight	ABSRootWeight	SignedRootWeight
29	Flavonifractor_plautii_YL31	Riboflavin	Microbe	-0.9999999999998526	0.9999999999998526	-1.0	0.9999999999999263	-0.9999999999999263
34	Akkermansia_muciniphilaYL44	Riboflavin	Microbe	-1.0000000000001932	1.0000000000001932	-1.0	1.0000000000000966	-1.0000000000000966
70	Riboflavin	Flavonifractor_plautii_YL31	Metabolite	126.68907411728401	126.68907411728401	1.0	11.25562411051844	11.25562411051844
80	Riboflavin	Akkermansia_muciniphilaYL44	Metabolite	126.6890741174977	126.6890741174977	1.0	11.255624110527933	11.255624110527933
