	Source	Target	SourceType	Weight	ABS_Weight	Sign_Weight	ABSRootWeight	SignedRootWeight
30	Akkermansia_muciniphilaYL44	Riboflavin	Microbe	-1.0000000000000806	1.0000000000000806	-1.0	1.0000000000000402	-1.0000000000000402
33	Riboflavin	Akkermansia_muciniphilaYL44	Metabolite	126.68907411780162	126.68907411780162	1.0	11.255624110541433	11.255624110541433
