	Source	Target	SourceType	Weight	ABS_Weight	Sign_Weight	ABSRootWeight	SignedRootWeight
8	Riboflavin	Turicimonas_muris_YL45	Metabolite	126.68907411760277	126.68907411760277	1.0	11.2556241105326	11.2556241105326
48	Clostridium_innocuum_I46	Riboflavin	Microbe	-1.0000000000001212	1.0000000000001212	-1.0	1.0000000000000606	-1.0000000000000606
52	Turicimonas_muris_YL45	Riboflavin	Microbe	-1.0000000000016553	1.0000000000016553	-1.0	1.0000000000008276	-1.0000000000008276
78	Riboflavin	Clostridium_innocuum_I46	Metabolite	126.68907411848198	126.68907411848198	1.0	11.255624110571656	11.255624110571656
