	Source	Target	SourceType	Weight	ABS_Weight	Sign_Weight	ABSRootWeight	SignedRootWeight
42	Flavonifractor_plautii_YL31	Riboflavin	Microbe	-1.0000000000001765	1.0000000000001765	-1.0	1.0000000000000882	-1.0000000000000882
47	Akkermansia_muciniphilaYL44	Riboflavin	Microbe	-0.9999999999998976	0.9999999999998976	-1.0	0.9999999999999488	-0.9999999999999488
82	Riboflavin	Flavonifractor_plautii_YL31	Metabolite	126.68907411739218	126.68907411739218	1.0	11.255624110523245	11.255624110523245
94	Riboflavin	Akkermansia_muciniphilaYL44	Metabolite	126.68907411772207	126.68907411772207	1.0	11.2556241105379	11.2556241105379
