	IntegralDiff	MaxDiff	MaxTime
bc1012	0.04457657612855276	0.027779516301918026	0.9109140914091409
bc1002	0.0024350596343455534	0.0015704318601019386	1.0597809780978098
