	Source	Target	SourceType	Weight	ABS_Weight	Sign_Weight	ABSRootWeight	SignedRootWeight
21	PAN	Clostridium_innocuum_I46	Metabolite	126.68907411699496	126.68907411699496	1.0	11.255624110505599	11.255624110505599
31	Flavonifractor_plautii_YL31	PAN	Microbe	-0.9999999999872843	0.9999999999872843	-1.0	0.9999999999936421	-0.9999999999936421
41	Flavonifractor_plautii_YL31	Riboflavin	Microbe	-0.9999999999999929	0.9999999999999929	-1.0	0.9999999999999964	-0.9999999999999964
48	Clostridium_innocuum_I46	Riboflavin	Microbe	-1.0000000000000009	1.0000000000000009	-1.0	1.0000000000000004	-1.0000000000000004
65	Clostridium_innocuum_I46	PAN	Microbe	-1.0000000000000668	1.0000000000000668	-1.0	1.0000000000000333	-1.0000000000000333
89	Riboflavin	Flavonifractor_plautii_YL31	Metabolite	126.68907411797657	126.68907411797657	1.0	11.255624110549205	11.255624110549205
