	Source	Target	SourceType	Weight	ABS_Weight	Sign_Weight	ABSRootWeight	SignedRootWeight
6	Riboflavin	Turicimonas_muris_YL45	Metabolite	126.68907411739079	126.68907411739079	1.0	11.255624110523183	11.255624110523183
45	Akkermansia_muciniphilaYL44	Riboflavin	Microbe	-0.6666666666835719	0.6666666666835719	-1.0	0.8164965809380783	-0.8164965809380783
46	Folate	Akkermansia_muciniphilaYL44	Metabolite	84.45938274451409	84.45938274451409	1.0	9.19017860242738	9.19017860242738
51	Turicimonas_muris_YL45	Riboflavin	Microbe	-0.9999999999997204	0.9999999999997204	-1.0	0.9999999999998602	-0.9999999999998602
75	Akkermansia_muciniphilaYL44	Folate	Microbe	-1.0000000000012046	1.0000000000012046	-1.0	1.0000000000006022	-1.0000000000006022
84	Turicimonas_muris_YL45	Folate	Microbe	-0.9999999999999978	0.9999999999999978	-1.0	0.9999999999999989	-0.9999999999999989
