	Source	Target	SourceType	Weight	ABS_Weight	Sign_Weight	ABSRootWeight	SignedRootWeight
16	PAN	Blautia_coccoides_YL58	Metabolite	96.79614652097966	96.79614652097966	1.0	9.838503266299181	9.838503266299181
39	Blautia_coccoides_YL58	PAN	Microbe	-1.0000000000000235	1.0000000000000235	-1.0	1.0000000000000118	-1.0000000000000118
66	Enterocloster_clostridioformis_YL32	PAN	Microbe	-1.00000000000013	1.00000000000013	-1.0	1.0000000000000648	-1.0000000000000648
91	PAN	Enterocloster_clostridioformis_YL32	Metabolite	126.68907411984473	126.68907411984473	1.0	11.255624110632192	11.255624110632192
