	Source	Target	SourceType	Weight	ABS_Weight	Sign_Weight	ABSRootWeight	SignedRootWeight
25	PAN	Clostridium_innocuum_I46	Metabolite	126.68907410850377	126.68907410850377	1.0	11.255624110128402	11.255624110128402
39	Akkermansia_muciniphilaYL44	PAN	Microbe	-1.0000000000396385	1.0000000000396385	-1.0	1.0000000000198193	-1.0000000000198193
49	Akkermansia_muciniphilaYL44	Riboflavin	Microbe	-1.0000000000003786	1.0000000000003786	-1.0	1.0000000000001892	-1.0000000000001892
50	Clostridium_innocuum_I46	Riboflavin	Microbe	-0.9999999999999981	0.9999999999999981	-1.0	0.999999999999999	-0.999999999999999
65	Clostridium_innocuum_I46	PAN	Microbe	-0.9999999999990141	0.9999999999990141	-1.0	0.9999999999995071	-0.9999999999995071
90	Riboflavin	Akkermansia_muciniphilaYL44	Metabolite	126.68907411780633	126.68907411780633	1.0	11.255624110541643	11.255624110541643
