	Source	Target	Weight	Metabolites	ABSWeight	SignWeight	ABSRootWeight	SignedRootWeight
bc1016->bc1001	bc1016	bc1001	-0.13296422013011472	D-Glucose	0.13296422013011472	-1.0	0.36464259231487856	-0.36464259231487856
bc1001->bc1016	bc1001	bc1016	-0.05745328770557876	D-Glucose	0.05745328770557876	-1.0	0.23969415450857112	-0.23969415450857112
