	Source	Target	SourceType	Weight	ABS_Weight	Sign_Weight	ABSRootWeight	SignedRootWeight
23	Muribaculum_intestinale_YL27	Riboflavin	Microbe	-0.9999999999999997	0.9999999999999997	-1.0	0.9999999999999998	-0.9999999999999998
45	Muribaculum_intestinale_YL27	PAN	Microbe	-1.000000000000261	1.000000000000261	-1.0	1.0000000000001303	-1.0000000000001303
49	Limosilactobacillus_reuteri_I49	PAN	Microbe	-1.000000000000909	1.000000000000909	-1.0	1.0000000000004545	-1.0000000000004545
57	Riboflavin	Limosilactobacillus_reuteri_I49	Metabolite	96.79614651624983	96.79614651624983	1.0	9.838503266058808	9.838503266058808
60	Limosilactobacillus_reuteri_I49	Riboflavin	Microbe	-1.0000000000000309	1.0000000000000309	-1.0	1.0000000000000153	-1.0000000000000153
110	PAN	Muribaculum_intestinale_YL27	Metabolite	126.68907411710148	126.68907411710148	1.0	11.25562411051033	11.25562411051033
