	IntegralDiff	MaxDiff	MaxTime
bc1001	5.118438040966263e-05	0.0006853809734526145	0.032253225322532254
bc1009	0.0007154974644519351	0.0010370005978145884	1.393789378937894
