	Source	Target	SourceType	Weight	ABS_Weight	Sign_Weight	ABSRootWeight	SignedRootWeight
43	Flavonifractor_plautii_YL31	Riboflavin	Microbe	-1.000000000000079	1.000000000000079	-1.0	1.0000000000000395	-1.0000000000000395
48	Akkermansia_muciniphilaYL44	Riboflavin	Microbe	-1.000000000000105	1.000000000000105	-1.0	1.0000000000000524	-1.0000000000000524
85	Riboflavin	Flavonifractor_plautii_YL31	Metabolite	126.68907411846213	126.68907411846213	1.0	11.255624110570775	11.255624110570775
96	Riboflavin	Akkermansia_muciniphilaYL44	Metabolite	126.6890741178722	126.6890741178722	1.0	11.255624110544568	11.255624110544568
