	Source	Target	Metabolites	Weight	Variance	ABS_Weight	Sign_Weight	ABSRootWeight	SignedRootWeight
0	Turicimonas_muris_YL45	Clostridium_innocuum_I46	PAN	-0.04506575134837938	5.7072793517808424	0.04506575134837938	-1.0	0.2122869552006891	-0.2122869552006891
1	Clostridium_innocuum_I46	Turicimonas_muris_YL45	Riboflavin	-124.9399777680326	3.0171001644926227	124.9399777680326	-1.0	11.177655289372302	-11.177655289372302
2	Turicimonas_muris_YL45	Clostridium_innocuum_I46	L-Aspartate-e0.Riboflavin.Spermidine-e0	-0.0001582465085089103	0.002208568827182361	0.0001582465085089103	-1.0	0.012579606850331623	-0.012579606850331623
3	Turicimonas_muris_YL45	Clostridium_innocuum_I46	Riboflavin.Spermidine-e0	0.00011227581625437944	0.00012544337565780506	0.00011227581625437944	1.0	0.010596028324536483	0.010596028324536483
4	Turicimonas_muris_YL45	Clostridium_innocuum_I46	Riboflavin	-124.88070024796443	10.520489192747903	124.88070024796443	-1.0	11.175003366798796	-11.175003366798796
