	Source	Target	Weight	Metabolites	ABSWeight	SignWeight	ABSRootWeight	SignedRootWeight
bc1011->bc1015	bc1011	bc1015	-0.3564974537579162	O2.D-Glucose	0.3564974537579162	-1.0	0.5970740772784531	-0.5970740772784531
bc1015->bc1011	bc1015	bc1011	-0.2701563170637384	D-Glucose	0.2701563170637384	-1.0	0.5197656366707387	-0.5197656366707387
