	Source	Target	SourceType	Weight	ABS_Weight	Sign_Weight	ABSRootWeight	SignedRootWeight
30	bc1009	D-Glucose	Microbe	-0.5488456961569521	0.5488456961569521	-1.0	0.7408412084630229	-0.7408412084630229
47	bc1003	O2	Microbe	-1.8211657418871308	1.8211657418871308	-1.0	1.3495057398496424	-1.3495057398496424
102	bc1003	D-Glucose	Microbe	-1.000000000000002	1.000000000000002	-1.0	1.0000000000000009	-1.0000000000000009
129	D-Glucose	bc1003	Metabolite	0.2785952523668638	0.2785952523668638	1.0	0.5278212314476027	0.5278212314476027
130	bc1009	O2	Microbe	-1.0000000000000036	1.0000000000000036	-1.0	1.0000000000000018	-1.0000000000000018
133	O2	bc1009	Metabolite	0.15319477863953596	0.15319477863953596	1.0	0.3914010457823739	0.3914010457823739
