	Source	Target	SourceType	Weight	ABS_Weight	Sign_Weight	ABSRootWeight	SignedRootWeight
25	Muribaculum_intestinale_YL27	Riboflavin	Microbe	-1.0000000000002736	1.0000000000002736	-1.0	1.0000000000001368	-1.0000000000001368
44	Muribaculum_intestinale_YL27	PAN	Microbe	-1.0000000000008042	1.0000000000008042	-1.0	1.0000000000004021	-1.0000000000004021
61	Riboflavin	Muribaculum_intestinale_YL27	Metabolite	126.68907411821309	126.68907411821309	1.0	11.255624110559712	11.255624110559712
73	Enterocloster_clostridioformis_YL32	PAN	Microbe	-0.9999999999999506	0.9999999999999506	-1.0	0.9999999999999752	-0.9999999999999752
99	PAN	Enterocloster_clostridioformis_YL32	Metabolite	126.68907411980524	126.68907411980524	1.0	11.255624110630437	11.255624110630437
