	Source	Target	SourceType	Weight	ABS_Weight	Sign_Weight	ABSRootWeight	SignedRootWeight
4	Riboflavin	Bifidobacterium_animalis_YL2	Metabolite	96.79614651702161	96.79614651702161	1.0	9.83850326609803	9.83850326609803
13	PAN	Blautia_coccoides_YL58	Metabolite	96.79614652051093	96.79614652051093	1.0	9.83850326627536	9.83850326627536
36	Blautia_coccoides_YL58	PAN	Microbe	-0.9999999999999503	0.9999999999999503	-1.0	0.9999999999999751	-0.9999999999999751
50	Blautia_coccoides_YL58	Riboflavin	Microbe	-1.0000000000000007	1.0000000000000007	-1.0	1.0000000000000002	-1.0000000000000002
70	Bifidobacterium_animalis_YL2	PAN	Microbe	-0.9999999999981585	0.9999999999981585	-1.0	0.9999999999990792	-0.9999999999990792
81	Bifidobacterium_animalis_YL2	Riboflavin	Microbe	-0.999999999999976	0.999999999999976	-1.0	0.999999999999988	-0.999999999999988
