	Source	Target	SourceType	Weight	Variance	ABS_Weight	Sign_Weight	ABSRootWeight	SignedRootWeight
0	Riboflavin	Bifidobacterium_animalis_YL2	Metabolite	96.79614651719533	7.877423061689924e-22	96.79614651719533	1.0	9.838503266106859	9.838503266106859
14	Acutalibacter_muris_KB1	Riboflavin	Microbe	2.429261364515175	7.941147601091809e-21	2.429261364515175	1.0	1.5586087913633668	1.5586087913633668
59	Acutalibacter_muris_KB1	Pyridoxal	Microbe	-1.000000000000905	6.2500034501412e-26	1.000000000000905	-1.0	1.0000000000004525	-1.0000000000004525
68	Bifidobacterium_animalis_YL2	Riboflavin	Microbe	-0.9999999999999949	9.793453042773096e-29	0.9999999999999949	-1.0	0.9999999999999974	-0.9999999999999974
70	Pyridoxal	Acutalibacter_muris_KB1	Metabolite	193.59229303372098	3.1515381005465742e-21	193.59229303372098	1.0	13.913744752356246	13.913744752356246
