	Source	Target	Weight	Metabolites	ABSWeight	SignWeight	ABSRootWeight	SignedRootWeight
bc1016->bc1001	bc1016	bc1001	-2.0000000000000002e-16	Acetate.H+	2.0000000000000002e-16	-1.0	1.4142135623730952e-08	-1.4142135623730952e-08
bc1001->bc1016	bc1001	bc1016	-2.0000000000000002e-16	Acetate.H+	2.0000000000000002e-16	-1.0	1.4142135623730952e-08	-1.4142135623730952e-08
