	Source	Target	SourceType	Weight	ABS_Weight	Sign_Weight	ABSRootWeight	SignedRootWeight
3	Riboflavin	Bifidobacterium_animalis_YL2	Metabolite	96.79614651725348	96.79614651725348	1.0	9.838503266109814	9.838503266109814
35	Flavonifractor_plautii_YL31	Riboflavin	Microbe	-1.0000000000001419	1.0000000000001419	-1.0	1.0000000000000708	-1.0000000000000708
88	Bifidobacterium_animalis_YL2	Riboflavin	Microbe	-1.0000000000001383	1.0000000000001383	-1.0	1.000000000000069	-1.000000000000069
89	Riboflavin	Flavonifractor_plautii_YL31	Metabolite	126.68907411863998	126.68907411863998	1.0	11.255624110578674	11.255624110578674
