	Source	Target	SourceType	Weight	ABS_Weight	Sign_Weight	ABSRootWeight	SignedRootWeight
17	Acutalibacter_muris_KB1	Riboflavin	Microbe	2.4292613645407295	2.4292613645407295	1.0	1.5586087913715647	1.5586087913715647
34	Flavonifractor_plautii_YL31	Riboflavin	Microbe	-0.9999999999999973	0.9999999999999973	-1.0	0.9999999999999987	-0.9999999999999987
70	Acutalibacter_muris_KB1	Pyridoxal	Microbe	-0.9999999999982098	0.9999999999982098	-1.0	0.9999999999991048	-0.9999999999991048
82	Riboflavin	Flavonifractor_plautii_YL31	Metabolite	126.6890741180956	126.6890741180956	1.0	11.255624110554493	11.255624110554493
83	Pyridoxal	Acutalibacter_muris_KB1	Metabolite	193.59229303324418	193.59229303324418	1.0	13.913744752339111	13.913744752339111
