	Source	Target	Weight	Metabolites	ABSWeight	SignWeight	ABSRootWeight	SignedRootWeight
bc1001->bc1010	bc1001	bc1010	-0.15252946972194503	O2	0.15252946972194503	-1.0	0.3905502140851353	-0.3905502140851353
bc1009->bc1010	bc1009	bc1010	-0.15252946972194564	O2	0.15252946972194564	-1.0	0.3905502140851361	-0.3905502140851361
bc1009->bc1001	bc1009	bc1001	-0.15236136794857946	O2	0.15236136794857946	-1.0	0.3903349432840717	-0.3903349432840717
bc1010->bc1001	bc1010	bc1001	-0.15236136794857924	O2	0.15236136794857924	-1.0	0.3903349432840714	-0.3903349432840714
bc1001->bc1009	bc1001	bc1009	-0.1531947786395359	O2	0.1531947786395359	-1.0	0.39140104578237384	-0.39140104578237384
bc1010->bc1009	bc1010	bc1009	-0.1531947786395363	O2	0.1531947786395363	-1.0	0.39140104578237433	-0.39140104578237433
