	Source	Target	SourceType	Weight	ABS_Weight	Sign_Weight	ABSRootWeight	SignedRootWeight
22	Muribaculum_intestinale_YL27	Riboflavin	Microbe	-0.9999999999998114	0.9999999999998114	-1.0	0.9999999999999056	-0.9999999999999056
40	Muribaculum_intestinale_YL27	PAN	Microbe	-0.9999999999952487	0.9999999999952487	-1.0	0.9999999999976243	-0.9999999999976243
56	Riboflavin	Muribaculum_intestinale_YL27	Metabolite	126.68907411747828	126.68907411747828	1.0	11.25562411052707	11.25562411052707
67	Enterocloster_clostridioformis_YL32	PAN	Microbe	-1.0000000000001759	1.0000000000001759	-1.0	1.000000000000088	-1.000000000000088
93	PAN	Enterocloster_clostridioformis_YL32	Metabolite	126.68907411981203	126.68907411981203	1.0	11.25562411063074	11.25562411063074
