	Source	Target	SourceType	Weight	ABS_Weight	Sign_Weight	ABSRootWeight	SignedRootWeight
18	PAN	Blautia_coccoides_YL58	Metabolite	96.79614652291203	96.79614652291203	1.0	9.838503266397385	9.838503266397385
31	Flavonifractor_plautii_YL31	PAN	Microbe	-0.999999999980259	0.999999999980259	-1.0	0.9999999999901295	-0.9999999999901295
38	Blautia_coccoides_YL58	PAN	Microbe	-0.9999999999998593	0.9999999999998593	-1.0	0.9999999999999296	-0.9999999999999296
39	Flavonifractor_plautii_YL31	Riboflavin	Microbe	-0.9999999999999688	0.9999999999999688	-1.0	0.9999999999999843	-0.9999999999999843
52	Blautia_coccoides_YL58	Riboflavin	Microbe	-1.0000000000000013	1.0000000000000013	-1.0	1.0000000000000007	-1.0000000000000007
82	Riboflavin	Flavonifractor_plautii_YL31	Metabolite	126.68907411749784	126.68907411749784	1.0	11.255624110527938	11.255624110527938
