	Source	Target	Weight	Metabolites	ABSWeight	SignWeight	ABSRootWeight	SignedRootWeight
bc1010->bc1011	bc1010	bc1011	-0.1527855791356024	O2	0.1527855791356024	-1.0	0.3908779593883523	-0.3908779593883523
bc1011->bc1010	bc1011	bc1010	-0.1525294697219446	O2	0.1525294697219446	-1.0	0.39055021408513474	-0.39055021408513474
