	Source	Target	SourceType	Weight	ABS_Weight	Sign_Weight	ABSRootWeight	SignedRootWeight
1	Riboflavin	Bifidobacterium_animalis_YL2	Metabolite	96.79614651724023	96.79614651724023	1.0	9.838503266109141	9.838503266109141
25	Bifidobacterium_animalis_YL2	Uracil-e0	Microbe	-12.165428977298582	12.165428977298582	-1.0	3.4878975009737	-3.4878975009737
59	Limosilactobacillus_reuteri_I49	Riboflavin	Microbe	-1.0000000000000004	1.0000000000000004	-1.0	1.0000000000000002	-1.0000000000000002
73	Uracil-e0	Limosilactobacillus_reuteri_I49	Metabolite	0.5498248331023353	0.5498248331023353	1.0	0.7415017418066766	0.7415017418066766
94	Bifidobacterium_animalis_YL2	Riboflavin	Microbe	-0.9999999999999636	0.9999999999999636	-1.0	0.9999999999999818	-0.9999999999999818
111	Limosilactobacillus_reuteri_I49	Uracil-e0	Microbe	-0.9999999999999986	0.9999999999999986	-1.0	0.9999999999999992	-0.9999999999999992
