	Source	Target	SourceType	Weight	ABS_Weight	Sign_Weight	ABSRootWeight	SignedRootWeight
4	Acutalibacter_muris_KB1	PAN	Microbe	-2.0000000000035927	2.0000000000035927	-1.0	1.4142135623743652	-1.4142135623743652
35	Muribaculum_intestinale_YL27	PAN	Microbe	-0.9999999999999848	0.9999999999999848	-1.0	0.9999999999999923	-0.9999999999999923
69	Acutalibacter_muris_KB1	Pyridoxal	Microbe	-0.9999999999990588	0.9999999999990588	-1.0	0.9999999999995294	-0.9999999999995294
79	Pyridoxal	Acutalibacter_muris_KB1	Metabolite	193.59229303344998	193.59229303344998	1.0	13.913744752346508	13.913744752346508
101	PAN	Muribaculum_intestinale_YL27	Metabolite	126.6890741164259	126.6890741164259	1.0	11.255624110480321	11.255624110480321
