	Source	Target	Weight	Metabolites	ABSWeight	SignWeight	ABSRootWeight	SignedRootWeight
bc1010->bc1003	bc1010	bc1003	-0.27859525236686433	D-Glucose	0.27859525236686433	-1.0	0.5278212314476032	-0.5278212314476032
bc1016->bc1003	bc1016	bc1003	-0.2785952523668641	D-Glucose	0.2785952523668641	-1.0	0.5278212314476031	-0.5278212314476031
bc1003->bc1016	bc1003	bc1016	-0.05745328770557894	D-Glucose	0.05745328770557894	-1.0	0.23969415450857148	-0.23969415450857148
bc1010->bc1016	bc1010	bc1016	-0.05745328770557894	D-Glucose	0.05745328770557894	-1.0	0.23969415450857148	-0.23969415450857148
bc1003->bc1010	bc1003	bc1010	-0.13113491857070236	D-Glucose	0.13113491857070236	-1.0	0.36212555636229593	-0.36212555636229593
bc1016->bc1010	bc1016	bc1010	-0.13113491857070225	D-Glucose	0.13113491857070225	-1.0	0.36212555636229576	-0.36212555636229576
