	Source	Target	SourceType	Weight	ABS_Weight	Sign_Weight	ABSRootWeight	SignedRootWeight
38	Akkermansia_muciniphilaYL44	Riboflavin	Microbe	-1.0000000000004412	1.0000000000004412	-1.0	1.0000000000002205	-1.0000000000002205
58	Bacteroides_caecimuris_I48	Riboflavin	Microbe	-1.9999999993710955	1.9999999993710955	-1.0	1.4142135621507437	-1.4142135621507437
81	Spermidine-e0	Bacteroides_caecimuris_I48	Metabolite	253.37814815596766	253.37814815596766	1.0	15.917856267599845	15.917856267599845
83	Riboflavin	Akkermansia_muciniphilaYL44	Metabolite	126.68907411864978	126.68907411864978	1.0	11.25562411057911	11.25562411057911
89	Bacteroides_caecimuris_I48	Spermidine-e0	Microbe	-1.000000000000155	1.000000000000155	-1.0	1.0000000000000775	-1.0000000000000775
