	IntegralDiff	MaxDiff	MaxTime
bc1011	8.855121878134727e-05	0.0007064808774534605	0.03244024402440244
bc1010	0.006457701625465438	0.005408340200975669	1.3537333733373338
