	Source	Target	SourceType	Weight	ABS_Weight	Sign_Weight	ABSRootWeight	SignedRootWeight
24	Clostridium_innocuum_I46	Folate-e0	Microbe	-1.0000000000000222	1.0000000000000222	-1.0	1.000000000000011	-1.000000000000011
25	Folate-e0	Clostridium_innocuum_I46	Metabolite	169.330972043405	169.330972043405	1.0	13.012723467568387	13.012723467568387
62	Folate-e0	Flavonifractor_plautii_YL31	Metabolite	84.45938273843333	84.45938273843333	1.0	9.190178602096552	9.190178602096552
97	Flavonifractor_plautii_YL31	Folate-e0	Microbe	-0.9999999999999982	0.9999999999999982	-1.0	0.9999999999999991	-0.9999999999999991
