	Source	Target	SourceType	Weight	ABS_Weight	Sign_Weight	ABSRootWeight	SignedRootWeight
15	PAN	Limosilactobacillus_reuteri_I49	Metabolite	96.79614651715494	96.79614651715494	1.0	9.838503266104807	9.838503266104807
43	Limosilactobacillus_reuteri_I49	PAN	Microbe	-0.9999999999999336	0.9999999999999336	-1.0	0.9999999999999668	-0.9999999999999668
85	PAN	Bacteroides_caecimuris_I48	Metabolite	126.6890741173128	126.6890741173128	1.0	11.255624110519719	11.255624110519719
88	Bacteroides_caecimuris_I48	PAN	Microbe	-1.0000000000000044	1.0000000000000044	-1.0	1.0000000000000022	-1.0000000000000022
