	Source	Target	SourceType	Weight	ABS_Weight	Sign_Weight	ABSRootWeight	SignedRootWeight
24	Clostridium_innocuum_I46	Folate-e0	Microbe	-0.9999999999997295	0.9999999999997295	-1.0	0.9999999999998648	-0.9999999999998648
25	Folate-e0	Clostridium_innocuum_I46	Metabolite	169.33097204394466	169.33097204394466	1.0	13.012723467589122	13.012723467589122
61	Folate-e0	Flavonifractor_plautii_YL31	Metabolite	84.45938273398248	84.45938273398248	1.0	9.190178601854399	9.190178601854399
97	Flavonifractor_plautii_YL31	Folate-e0	Microbe	-0.9999999999999872	0.9999999999999872	-1.0	0.9999999999999936	-0.9999999999999936
