	Source	Target	SourceType	Weight	ABS_Weight	Sign_Weight	ABSRootWeight	SignedRootWeight
2	Riboflavin	Bifidobacterium_animalis_YL2	Metabolite	96.79614651724023	96.79614651724023	1.0	9.838503266109141	9.838503266109141
69	Enterocloster_clostridioformis_YL32	PAN	Microbe	-1.000000000000266	1.000000000000266	-1.0	1.000000000000133	-1.000000000000133
73	Bifidobacterium_animalis_YL2	PAN	Microbe	-1.0000000000020597	1.0000000000020597	-1.0	1.0000000000010298	-1.0000000000010298
83	Bifidobacterium_animalis_YL2	Riboflavin	Microbe	-0.9999999999999636	0.9999999999999636	-1.0	0.9999999999999818	-0.9999999999999818
98	PAN	Enterocloster_clostridioformis_YL32	Metabolite	126.68907411984387	126.68907411984387	1.0	11.255624110632153	11.255624110632153
