	Source	Target	SourceType	Weight	ABS_Weight	Sign_Weight	ABSRootWeight	SignedRootWeight
3	Acutalibacter_muris_KB1	PAN	Microbe	-2.0000000000076352	2.0000000000076352	-1.0	1.4142135623757945	-1.4142135623757945
61	Acutalibacter_muris_KB1	Pyridoxal	Microbe	-1.0000000000009155	1.0000000000009155	-1.0	1.0000000000004576	-1.0000000000004576
66	PAN	Bacteroides_caecimuris_I48	Metabolite	126.68907411728696	126.68907411728696	1.0	11.255624110518571	11.255624110518571
74	Pyridoxal	Acutalibacter_muris_KB1	Metabolite	193.59229303371148	193.59229303371148	1.0	13.913744752355905	13.913744752355905
77	Bacteroides_caecimuris_I48	PAN	Microbe	-1.000000000000258	1.000000000000258	-1.0	1.000000000000129	-1.000000000000129
