	Source	Target	SourceType	Weight	ABS_Weight	Sign_Weight	ABSRootWeight	SignedRootWeight
18	Muribaculum_intestinale_YL27	Riboflavin	Microbe	-0.9999999999999996	0.9999999999999996	-1.0	0.9999999999999998	-0.9999999999999998
27	Akkermansia_muciniphilaYL44	PAN	Microbe	-0.9999999999933173	0.9999999999933173	-1.0	0.9999999999966587	-0.9999999999966587
34	Muribaculum_intestinale_YL27	PAN	Microbe	-1.0000000000000815	1.0000000000000815	-1.0	1.0000000000000406	-1.0000000000000406
38	Akkermansia_muciniphilaYL44	Riboflavin	Microbe	-1.0000000000001341	1.0000000000001341	-1.0	1.000000000000067	-1.000000000000067
76	Riboflavin	Akkermansia_muciniphilaYL44	Metabolite	126.68907411748881	126.68907411748881	1.0	11.255624110527537	11.255624110527537
84	PAN	Muribaculum_intestinale_YL27	Metabolite	126.68907411844015	126.68907411844015	1.0	11.255624110569798	11.255624110569798
