	Source	Target	Weight	Metabolites	ABSWeight	SignWeight	ABSRootWeight	SignedRootWeight
bc1003->bc1011	bc1003	bc1011	-0.15278557913560284	O2	0.15278557913560284	-1.0	0.3908779593883529	-0.3908779593883529
bc1009->bc1011	bc1009	bc1011	-0.15278557913560262	O2	0.15278557913560262	-1.0	0.39087795938835257	-0.39087795938835257
bc1003->bc1009	bc1003	bc1009	-0.15319477863953673	O2	0.15319477863953673	-1.0	0.3914010457823749	-0.3914010457823749
bc1011->bc1009	bc1011	bc1009	-0.15319477863953546	O2	0.15319477863953546	-1.0	0.3914010457823733	-0.3914010457823733
bc1009->bc1003	bc1009	bc1003	-0.15297633046741788	O2	0.15297633046741788	-1.0	0.39112188697056816	-0.39112188697056816
bc1011->bc1003	bc1011	bc1003	-0.15297633046741682	O2	0.15297633046741682	-1.0	0.39112188697056677	-0.39112188697056677
