	Source	Target	SourceType	Weight	ABS_Weight	Sign_Weight	ABSRootWeight	SignedRootWeight
5	Acutalibacter_muris_KB1	PAN	Microbe	-2.000000000002119	2.000000000002119	-1.0	1.4142135623738443	-1.4142135623738443
19	PAN	Clostridium_innocuum_I46	Metabolite	126.6890741191337	126.6890741191337	1.0	11.255624110600607	11.255624110600607
58	Clostridium_innocuum_I46	PAN	Microbe	-0.9999999999998687	0.9999999999998687	-1.0	0.9999999999999343	-0.9999999999999343
67	Acutalibacter_muris_KB1	Pyridoxal	Microbe	-0.9999999999984521	0.9999999999984521	-1.0	0.9999999999992261	-0.9999999999992261
79	Pyridoxal	Acutalibacter_muris_KB1	Metabolite	193.59229303329607	193.59229303329607	1.0	13.913744752340977	13.913744752340977
