	Source	Target	SourceType	Weight	ABS_Weight	Sign_Weight	ABSRootWeight	SignedRootWeight
20	PAN	Clostridium_innocuum_I46	Metabolite	126.68907411868092	126.68907411868092	1.0	11.255624110580493	11.255624110580493
44	Muribaculum_intestinale_YL27	PAN	Microbe	-1.0000000000000815	1.0000000000000815	-1.0	1.0000000000000406	-1.0000000000000406
63	Clostridium_innocuum_I46	PAN	Microbe	-1.0000000000004161	1.0000000000004161	-1.0	1.000000000000208	-1.000000000000208
98	PAN	Muribaculum_intestinale_YL27	Metabolite	126.68907411844015	126.68907411844015	1.0	11.255624110569798	11.255624110569798
