	Source	Target	Weight	Metabolites	ABSWeight	SignWeight	ABSRootWeight	SignedRootWeight
bc1002->bc1003	bc1002	bc1003	-0.15297633046741768	O2	0.15297633046741768	-1.0	0.3911218869705679	-0.3911218869705679
bc1016->bc1003	bc1016	bc1003	-0.0034292762875456568	O2	0.0034292762875456568	-1.0	0.05856002294693588	-0.05856002294693588
bc1002->bc1016	bc1002	bc1016	-0.032431085991787345	D-Glucose	0.032431085991787345	-1.0	0.1800863292751211	-0.1800863292751211
bc1003->bc1016	bc1003	bc1016	-0.031547533749478725	D-Glucose	0.031547533749478725	-1.0	0.1776162541815324	-0.1776162541815324
bc1003->bc1002	bc1003	bc1002	-0.1529005008594402	O2	0.1529005008594402	-1.0	0.39102493636524027	-0.39102493636524027
bc1016->bc1002	bc1016	bc1002	-0.003427576412305233	O2	0.003427576412305233	-1.0	0.05854550719145947	-0.05854550719145947
