	Source	Target	SourceType	Weight	ABS_Weight	Sign_Weight	ABSRootWeight	SignedRootWeight
31	Akkermansia_muciniphilaYL44	Riboflavin	Microbe	-0.99999999999989	0.99999999999989	-1.0	0.9999999999999449	-0.9999999999999449
34	Riboflavin	Akkermansia_muciniphilaYL44	Metabolite	126.68907411805017	126.68907411805017	1.0	11.255624110552475	11.255624110552475
