	Source	Target	SourceType	Weight	ABS_Weight	Sign_Weight	ABSRootWeight	SignedRootWeight
19	Muribaculum_intestinale_YL27	Riboflavin	Microbe	-0.9999999999999996	0.9999999999999996	-1.0	0.9999999999999998	-0.9999999999999998
25	Flavonifractor_plautii_YL31	PAN	Microbe	-0.9999999999786644	0.9999999999786644	-1.0	0.9999999999893322	-0.9999999999893322
33	Flavonifractor_plautii_YL31	Riboflavin	Microbe	-1.000000000000003	1.000000000000003	-1.0	1.0000000000000016	-1.0000000000000016
39	Muribaculum_intestinale_YL27	PAN	Microbe	-1.0000000000000815	1.0000000000000815	-1.0	1.0000000000000406	-1.0000000000000406
78	Riboflavin	Flavonifractor_plautii_YL31	Metabolite	126.68907411767071	126.68907411767071	1.0	11.255624110535617	11.255624110535617
99	PAN	Muribaculum_intestinale_YL27	Metabolite	126.68907411844015	126.68907411844015	1.0	11.255624110569798	11.255624110569798
