	Source	Target	SourceType	Weight	ABS_Weight	Sign_Weight	ABSRootWeight	SignedRootWeight
24	PAN	Limosilactobacillus_reuteri_I49	Metabolite	96.79614651711313	96.79614651711313	1.0	9.83850326610268	9.83850326610268
32	Flavonifractor_plautii_YL31	PAN	Microbe	-0.9999999999774185	0.9999999999774185	-1.0	0.9999999999887093	-0.9999999999887093
41	Flavonifractor_plautii_YL31	Riboflavin	Microbe	-0.9999999999994631	0.9999999999994631	-1.0	0.9999999999997315	-0.9999999999997315
49	Limosilactobacillus_reuteri_I49	PAN	Microbe	-0.9999999999999987	0.9999999999999987	-1.0	0.9999999999999993	-0.9999999999999993
60	Limosilactobacillus_reuteri_I49	Riboflavin	Microbe	-1.0000000000000007	1.0000000000000007	-1.0	1.0000000000000002	-1.0000000000000002
92	Riboflavin	Flavonifractor_plautii_YL31	Metabolite	126.68907411806518	126.68907411806518	1.0	11.255624110553141	11.255624110553141
