	Source	Target	SourceType	Weight	ABS_Weight	Sign_Weight	ABSRootWeight	SignedRootWeight
4	Acutalibacter_muris_KB1	PAN	Microbe	-2.0000000000035927	2.0000000000035927	-1.0	1.4142135623743652	-1.4142135623743652
35	Muribaculum_intestinale_YL27	PAN	Microbe	-1.0000000000000133	1.0000000000000133	-1.0	1.0000000000000067	-1.0000000000000067
69	Acutalibacter_muris_KB1	Pyridoxal	Microbe	-0.9999999999990588	0.9999999999990588	-1.0	0.9999999999995294	-0.9999999999995294
79	Pyridoxal	Acutalibacter_muris_KB1	Metabolite	193.59229303344998	193.59229303344998	1.0	13.913744752346508	13.913744752346508
101	PAN	Muribaculum_intestinale_YL27	Metabolite	126.68907411705482	126.68907411705482	1.0	11.255624110508258	11.255624110508258
