	Source	Target	SourceType	Weight	ABS_Weight	Sign_Weight	ABSRootWeight	SignedRootWeight
24	Muribaculum_intestinale_YL27	Riboflavin	Microbe	-0.9999999999998076	0.9999999999998076	-1.0	0.9999999999999037	-0.9999999999999037
43	Muribaculum_intestinale_YL27	PAN	Microbe	-0.9999999999888275	0.9999999999888275	-1.0	0.9999999999944137	-0.9999999999944137
61	Riboflavin	Muribaculum_intestinale_YL27	Metabolite	126.68907411524263	126.68907411524263	1.0	11.255624110427757	11.255624110427757
73	Enterocloster_clostridioformis_YL32	PAN	Microbe	-0.9999999999999506	0.9999999999999506	-1.0	0.9999999999999752	-0.9999999999999752
99	PAN	Enterocloster_clostridioformis_YL32	Metabolite	126.68907411980524	126.68907411980524	1.0	11.255624110630437	11.255624110630437
