	Source	Target	SourceType	Weight	ABS_Weight	Sign_Weight	ABSRootWeight	SignedRootWeight
22	Muribaculum_intestinale_YL27	Riboflavin	Microbe	-1.0000000000000293	1.0000000000000293	-1.0	1.0000000000000147	-1.0000000000000147
40	Muribaculum_intestinale_YL27	PAN	Microbe	-1.0000000000009328	1.0000000000009328	-1.0	1.0000000000004663	-1.0000000000004663
56	Riboflavin	Muribaculum_intestinale_YL27	Metabolite	126.68907411718456	126.68907411718456	1.0	11.255624110514022	11.255624110514022
67	Enterocloster_clostridioformis_YL32	PAN	Microbe	-0.9999999999999506	0.9999999999999506	-1.0	0.9999999999999752	-0.9999999999999752
93	PAN	Enterocloster_clostridioformis_YL32	Metabolite	126.68907411980524	126.68907411980524	1.0	11.255624110630437	11.255624110630437
