	Source	Target	SourceType	Weight	ABS_Weight	Sign_Weight	ABSRootWeight	SignedRootWeight
23	Muribaculum_intestinale_YL27	Riboflavin	Microbe	-1.0000000000000013	1.0000000000000013	-1.0	1.0000000000000007	-1.0000000000000007
46	Muribaculum_intestinale_YL27	PAN	Microbe	-0.9999999999999799	0.9999999999999799	-1.0	0.9999999999999899	-0.9999999999999899
50	Limosilactobacillus_reuteri_I49	PAN	Microbe	-1.000000000000909	1.000000000000909	-1.0	1.0000000000004545	-1.0000000000004545
58	Riboflavin	Limosilactobacillus_reuteri_I49	Metabolite	96.79614651624983	96.79614651624983	1.0	9.838503266058808	9.838503266058808
61	Limosilactobacillus_reuteri_I49	Riboflavin	Microbe	-1.0000000000000309	1.0000000000000309	-1.0	1.0000000000000153	-1.0000000000000153
113	PAN	Muribaculum_intestinale_YL27	Metabolite	126.6890741164436	126.6890741164436	1.0	11.255624110481106	11.255624110481106
