	Source	Target	SourceType	Weight	ABS_Weight	Sign_Weight	ABSRootWeight	SignedRootWeight
6	bc1012	Fumarate	Microbe	-1.0000000000000757	1.0000000000000757	-1.0	1.0000000000000377	-1.0000000000000377
22	O2	bc1011	Metabolite	0.15278557913560206	0.15278557913560206	1.0	0.3908779593883519	0.3908779593883519
23	Fumarate	bc1012	Metabolite	-0.7829132233184389	0.7829132233184389	-1.0	0.8848238374492625	-0.8848238374492625
53	bc1012	O2	Microbe	-1.0000000000000486	1.0000000000000486	-1.0	1.0000000000000242	-1.0000000000000242
54	bc1011	O2	Microbe	-0.9999999999999967	0.9999999999999967	-1.0	0.9999999999999983	-0.9999999999999983
75	O2	bc1012	Metabolite	-1.565826446636414	1.565826446636414	-1.0	1.2513298712315686	-1.2513298712315686
77	D-Glucose	bc1012	Metabolite	3.1316528932733894	3.1316528932733894	1.0	1.7696476748984216	1.7696476748984216
110	bc1012	D-Glucose	Microbe	-0.9999999999994865	0.9999999999994865	-1.0	0.9999999999997432	-0.9999999999997432
111	bc1011	D-Glucose	Microbe	-0.5655450918052501	0.5655450918052501	-1.0	0.7520273211827149	-0.7520273211827149
