	Source	Target	SourceType	Weight	ABS_Weight	Sign_Weight	ABSRootWeight	SignedRootWeight
31	O2	bc1012	Metabolite	0.0434562741119513	0.0434562741119513	1.0	0.2084616849973906	0.2084616849973906
44	bc1010	D-Glucose	Microbe	-0.5655422262276018	0.5655422262276018	-1.0	0.7520254159452336	-0.7520254159452336
52	bc1012	D-Glucose	Microbe	-0.9999999999999973	0.9999999999999973	-1.0	0.9999999999999987	-0.9999999999999987
111	O2	bc1010	Metabolite	0.1525294697219451	0.1525294697219451	1.0	0.3905502140851354	0.3905502140851354
113	D-Glucose	bc1012	Metabolite	0.1303688223356662	0.1303688223356662	1.0	0.3610662298466394	0.3610662298466394
125	bc1010	O2	Microbe	-1.0000000000000022	1.0000000000000022	-1.0	1.000000000000001	-1.000000000000001
130	bc1012	O2	Microbe	-0.9999999999999959	0.9999999999999959	-1.0	0.9999999999999979	-0.9999999999999979
