	Source	Target	SourceType	Weight	ABS_Weight	Sign_Weight	ABSRootWeight	SignedRootWeight
7	Riboflavin	Turicimonas_muris_YL45	Metabolite	126.68907411739643	126.68907411739643	1.0	11.255624110523433	11.255624110523433
25	PAN	Limosilactobacillus_reuteri_I49	Metabolite	96.79614651664934	96.79614651664934	1.0	9.838503266079112	9.838503266079112
41	Turicimonas_muris_YL45	PAN	Microbe	-1.000000000048264	1.000000000048264	-1.0	1.000000000024132	-1.000000000024132
50	Limosilactobacillus_reuteri_I49	PAN	Microbe	-1.0000000000000397	1.0000000000000397	-1.0	1.0000000000000198	-1.0000000000000198
55	Turicimonas_muris_YL45	Riboflavin	Microbe	-0.9999999999997401	0.9999999999997401	-1.0	0.99999999999987	-0.99999999999987
63	Limosilactobacillus_reuteri_I49	Riboflavin	Microbe	-0.9999999999999988	0.9999999999999988	-1.0	0.9999999999999993	-0.9999999999999993
