	Source	Target	Weight	Metabolites	ABSWeight	SignWeight	ABSRootWeight	SignedRootWeight
bc1002->bc1008	bc1002	bc1008	-0.032431086224845515	D-Glucose	0.032431086224845515	-1.0	0.1800863299221946	-0.1800863299221946
bc1012->bc1008	bc1012	bc1008	-0.05745328811842349	D-Glucose	0.05745328811842349	-1.0	0.23969415536976177	-0.23969415536976177
bc1002->bc1012	bc1002	bc1012	-0.2019210284713815	O2.D-Glucose	0.2019210284713815	-1.0	0.449356237824047	-0.449356237824047
bc1008->bc1012	bc1008	bc1012	-3.096551701303971	D-Glucose.O2	3.096551701303971	-1.0	1.7597021626695726	-1.7597021626695726
bc1008->bc1002	bc1008	bc1002	-0.003427576436975438	O2	0.003427576436975438	-1.0	0.05854550740215203	-0.05854550740215203
bc1012->bc1002	bc1012	bc1002	-0.15290050085944687	O2	0.15290050085944687	-1.0	0.3910249363652488	-0.3910249363652488
