	Source	Target	Weight	Metabolites	ABSWeight	SignWeight	ABSRootWeight	SignedRootWeight
bc1015->bc1016	bc1015	bc1016	-0.057453287705570955	D-Glucose	0.057453287705570955	-1.0	0.23969415450855483	-0.23969415450855483
bc1016->bc1015	bc1016	bc1015	-3.0415027242950576	O2.D-Glucose	3.0415027242950576	-1.0	1.7439904599208844	-1.7439904599208844
