	Source	Target	SourceType	Weight	ABS_Weight	Sign_Weight	ABSRootWeight	SignedRootWeight
30	PAN	Clostridium_innocuum_I46	Metabolite	126.6890741122161	126.6890741122161	1.0	11.255624110293311	11.255624110293311
33	PAN	Limosilactobacillus_reuteri_I49	Metabolite	96.79614651846684	96.79614651846684	1.0	9.838503266171479	9.838503266171479
59	Limosilactobacillus_reuteri_I49	PAN	Microbe	-0.9999999999999715	0.9999999999999715	-1.0	0.9999999999999857	-0.9999999999999857
81	Clostridium_innocuum_I46	PAN	Microbe	-0.9999999999997877	0.9999999999997877	-1.0	0.9999999999998939	-0.9999999999998939
