	Source	Target	SourceType	Weight	ABS_Weight	Sign_Weight	ABSRootWeight	SignedRootWeight
31	Akkermansia_muciniphilaYL44	Riboflavin	Microbe	-0.9999999999999313	0.9999999999999313	-1.0	0.9999999999999656	-0.9999999999999656
34	Riboflavin	Akkermansia_muciniphilaYL44	Metabolite	126.68907411871575	126.68907411871575	1.0	11.25562411058204	11.25562411058204
