	Source	Target	SourceType	Weight	ABS_Weight	Sign_Weight	ABSRootWeight	SignedRootWeight
33	Akkermansia_muciniphilaYL44	PAN	Microbe	-1.0000000000097504	1.0000000000097504	-1.0	1.0000000000048752	-1.0000000000048752
44	Akkermansia_muciniphilaYL44	Riboflavin	Microbe	-1.0000000000000806	1.0000000000000806	-1.0	1.0000000000000402	-1.0000000000000402
61	Enterocloster_clostridioformis_YL32	PAN	Microbe	-1.0000000000005405	1.0000000000005405	-1.0	1.0000000000002702	-1.0000000000002702
83	Riboflavin	Akkermansia_muciniphilaYL44	Metabolite	126.68907411780162	126.68907411780162	1.0	11.255624110541433	11.255624110541433
86	PAN	Enterocloster_clostridioformis_YL32	Metabolite	126.68907411986153	126.68907411986153	1.0	11.255624110632938	11.255624110632938
