	Source	Target	SourceType	Weight	ABS_Weight	Sign_Weight	ABSRootWeight	SignedRootWeight
35	Enterocloster_clostridioformis_YL32	PAN	Microbe	-1.00000000000013	1.00000000000013	-1.0	1.0000000000000648	-1.0000000000000648
41	PAN	Enterocloster_clostridioformis_YL32	Metabolite	126.68907411984473	126.68907411984473	1.0	11.255624110632192	11.255624110632192
