	IntegralDiff	MaxDiff	MaxTime
bc1015	0.000803688343600221	0.0010680033127728817	1.331757768624946
bc1011	5.148315166456984e-05	0.0006899992106632883	0.032283173428516526
