	Source	Target	SourceType	Weight	ABS_Weight	Sign_Weight	ABSRootWeight	SignedRootWeight
8	Riboflavin	Muribaculum_intestinale_YL27	Metabolite	126.6890741180958	126.6890741180958	1.0	11.255624110554502	11.255624110554502
44	Muribaculum_intestinale_YL27	Riboflavin	Microbe	-0.9999999999999452	0.9999999999999452	-1.0	0.9999999999999726	-0.9999999999999726
