	Source	Target	SourceType	Weight	ABS_Weight	Sign_Weight	ABSRootWeight	SignedRootWeight
15	PAN	Blautia_coccoides_YL58	Metabolite	96.79614652124386	96.79614652124386	1.0	9.838503266312609	9.838503266312609
25	PAN	Clostridium_innocuum_I46	Metabolite	126.68907411731718	126.68907411731718	1.0	11.255624110519912	11.255624110519912
43	Blautia_coccoides_YL58	PAN	Microbe	-0.9999999999997988	0.9999999999997988	-1.0	0.9999999999998994	-0.9999999999998994
68	Clostridium_innocuum_I46	PAN	Microbe	-1.0000000000001263	1.0000000000001263	-1.0	1.000000000000063	-1.000000000000063
