	Source	Target	SourceType	Weight	ABS_Weight	Sign_Weight	ABSRootWeight	SignedRootWeight
22	O2	bc1011	Metabolite	0.15278557913560206	0.15278557913560206	1.0	0.3908779593883519	0.3908779593883519
52	bc1012	O2	Microbe	-0.9999999999999978	0.9999999999999978	-1.0	0.9999999999999989	-0.9999999999999989
53	bc1011	O2	Microbe	-0.9999999999999967	0.9999999999999967	-1.0	0.9999999999999983	-0.9999999999999983
74	O2	bc1012	Metabolite	0.027163276724813598	0.027163276724813598	1.0	0.16481285363955567	0.16481285363955567
76	D-Glucose	bc1012	Metabolite	0.13038372827877068	0.13038372827877068	1.0	0.3610868708202649	0.3610868708202649
109	bc1012	D-Glucose	Microbe	-1.0000000000000027	1.0000000000000027	-1.0	1.0000000000000013	-1.0000000000000013
110	bc1011	D-Glucose	Microbe	-0.5655450918052501	0.5655450918052501	-1.0	0.7520273211827149	-0.7520273211827149
