	Source	Target	SourceType	Weight	ABS_Weight	Sign_Weight	ABSRootWeight	SignedRootWeight
0	Riboflavin	Bifidobacterium_animalis_YL2	Metabolite	96.79614651517888	96.79614651517888	1.0	9.83850326600438	9.83850326600438
64	Bacteroides_caecimuris_I48	Riboflavin	Microbe	-1.0000000000000002	1.0000000000000002	-1.0	1.0	-1.0
74	Bifidobacterium_animalis_YL2	PAN	Microbe	-0.9999999999765445	0.9999999999765445	-1.0	0.9999999999882723	-0.9999999999882723
78	PAN	Bacteroides_caecimuris_I48	Metabolite	126.68907411585164	126.68907411585164	1.0	11.25562411045481	11.25562411045481
82	Bifidobacterium_animalis_YL2	Riboflavin	Microbe	-1.0000000000003602	1.0000000000003602	-1.0	1.00000000000018	-1.00000000000018
84	Bacteroides_caecimuris_I48	PAN	Microbe	-0.9999999999998952	0.9999999999998952	-1.0	0.9999999999999476	-0.9999999999999476
