	Source	Target	SourceType	Weight	ABS_Weight	Sign_Weight	ABSRootWeight	SignedRootWeight
19	Clostridium_innocuum_I46	N-Acetyl-D-glucosamine-e0	Microbe	-1.0000000000000322	1.0000000000000322	-1.0	1.000000000000016	-1.000000000000016
37	N-Acetyl-D-glucosamine-e0	Clostridium_innocuum_I46	Metabolite	18.117340654673406	18.117340654673406	1.0	4.256446951939306	4.256446951939306
67	Clostridium_innocuum_I46	PAN	Microbe	-0.14300633879177752	0.14300633879177752	-1.0	0.3781617891746567	-0.3781617891746567
72	Enterocloster_clostridioformis_YL32	PAN	Microbe	-1.0000000000003166	1.0000000000003166	-1.0	1.0000000000001583	-1.0000000000001583
98	PAN	Enterocloster_clostridioformis_YL32	Metabolite	126.68907411985191	126.68907411985191	1.0	11.255624110632512	11.255624110632512
