	Source	Target	SourceType	Weight	ABS_Weight	Sign_Weight	ABSRootWeight	SignedRootWeight
20	PAN	Clostridium_innocuum_I46	Metabolite	126.68907412339013	126.68907412339013	1.0	11.255624110789686	11.255624110789686
45	Muribaculum_intestinale_YL27	PAN	Microbe	-0.9999999999998327	0.9999999999998327	-1.0	0.9999999999999163	-0.9999999999999163
66	Clostridium_innocuum_I46	PAN	Microbe	-0.9999999999994857	0.9999999999994857	-1.0	0.9999999999997429	-0.9999999999997429
105	PAN	Muribaculum_intestinale_YL27	Metabolite	126.68907411736181	126.68907411736181	1.0	11.255624110521895	11.255624110521895
