	Source	Target	SourceType	Weight	ABS_Weight	Sign_Weight	ABSRootWeight	SignedRootWeight
6	Riboflavin	Turicimonas_muris_YL45	Metabolite	126.68907411739079	126.68907411739079	1.0	11.255624110523183	11.255624110523183
44	Akkermansia_muciniphilaYL44	Riboflavin	Microbe	-0.666666666648641	0.666666666648641	-1.0	0.8164965809166876	-0.8164965809166876
45	Folate	Akkermansia_muciniphilaYL44	Metabolite	84.4593827415218	84.4593827415218	1.0	9.190178602264583	9.190178602264583
50	Turicimonas_muris_YL45	Riboflavin	Microbe	-0.9999999999997204	0.9999999999997204	-1.0	0.9999999999998602	-0.9999999999998602
74	Akkermansia_muciniphilaYL44	Folate	Microbe	-1.0000000000002847	1.0000000000002847	-1.0	1.0000000000001423	-1.0000000000001423
83	Turicimonas_muris_YL45	Folate	Microbe	-0.9999999999999978	0.9999999999999978	-1.0	0.9999999999999989	-0.9999999999999989
