	Source	Target	SourceType	Weight	ABS_Weight	Sign_Weight	ABSRootWeight	SignedRootWeight
19	Clostridium_innocuum_I46	N-Acetyl-D-glucosamine-e0	Microbe	-0.9999999999999979	0.9999999999999979	-1.0	0.9999999999999989	-0.9999999999999989
37	N-Acetyl-D-glucosamine-e0	Clostridium_innocuum_I46	Metabolite	18.117340654688352	18.117340654688352	1.0	4.2564469519410615	4.2564469519410615
68	Clostridium_innocuum_I46	PAN	Microbe	-0.14300633879202365	0.14300633879202365	-1.0	0.37816178917498217	-0.37816178917498217
73	Enterocloster_clostridioformis_YL32	PAN	Microbe	-1.0000000000001645	1.0000000000001645	-1.0	1.0000000000000822	-1.0000000000000822
99	PAN	Enterocloster_clostridioformis_YL32	Metabolite	126.68907411979171	126.68907411979171	1.0	11.255624110629837	11.255624110629837
