	Source	Target	SourceType	Weight	ABS_Weight	Sign_Weight	ABSRootWeight	SignedRootWeight
24	Enterococcus_faecalis_KB1	PAN	Microbe	-1.000000000000077	1.000000000000077	-1.0	1.0000000000000384	-1.0000000000000384
31	PAN	Enterococcus_faecalis_KB1	Metabolite	96.79614651649189	96.79614651649189	1.0	9.83850326607111	9.83850326607111
64	Enterocloster_clostridioformis_YL32	PAN	Microbe	-1.0000000000001201	1.0000000000001201	-1.0	1.00000000000006	-1.00000000000006
98	PAN	Enterocloster_clostridioformis_YL32	Metabolite	126.6890741198708	126.6890741198708	1.0	11.25562411063335	11.25562411063335
