	Source	Target	Weight	Metabolites	ABSWeight	SignWeight	ABSRootWeight	SignedRootWeight
bc1001->bc1012	bc1001	bc1012	-0.15299312499693193	O2	0.15299312499693193	-1.0	0.39114335606901457	-0.39114335606901457
bc1012->bc1001	bc1012	bc1001	-0.15236136794857755	O2	0.15236136794857755	-1.0	0.39033494328406926	-0.39033494328406926
