	Source	Target	SourceType	Weight	ABS_Weight	Sign_Weight	ABSRootWeight	SignedRootWeight
28	Akkermansia_muciniphilaYL44	PAN	Microbe	-0.9999999999866743	0.9999999999866743	-1.0	0.9999999999933371	-0.9999999999933371
36	Akkermansia_muciniphilaYL44	Riboflavin	Microbe	-0.9999999999997177	0.9999999999997177	-1.0	0.9999999999998588	-0.9999999999998588
57	Bacteroides_caecimuris_I48	Riboflavin	Microbe	-0.9999999999999991	0.9999999999999991	-1.0	0.9999999999999996	-0.9999999999999996
64	PAN	Bacteroides_caecimuris_I48	Metabolite	126.68907411730311	126.68907411730311	1.0	11.255624110519287	11.255624110519287
72	Bacteroides_caecimuris_I48	PAN	Microbe	-1.000000000000282	1.000000000000282	-1.0	1.000000000000141	-1.000000000000141
80	Riboflavin	Akkermansia_muciniphilaYL44	Metabolite	126.6890741174256	126.6890741174256	1.0	11.25562411052473	11.25562411052473
