	Source	Target	SourceType	Weight	ABS_Weight	Sign_Weight	ABSRootWeight	SignedRootWeight
9	Riboflavin	Turicimonas_muris_YL45	Metabolite	126.68907411739079	126.68907411739079	1.0	11.255624110523183	11.255624110523183
37	Flavonifractor_plautii_YL31	Riboflavin	Microbe	-1.0000000000001188	1.0000000000001188	-1.0	1.0000000000000593	-1.0000000000000593
52	Turicimonas_muris_YL45	Riboflavin	Microbe	-0.9999999999997204	0.9999999999997204	-1.0	0.9999999999998602	-0.9999999999998602
88	Riboflavin	Flavonifractor_plautii_YL31	Metabolite	126.68907411839157	126.68907411839157	1.0	11.25562411056764	11.25562411056764
