	Source	Target	Weight	Metabolites	ABSWeight	SignWeight	ABSRootWeight	SignedRootWeight
bc1016->bc1002	bc1016	bc1002	-0.27087086964738355	D-Glucose	0.27087086964738355	-1.0	0.5204525623410683	-0.5204525623410683
bc1002->bc1016	bc1002	bc1016	-0.05745328770557904	D-Glucose	0.05745328770557904	-1.0	0.23969415450857168	-0.23969415450857168
