	Source	Target	SourceType	Weight	ABS_Weight	Sign_Weight	ABSRootWeight	SignedRootWeight
25	Flavonifractor_plautii_YL31	PAN	Microbe	-0.6666666666228559	0.6666666666228559	-1.0	0.8164965809008975	-0.8164965809008975
39	Muribaculum_intestinale_YL27	PAN	Microbe	-0.9999999999999485	0.9999999999999485	-1.0	0.9999999999999742	-0.9999999999999742
55	Folate-e0	Flavonifractor_plautii_YL31	Metabolite	84.45938274077889	84.45938274077889	1.0	9.190178602224163	9.190178602224163
84	Flavonifractor_plautii_YL31	Folate-e0	Microbe	-1.0000000000000027	1.0000000000000027	-1.0	1.0000000000000013	-1.0000000000000013
98	PAN	Muribaculum_intestinale_YL27	Metabolite	126.68907411727807	126.68907411727807	1.0	11.255624110518175	11.255624110518175
