	Source	Target	SourceType	Weight	ABS_Weight	Sign_Weight	ABSRootWeight	SignedRootWeight
20	Flavonifractor_plautii_YL31	PAN	Microbe	-0.9999999999990509	0.9999999999990509	-1.0	0.9999999999995254	-0.9999999999995254
34	Flavonifractor_plautii_YL31	Riboflavin	Microbe	-0.9999999999999258	0.9999999999999258	-1.0	0.9999999999999629	-0.9999999999999629
63	Bacteroides_caecimuris_I48	Riboflavin	Microbe	-0.9999999999999994	0.9999999999999994	-1.0	0.9999999999999997	-0.9999999999999997
75	PAN	Bacteroides_caecimuris_I48	Metabolite	126.68907411731047	126.68907411731047	1.0	11.255624110519614	11.255624110519614
81	Riboflavin	Flavonifractor_plautii_YL31	Metabolite	126.68907411774589	126.68907411774589	1.0	11.255624110538957	11.255624110538957
83	Bacteroides_caecimuris_I48	PAN	Microbe	-0.9999999999999688	0.9999999999999688	-1.0	0.9999999999999843	-0.9999999999999843
