	Source	Target	SourceType	Weight	Variance	ABS_Weight	Sign_Weight	ABSRootWeight	SignedRootWeight
2	bc1002	O2	Microbe	-1.4090420659616718	0.14814586262738358	1.4090420659616718	-1.0	1.1870307771754158	-1.1870307771754158
23	bc1002	D-Glucose	Microbe	-0.7953724883669525	0.047204427961275865	0.7953724883669525	-1.0	0.891836581648764	-0.891836581648764
31	O2	bc1002	Metabolite	0.0716175457738679	0.005818045505570395	0.0716175457738679	1.0	0.26761454701467163	0.26761454701467163
35	bc1001	D-Glucose	Microbe	-0.7879762758216092	0.05068941028045048	0.7879762758216092	-1.0	0.8876802779275933	-0.8876802779275933
112	O2	bc1001	Metabolite	0.07136501961663021	0.005777088546886186	0.07136501961663021	1.0	0.26714232090148166	0.26714232090148166
122	bc1001	O2	Microbe	-1.4361129143173805	0.16837132508698663	1.4361129143173805	-1.0	1.198379286502141	-1.198379286502141
150	D-Glucose	bc1001	Metabolite	0.14744310853738682	0.0191893365108056	0.14744310853738682	1.0	0.38398321387449585	0.38398321387449585
151	D-Glucose	bc1002	Metabolite	0.14382569184369098	0.018259292485001282	0.14382569184369098	1.0	0.37924357851345486	0.37924357851345486
