	Source	Target	SourceType	Weight	ABS_Weight	Sign_Weight	ABSRootWeight	SignedRootWeight
2	bc1002	O2	Microbe	-1.771549917265432	1.771549917265432	-1.0	1.330995836682231	-1.330995836682231
17	bc1016	O2	Microbe	-0.022417038486068692	0.022417038486068692	-1.0	0.149723206237606	-0.149723206237606
27	bc1002	D-Glucose	Microbe	-1.0000000000000038	1.0000000000000038	-1.0	1.0000000000000018	-1.0000000000000018
51	bc1016	D-Glucose	Microbe	-1.000000000000001	1.000000000000001	-1.0	1.0000000000000004	-1.0000000000000004
67	bc1003	O2	Microbe	-1.000000000000005	1.000000000000005	-1.0	1.0000000000000024	-1.0000000000000024
113	D-Glucose	bc1002	Metabolite	0.27087086964738327	0.27087086964738327	1.0	0.520452562341068	0.520452562341068
121	O2	bc1003	Metabolite	0.15297633046741732	0.15297633046741732	1.0	0.39112188697056743	0.39112188697056743
150	D-Glucose	bc1016	Metabolite	0.05745328770557882	0.05745328770557882	1.0	0.23969415450857123	0.23969415450857123
153	bc1003	D-Glucose	Microbe	-0.5490988420218013	0.5490988420218013	-1.0	0.7410120390532136	-0.7410120390532136
