	Source	Target	SourceType	Weight	Variance	ABS_Weight	Sign_Weight	ABSRootWeight	SignedRootWeight
30	bc1009	D-Glucose	Microbe	-0.7838059216581522	0.05079700760327244	0.7838059216581522	-1.0	0.8853281434915261	-0.8853281434915261
47	bc1003	O2	Microbe	-1.4276696201175394	0.16828633096347181	1.4276696201175394	-1.0	1.1948512962362887	-1.1948512962362887
74	O2	bc1003	Metabolite	0.0733050370379585	0.005840306968381934	0.0733050370379585	1.0	0.27074902961591296	0.27074902961591296
103	bc1003	D-Glucose	Microbe	-0.7839317351962464	0.05073993395262842	0.7839317351962464	-1.0	0.8853991953894279	-0.8853991953894279
130	bc1009	O2	Microbe	-1.4373876923180502	0.1761796638606852	1.4373876923180502	-1.0	1.1989110443723714	-1.1989110443723714
133	O2	bc1009	Metabolite	0.0730749058423183	0.006433710193501024	0.0730749058423183	1.0	0.27032370566104313	0.27032370566104313
151	D-Glucose	bc1003	Metabolite	0.14509462256743336	0.019370222916076485	0.14509462256743336	1.0	0.3809128805480767	0.3809128805480767
152	D-Glucose	bc1009	Metabolite	0.13113612558200455	0.01760849499355655	0.13113612558200455	1.0	0.362127222923111	0.362127222923111
