	Source	Target	SourceType	Weight	ABS_Weight	Sign_Weight	ABSRootWeight	SignedRootWeight
5	Acutalibacter_muris_KB1	PAN	Microbe	-2.000000000002119	2.000000000002119	-1.0	1.4142135623738443	-1.4142135623738443
20	PAN	Clostridium_innocuum_I46	Metabolite	126.68907411693124	126.68907411693124	1.0	11.255624110502769	11.255624110502769
60	Clostridium_innocuum_I46	PAN	Microbe	-1.0000000000002516	1.0000000000002516	-1.0	1.0000000000001257	-1.0000000000001257
70	Acutalibacter_muris_KB1	Pyridoxal	Microbe	-0.9999999999984521	0.9999999999984521	-1.0	0.9999999999992261	-0.9999999999992261
81	Pyridoxal	Acutalibacter_muris_KB1	Metabolite	193.59229303329607	193.59229303329607	1.0	13.913744752340977	13.913744752340977
