	Source	Target	SourceType	Weight	ABS_Weight	Sign_Weight	ABSRootWeight	SignedRootWeight
15	PAN	Limosilactobacillus_reuteri_I49	Metabolite	96.7961465179627	96.7961465179627	1.0	9.838503266145857	9.838503266145857
43	Limosilactobacillus_reuteri_I49	PAN	Microbe	-0.9999999999999284	0.9999999999999284	-1.0	0.9999999999999641	-0.9999999999999641
85	PAN	Bacteroides_caecimuris_I48	Metabolite	126.68907411597637	126.68907411597637	1.0	11.255624110460351	11.255624110460351
88	Bacteroides_caecimuris_I48	PAN	Microbe	-1.0000000000000866	1.0000000000000866	-1.0	1.0000000000000433	-1.0000000000000433
