	Source	Target	SourceType	Weight	ABS_Weight	Sign_Weight	ABSRootWeight	SignedRootWeight
17	Enterococcus_faecalis_KB1	PAN	Microbe	-0.9999999997988542	0.9999999997988542	-1.0	0.9999999998994271	-0.9999999998994271
43	Muribaculum_intestinale_YL27	PAN	Microbe	-1.000000000000133	1.000000000000133	-1.0	1.0000000000000664	-1.0000000000000664
66	Riboflavin-e0	Enterococcus_faecalis_KB1	Metabolite	96.79614649740785	96.79614649740785	1.0	9.838503265101245	9.838503265101245
69	Enterococcus_faecalis_KB1	Riboflavin-e0	Microbe	-0.9999999999999098	0.9999999999999098	-1.0	0.9999999999999549	-0.9999999999999549
105	PAN	Muribaculum_intestinale_YL27	Metabolite	126.68907411848711	126.68907411848711	1.0	11.255624110571883	11.255624110571883
