	Source	Target	SourceType	Weight	ABS_Weight	Sign_Weight	ABSRootWeight	SignedRootWeight
14	Enterococcus_faecalis_KB1	PAN	Microbe	-1.0000000000515477	1.0000000000515477	-1.0	1.0000000000257738	-1.0000000000257738
19	PAN	Clostridium_innocuum_I46	Metabolite	126.68907411693637	126.68907411693637	1.0	11.255624110502996	11.255624110502996
49	Clostridium_innocuum_I46	PAN	Microbe	-1.0000000000000884	1.0000000000000884	-1.0	1.0000000000000442	-1.0000000000000442
53	Riboflavin-e0	Enterococcus_faecalis_KB1	Metabolite	96.79614652152998	96.79614652152998	1.0	9.838503266327148	9.838503266327148
57	Enterococcus_faecalis_KB1	Riboflavin-e0	Microbe	-0.9999999999997686	0.9999999999997686	-1.0	0.9999999999998843	-0.9999999999998843
