	Source	Target	SourceType	Weight	ABS_Weight	Sign_Weight	ABSRootWeight	SignedRootWeight
4	Acutalibacter_muris_KB1	PAN	Microbe	-2.0000000000076352	2.0000000000076352	-1.0	1.4142135623757945	-1.4142135623757945
34	Muribaculum_intestinale_YL27	PAN	Microbe	-1.000000000000034	1.000000000000034	-1.0	1.0000000000000169	-1.0000000000000169
65	Acutalibacter_muris_KB1	Pyridoxal	Microbe	-1.0000000000009155	1.0000000000009155	-1.0	1.0000000000004576	-1.0000000000004576
75	Pyridoxal	Acutalibacter_muris_KB1	Metabolite	193.59229303371148	193.59229303371148	1.0	13.913744752355905	13.913744752355905
97	PAN	Muribaculum_intestinale_YL27	Metabolite	126.68907411717275	126.68907411717275	1.0	11.255624110513496	11.255624110513496
