	Source	Target	SourceType	Weight	ABS_Weight	Sign_Weight	ABSRootWeight	SignedRootWeight
8	Riboflavin	Turicimonas_muris_YL45	Metabolite	126.6890741175563	126.6890741175563	1.0	11.255624110530535	11.255624110530535
50	Turicimonas_muris_YL45	Riboflavin	Microbe	-1.0000000000008635	1.0000000000008635	-1.0	1.0000000000004317	-1.0000000000004317
88	Enterocloster_clostridioformis_YL32	Thiamin-e0	Microbe	-1.0000000000000493	1.0000000000000493	-1.0	1.0000000000000246	-1.0000000000000246
100	Thiamin-e0	Enterocloster_clostridioformis_YL32	Metabolite	253.3781482518313	253.3781482518313	1.0	15.917856270611043	15.917856270611043
