	Source	Target	SourceType	Weight	ABS_Weight	Sign_Weight	ABSRootWeight	SignedRootWeight
17	Thiamine	Limosilactobacillus_reuteri_I49	Metabolite	135.56370852579624	135.56370852579624	1.0	11.643182920739338	11.643182920739338
29	Folate-e0	Limosilactobacillus_reuteri_I49	Metabolite	67.78185426288302	67.78185426288302	1.0	8.232973597849261	8.232973597849261
40	Limosilactobacillus_reuteri_I49	Folate-e0	Microbe	-0.9999999999999888	0.9999999999999888	-1.0	0.9999999999999943	-0.9999999999999943
45	Flavonifractor_plautii_YL31	Riboflavin	Microbe	-0.6666666666671404	0.6666666666671404	-1.0	0.8164965809280161	-0.8164965809280161
47	Limosilactobacillus_reuteri_I49	Thiamine	Microbe	-1.0000000000000573	1.0000000000000573	-1.0	1.0000000000000286	-1.0000000000000286
63	Riboflavin	Limosilactobacillus_reuteri_I49	Metabolite	203.34556278870957	203.34556278870957	1.0	14.259928568850182	14.259928568850182
66	Limosilactobacillus_reuteri_I49	Riboflavin	Microbe	-1.000000000001484	1.000000000001484	-1.0	1.0000000000007419	-1.0000000000007419
67	Folate-e0	Flavonifractor_plautii_YL31	Metabolite	84.45938274524227	84.45938274524227	1.0	9.190178602466998	9.190178602466998
102	Flavonifractor_plautii_YL31	Folate-e0	Microbe	-0.9999999999999194	0.9999999999999194	-1.0	0.9999999999999597	-0.9999999999999597
