	Source	Target	SourceType	Weight	ABS_Weight	Sign_Weight	ABSRootWeight	SignedRootWeight
6	Riboflavin	Bacteroides_caecimuris_I48	Metabolite	126.68907411783553	126.68907411783553	1.0	11.25562411054294	11.25562411054294
35	Flavonifractor_plautii_YL31	Riboflavin	Microbe	-1.000000000000078	1.000000000000078	-1.0	1.0000000000000389	-1.0000000000000389
65	Bacteroides_caecimuris_I48	Riboflavin	Microbe	-0.999999999999957	0.999999999999957	-1.0	0.9999999999999785	-0.9999999999999785
81	Riboflavin	Flavonifractor_plautii_YL31	Metabolite	126.68907411802655	126.68907411802655	1.0	11.255624110551425	11.255624110551425
