	Source	Target	SourceType	Weight	ABS_Weight	Sign_Weight	ABSRootWeight	SignedRootWeight
40	Limosilactobacillus_reuteri_I49	PAN	Microbe	-0.9999999999999748	0.9999999999999748	-1.0	0.9999999999999873	-0.9999999999999873
51	PAN	Limosilactobacillus_reuteri_I49	Metabolite	96.79614651659595	96.79614651659595	1.0	9.838503266076398	9.838503266076398
