	Source	Target	SourceType	Weight	ABS_Weight	Sign_Weight	ABSRootWeight	SignedRootWeight
30	PAN	Clostridium_innocuum_I46	Metabolite	126.68907411869755	126.68907411869755	1.0	11.255624110581232	11.255624110581232
32	PAN	Limosilactobacillus_reuteri_I49	Metabolite	96.79614652210712	96.79614652210712	1.0	9.83850326635648	9.83850326635648
58	Limosilactobacillus_reuteri_I49	PAN	Microbe	-0.9999999999992689	0.9999999999992689	-1.0	0.9999999999996344	-0.9999999999996344
80	Clostridium_innocuum_I46	PAN	Microbe	-0.9999999999998811	0.9999999999998811	-1.0	0.9999999999999405	-0.9999999999999405
