	Source	Target	Weight	Metabolites	ABSWeight	SignWeight	ABSRootWeight	SignedRootWeight
bc1009->bc1001	bc1009	bc1001	-0.1523613679485772	O2	0.1523613679485772	-1.0	0.39033494328406876	-0.39033494328406876
bc1001->bc1009	bc1001	bc1009	-0.15269659945725755	D-Glucose.O2	0.15269659945725755	-1.0	0.39076412253078907	-0.39076412253078907
