	Source	Target	SourceType	Weight	ABS_Weight	Sign_Weight	ABSRootWeight	SignedRootWeight
39	D-Glucose	bc1011	Metabolite	0.2701563170637754	0.2701563170637754	1.0	0.5197656366707744	0.5197656366707744
42	bc1009	D-Glucose	Microbe	-0.5488456961569521	0.5488456961569521	-1.0	0.7408412084630229	-0.7408412084630229
66	bc1003	O2	Microbe	-1.8211657418871308	1.8211657418871308	-1.0	1.3495057398496424	-1.3495057398496424
81	bc1011	O2	Microbe	-1.7682056028599495	1.7682056028599495	-1.0	1.3297389228190433	-1.3297389228190433
151	bc1003	D-Glucose	Microbe	-1.000000000000002	1.000000000000002	-1.0	1.0000000000000009	-1.0000000000000009
166	bc1011	D-Glucose	Microbe	-0.999999999999997	0.999999999999997	-1.0	0.9999999999999984	-0.9999999999999984
189	bc1009	O2	Microbe	-1.0000000000000036	1.0000000000000036	-1.0	1.0000000000000018	-1.0000000000000018
190	D-Glucose	bc1003	Metabolite	0.2785952523668638	0.2785952523668638	1.0	0.5278212314476027	0.5278212314476027
201	O2	bc1009	Metabolite	0.15319477863953596	0.15319477863953596	1.0	0.3914010457823739	0.3914010457823739
