	Source	Target	SourceType	Weight	ABS_Weight	Sign_Weight	ABSRootWeight	SignedRootWeight
21	Muribaculum_intestinale_YL27	Riboflavin	Microbe	-1.0000000000000377	1.0000000000000377	-1.0	1.0000000000000189	-1.0000000000000189
39	Muribaculum_intestinale_YL27	PAN	Microbe	-1.0000000000067388	1.0000000000067388	-1.0	1.0000000000033693	-1.0000000000033693
55	Riboflavin	Muribaculum_intestinale_YL27	Metabolite	126.68907411723907	126.68907411723907	1.0	11.255624110516443	11.255624110516443
66	Enterocloster_clostridioformis_YL32	PAN	Microbe	-1.0000000000001759	1.0000000000001759	-1.0	1.000000000000088	-1.000000000000088
92	PAN	Enterocloster_clostridioformis_YL32	Metabolite	126.68907411981203	126.68907411981203	1.0	11.25562411063074	11.25562411063074
