	Source	Target	SourceType	Weight	ABS_Weight	Sign_Weight	ABSRootWeight	SignedRootWeight
42	Flavonifractor_plautii_YL31	Riboflavin	Microbe	-1.000000000000043	1.000000000000043	-1.0	1.0000000000000215	-1.0000000000000215
47	Akkermansia_muciniphilaYL44	Riboflavin	Microbe	-0.9999999999999577	0.9999999999999577	-1.0	0.9999999999999788	-0.9999999999999788
82	Riboflavin	Flavonifractor_plautii_YL31	Metabolite	126.68907411753482	126.68907411753482	1.0	11.255624110529581	11.255624110529581
94	Riboflavin	Akkermansia_muciniphilaYL44	Metabolite	126.68907411748874	126.68907411748874	1.0	11.255624110527535	11.255624110527535
