	Source	Target	SourceType	Weight	ABS_Weight	Sign_Weight	ABSRootWeight	SignedRootWeight
3	Riboflavin	Bacteroides_caecimuris_I48	Metabolite	126.68907411758086	126.68907411758086	1.0	11.255624110531626	11.255624110531626
14	Clostridium_innocuum_I46	Folate-e0	Microbe	-0.9999999999999826	0.9999999999999826	-1.0	0.9999999999999912	-0.9999999999999912
17	Folate-e0	Clostridium_innocuum_I46	Metabolite	84.4593827452134	84.4593827452134	1.0	9.190178602465428	9.190178602465428
44	Clostridium_innocuum_I46	Riboflavin	Microbe	-0.2506085811590825	0.2506085811590825	-1.0	0.5006082112381722	-0.5006082112381722
69	Bacteroides_caecimuris_I48	Riboflavin	Microbe	-1.0000000000000138	1.0000000000000138	-1.0	1.0000000000000069	-1.0000000000000069
