	Source	Target	SourceType	Weight	ABS_Weight	Sign_Weight	ABSRootWeight	SignedRootWeight
24	Clostridium_innocuum_I46	Folate-e0	Microbe	-1.0	1.0	-1.0	1.0	-1.0
58	Thiamin-e0	Clostridium_innocuum_I46	Metabolite	253.37814822591534	253.37814822591534	1.0	15.91785626979699	15.91785626979699
63	Folate-e0	Flavonifractor_plautii_YL31	Metabolite	84.45938273944422	84.45938273944422	1.0	9.19017860215155	9.19017860215155
91	Clostridium_innocuum_I46	Thiamin-e0	Microbe	-0.9999999999979534	0.9999999999979534	-1.0	0.9999999999989767	-0.9999999999989767
99	Flavonifractor_plautii_YL31	Folate-e0	Microbe	-0.9999999999999984	0.9999999999999984	-1.0	0.9999999999999992	-0.9999999999999992
