	Source	Target	Metabolites	Weight	Variance	ABS_Weight	Sign_Weight	ABSRootWeight	SignedRootWeight
0	bc1010	bc1011	O2	-0.06885661091589382	0.005772200954945618	0.06885661091589382	-1.0	0.2624054323292371	-0.2624054323292371
1	bc1011	bc1010	O2	-0.06874121971725931	0.00575286974928954	0.06874121971725931	-1.0	0.2621854681656848	-0.2621854681656848
2	bc1010	bc1011	D-Glucose	-0.1480125832312131	0.018047094146904356	0.1480125832312131	-1.0	0.3847240351618457	-0.3847240351618457
3	bc1011	bc1010	D-Glucose	-0.07184587044953289	0.004252201065773145	0.07184587044953289	-1.0	0.2680407999718194	-0.2680407999718194
