	Source	Target	SourceType	Weight	ABS_Weight	Sign_Weight	ABSRootWeight	SignedRootWeight
26	PAN	Clostridium_innocuum_I46	Metabolite	126.68907411590463	126.68907411590463	1.0	11.255624110457164	11.255624110457164
71	Clostridium_innocuum_I46	PAN	Microbe	-0.9999999999996808	0.9999999999996808	-1.0	0.9999999999998403	-0.9999999999998403
76	Enterocloster_clostridioformis_YL32	PAN	Microbe	-0.9999999999999062	0.9999999999999062	-1.0	0.999999999999953	-0.999999999999953
104	PAN	Enterocloster_clostridioformis_YL32	Metabolite	126.68907411977642	126.68907411977642	1.0	11.255624110629158	11.255624110629158
