	Source	Target	SourceType	Weight	ABS_Weight	Sign_Weight	ABSRootWeight	SignedRootWeight
38	Enterococcus_faecalis_KB1	Spermidine-e0	Microbe	-0.999999999999998	0.999999999999998	-1.0	0.999999999999999	-0.999999999999999
65	Riboflavin-e0	Enterococcus_faecalis_KB1	Metabolite	96.79614651906991	96.79614651906991	1.0	9.838503266202126	9.838503266202126
72	Enterococcus_faecalis_KB1	Riboflavin-e0	Microbe	-1.0000000000000808	1.0000000000000808	-1.0	1.0000000000000404	-1.0000000000000404
101	Spermidine-e0	Bacteroides_caecimuris_I48	Metabolite	253.3781482320453	253.3781482320453	1.0	15.91785626998954	15.91785626998954
108	Bacteroides_caecimuris_I48	Spermidine-e0	Microbe	-1.0000000000000326	1.0000000000000326	-1.0	1.0000000000000162	-1.0000000000000162
