	Source	Target	SourceType	Weight	ABS_Weight	Sign_Weight	ABSRootWeight	SignedRootWeight
18	Clostridium_innocuum_I46	N-Acetyl-D-glucosamine-e0	Microbe	-0.9999999999999859	0.9999999999999859	-1.0	0.9999999999999929	-0.9999999999999929
37	N-Acetyl-D-glucosamine-e0	Clostridium_innocuum_I46	Metabolite	18.117340654661337	18.117340654661337	1.0	4.256446951937888	4.256446951937888
69	Clostridium_innocuum_I46	PAN	Microbe	-0.14300633879222024	0.14300633879222024	-1.0	0.37816178917524207	-0.37816178917524207
74	Enterocloster_clostridioformis_YL32	PAN	Microbe	-1.000000000000287	1.000000000000287	-1.0	1.0000000000001434	-1.0000000000001434
99	PAN	Enterocloster_clostridioformis_YL32	Metabolite	126.68907411983177	126.68907411983177	1.0	11.255624110631617	11.255624110631617
