	Source	Target	SourceType	Weight	ABS_Weight	Sign_Weight	ABSRootWeight	SignedRootWeight
17	Heme-e0	Limosilactobacillus_reuteri_I49	Metabolite	193.59229302684622	193.59229302684622	1.0	13.913744752109197	13.913744752109197
30	PAN	Clostridium_innocuum_I46	Metabolite	126.68907412943612	126.68907412943612	1.0	11.255624111058264	11.255624111058264
57	Limosilactobacillus_reuteri_I49	PAN	Microbe	-1.9999999999340772	1.9999999999340772	-1.0	1.4142135623497878	-1.4142135623497878
78	Clostridium_innocuum_I46	PAN	Microbe	-0.999999999999926	0.999999999999926	-1.0	0.9999999999999629	-0.9999999999999629
95	Clostridium_innocuum_I46	Heme-e0	Microbe	-0.9999999999999972	0.9999999999999972	-1.0	0.9999999999999986	-0.9999999999999986
103	Limosilactobacillus_reuteri_I49	Heme-e0	Microbe	-0.999999999999995	0.999999999999995	-1.0	0.9999999999999974	-0.9999999999999974
