	Source	Target	SourceType	Weight	ABS_Weight	Sign_Weight	ABSRootWeight	SignedRootWeight
20	Clostridium_innocuum_I46	PAN	Microbe	-0.9999999999994678	0.9999999999994678	-1.0	0.9999999999997339	-0.9999999999997339
36	PAN	Clostridium_innocuum_I46	Metabolite	126.68907411749109	126.68907411749109	1.0	11.255624110527638	11.255624110527638
