	Source	Target	Weight	Metabolites	ABSWeight	SignWeight	ABSRootWeight	SignedRootWeight
bc1009->bc1003	bc1009	bc1003	-0.1529058052313131	D-Glucose	0.1529058052313131	-1.0	0.39103171895808286	-0.39103171895808286
bc1003->bc1009	bc1003	bc1009	-0.2789930826943053	O2	0.2789930826943053	-1.0	0.5281979578664663	-0.5281979578664663
