	Source	Target	SourceType	Weight	ABS_Weight	Sign_Weight	ABSRootWeight	SignedRootWeight
20	Flavonifractor_plautii_YL31	PAN	Microbe	-0.9999999999809834	0.9999999999809834	-1.0	0.9999999999904917	-0.9999999999904917
33	Flavonifractor_plautii_YL31	Riboflavin	Microbe	-0.9999999999999946	0.9999999999999946	-1.0	0.9999999999999972	-0.9999999999999972
62	Bacteroides_caecimuris_I48	Riboflavin	Microbe	-0.9999999999999999	0.9999999999999999	-1.0	0.9999999999999999	-0.9999999999999999
73	PAN	Bacteroides_caecimuris_I48	Metabolite	126.68907411412057	126.68907411412057	1.0	11.255624110377912	11.255624110377912
79	Riboflavin	Flavonifractor_plautii_YL31	Metabolite	126.68907411822438	126.68907411822438	1.0	11.255624110560213	11.255624110560213
81	Bacteroides_caecimuris_I48	PAN	Microbe	-1.0000000000003981	1.0000000000003981	-1.0	1.000000000000199	-1.000000000000199
