	Source	Target	SourceType	Weight	ABS_Weight	Sign_Weight	ABSRootWeight	SignedRootWeight
2	Riboflavin	Bifidobacterium_animalis_YL2	Metabolite	96.79614651724023	96.79614651724023	1.0	9.838503266109141	9.838503266109141
12	Thiamine	Limosilactobacillus_reuteri_I49	Metabolite	135.56370855128117	135.56370855128117	1.0	11.643182921833754	11.643182921833754
28	Folate-e0	Limosilactobacillus_reuteri_I49	Metabolite	67.7818542756115	67.7818542756115	1.0	8.23297359862228	8.23297359862228
35	Limosilactobacillus_reuteri_I49	Folate-e0	Microbe	-0.9999999999999925	0.9999999999999925	-1.0	0.9999999999999962	-0.9999999999999962
43	Limosilactobacillus_reuteri_I49	Thiamine	Microbe	-1.0000000000000484	1.0000000000000484	-1.0	1.0000000000000242	-1.0000000000000242
59	Riboflavin	Limosilactobacillus_reuteri_I49	Metabolite	203.34556282696465	203.34556282696465	1.0	14.25992857019153	14.25992857019153
63	Limosilactobacillus_reuteri_I49	Riboflavin	Microbe	-0.9999999999996134	0.9999999999996134	-1.0	0.9999999999998067	-0.9999999999998067
96	Bifidobacterium_animalis_YL2	Riboflavin	Microbe	-0.9999999999999636	0.9999999999999636	-1.0	0.9999999999999818	-0.9999999999999818
