	Source	Target	SourceType	Weight	ABS_Weight	Sign_Weight	ABSRootWeight	SignedRootWeight
6	Riboflavin	Bacteroides_caecimuris_I48	Metabolite	126.68907411769929	126.68907411769929	1.0	11.255624110536887	11.255624110536887
13	PAN	Blautia_coccoides_YL58	Metabolite	96.79614652167574	96.79614652167574	1.0	9.838503266334557	9.838503266334557
34	Blautia_coccoides_YL58	PAN	Microbe	-0.9999999999999984	0.9999999999999984	-1.0	0.9999999999999992	-0.9999999999999992
45	Blautia_coccoides_YL58	Riboflavin	Microbe	-1.0000000000000018	1.0000000000000018	-1.0	1.0000000000000009	-1.0000000000000009
63	Bacteroides_caecimuris_I48	Riboflavin	Microbe	-0.9999999999999323	0.9999999999999323	-1.0	0.9999999999999661	-0.9999999999999661
76	Bacteroides_caecimuris_I48	PAN	Microbe	-1.0000000000052935	1.0000000000052935	-1.0	1.0000000000026468	-1.0000000000026468
