	Source	Target	SourceType	Weight	ABS_Weight	Sign_Weight	ABSRootWeight	SignedRootWeight
65	Enterocloster_clostridioformis_YL32	PAN	Microbe	-1.0000000000002238	1.0000000000002238	-1.0	1.000000000000112	-1.000000000000112
69	Bifidobacterium_animalis_YL2	PAN	Microbe	-0.9999999999996791	0.9999999999996791	-1.0	0.9999999999998396	-0.9999999999998396
74	PAN	Bifidobacterium_animalis_YL2	Metabolite	96.79614651940814	96.79614651940814	1.0	9.838503266219316	9.838503266219316
93	PAN	Enterocloster_clostridioformis_YL32	Metabolite	126.68907411987142	126.68907411987142	1.0	11.255624110633377	11.255624110633377
