	Source	Target	SourceType	Weight	ABS_Weight	Sign_Weight	ABSRootWeight	SignedRootWeight
13	N-Acetyl-D-glucosamine-e0	Clostridium_innocuum_I46	Metabolite	18.11734065473978	18.11734065473978	1.0	4.256446951947103	4.256446951947103
35	Clostridium_innocuum_I46	N-Acetyl-D-glucosamine-e0	Microbe	-0.99999999999999	0.99999999999999	-1.0	0.999999999999995	-0.999999999999995
