	Source	Target	SourceType	Weight	ABS_Weight	Sign_Weight	ABSRootWeight	SignedRootWeight
10	Clostridium_innocuum_I46	N-Acetyl-D-glucosamine-e0	Microbe	-1.0000000000000586	1.0000000000000586	-1.0	1.0000000000000293	-1.0000000000000293
30	N-Acetyl-D-glucosamine-e0	Clostridium_innocuum_I46	Metabolite	18.117340654736093	18.117340654736093	1.0	4.256446951946669	4.256446951946669
66	Clostridium_innocuum_I46	PAN	Microbe	-0.14300633879446875	0.14300633879446875	-1.0	0.378161789178215	-0.378161789178215
81	PAN	Bacteroides_caecimuris_I48	Metabolite	126.68907411733072	126.68907411733072	1.0	11.255624110520515	11.255624110520515
87	Bacteroides_caecimuris_I48	PAN	Microbe	-1.0000000000001121	1.0000000000001121	-1.0	1.000000000000056	-1.000000000000056
