	Source	Target	SourceType	Weight	ABS_Weight	Sign_Weight	ABSRootWeight	SignedRootWeight
5	Acutalibacter_muris_KB1	PAN	Microbe	-0.9999999999998854	0.9999999999998854	-1.0	0.9999999999999427	-0.9999999999999427
20	PAN	Clostridium_innocuum_I46	Metabolite	126.68907411774072	126.68907411774072	1.0	11.255624110538728	11.255624110538728
45	PAN	Acutalibacter_muris_KB1	Metabolite	96.79614651609579	96.79614651609579	1.0	9.83850326605098	9.83850326605098
62	Clostridium_innocuum_I46	PAN	Microbe	-0.9999999999999749	0.9999999999999749	-1.0	0.9999999999999875	-0.9999999999999875
