	Source	Target	SourceType	Weight	ABS_Weight	Sign_Weight	ABSRootWeight	SignedRootWeight
7	Riboflavin	Turicimonas_muris_YL45	Metabolite	126.68907411739079	126.68907411739079	1.0	11.255624110523183	11.255624110523183
22	Muribaculum_intestinale_YL27	Riboflavin	Microbe	-0.9999999999999809	0.9999999999999809	-1.0	0.9999999999999905	-0.9999999999999905
49	Turicimonas_muris_YL45	Riboflavin	Microbe	-0.9999999999997204	0.9999999999997204	-1.0	0.9999999999998602	-0.9999999999998602
58	Riboflavin	Muribaculum_intestinale_YL27	Metabolite	126.68907411827766	126.68907411827766	1.0	11.255624110562579	11.255624110562579
