	Source	Target	SourceType	Weight	ABS_Weight	Sign_Weight	ABSRootWeight	SignedRootWeight
0	Riboflavin	Bifidobacterium_animalis_YL2	Metabolite	96.79614651544723	96.79614651544723	1.0	9.83850326601802	9.83850326601802
64	Bacteroides_caecimuris_I48	Riboflavin	Microbe	-1.0000000000000002	1.0000000000000002	-1.0	1.0	-1.0
74	Bifidobacterium_animalis_YL2	PAN	Microbe	-0.9999999999799557	0.9999999999799557	-1.0	0.9999999999899778	-0.9999999999899778
78	PAN	Bacteroides_caecimuris_I48	Metabolite	126.68907411585164	126.68907411585164	1.0	11.25562411045481	11.25562411045481
82	Bifidobacterium_animalis_YL2	Riboflavin	Microbe	-0.999999999999429	0.999999999999429	-1.0	0.9999999999997145	-0.9999999999997145
84	Bacteroides_caecimuris_I48	PAN	Microbe	-0.9999999999998952	0.9999999999998952	-1.0	0.9999999999999476	-0.9999999999999476
