	Source	Target	SourceType	Weight	ABS_Weight	Sign_Weight	ABSRootWeight	SignedRootWeight
16	PAN	Blautia_coccoides_YL58	Metabolite	96.79614652167574	96.79614652167574	1.0	9.838503266334557	9.838503266334557
38	Blautia_coccoides_YL58	PAN	Microbe	-0.9999999999999984	0.9999999999999984	-1.0	0.9999999999999992	-0.9999999999999992
49	N-acetyl-D-gluosamine	Enterocloster_clostridioformis_YL32	Metabolite	18.11734065473677	18.11734065473677	1.0	4.2564469519467485	4.2564469519467485
68	Enterocloster_clostridioformis_YL32	PAN	Microbe	-0.14300633879467234	0.14300633879467234	-1.0	0.3781617891784842	-0.3781617891784842
95	Enterocloster_clostridioformis_YL32	N-acetyl-D-gluosamine	Microbe	-1.0000000000000917	1.0000000000000917	-1.0	1.0000000000000457	-1.0000000000000457
