	Source	Target	SourceType	Weight	ABS_Weight	Sign_Weight	ABSRootWeight	SignedRootWeight
14	PAN	Blautia_coccoides_YL58	Metabolite	96.79614652216222	96.79614652216222	1.0	9.83850326635928	9.83850326635928
34	Akkermansia_muciniphilaYL44	PAN	Microbe	-1.0000000000256768	1.0000000000256768	-1.0	1.0000000000128384	-1.0000000000128384
39	Blautia_coccoides_YL58	PAN	Microbe	-1.0000000000000093	1.0000000000000093	-1.0	1.0000000000000047	-1.0000000000000047
45	Akkermansia_muciniphilaYL44	Riboflavin	Microbe	-1.0000000000000506	1.0000000000000506	-1.0	1.0000000000000253	-1.0000000000000253
51	Blautia_coccoides_YL58	Riboflavin	Microbe	-1.0000000000000013	1.0000000000000013	-1.0	1.0000000000000007	-1.0000000000000007
89	Riboflavin	Akkermansia_muciniphilaYL44	Metabolite	126.68907411826373	126.68907411826373	1.0	11.25562411056196	11.25562411056196
