	Source	Target	SourceType	Weight	ABS_Weight	Sign_Weight	ABSRootWeight	SignedRootWeight
72	bc1001	O2	Microbe	-0.9999999999999996	0.9999999999999996	-1.0	0.9999999999999998	-0.9999999999999998
124	bc1015	O2	Microbe	-1.0	1.0	-1.0	1.0	-1.0
130	bc1012	O2	Microbe	-0.999999999999991	0.999999999999991	-1.0	0.9999999999999954	-0.9999999999999954
134	O2	bc1001	Metabolite	0.1523613679485789	0.1523613679485789	1.0	0.390334943284071	0.390334943284071
145	bc1012	Fumarate	Microbe	-0.9999999999999988	0.9999999999999988	-1.0	0.9999999999999993	-0.9999999999999993
163	O2	bc1015	Metabolite	0.15324853629752633	0.15324853629752633	1.0	0.3914697131292871	0.3914697131292871
219	O2	bc1012	Metabolite	0.152993124996932	0.152993124996932	1.0	0.3911433560690147	0.3911433560690147
231	Fumarate	bc1012	Metabolite	0.03399847222152429	0.03399847222152429	1.0	0.18438674632826593	0.18438674632826593
