	Source	Target	Weight	Metabolites	ABSWeight	SignWeight	ABSRootWeight	SignedRootWeight
bc1009->bc1001	bc1009	bc1001	-0.15236136794857946	O2	0.15236136794857946	-1.0	0.3903349432840717	-0.3903349432840717
bc1001->bc1009	bc1001	bc1009	-0.1531947786395359	O2	0.1531947786395359	-1.0	0.39140104578237384	-0.39140104578237384
