	Source	Target	SourceType	Weight	ABS_Weight	Sign_Weight	ABSRootWeight	SignedRootWeight
29	Akkermansia_muciniphilaYL44	PAN	Microbe	-1.000000000013679	1.000000000013679	-1.0	1.0000000000068394	-1.0000000000068394
37	Akkermansia_muciniphilaYL44	Riboflavin	Microbe	-0.9999999999999908	0.9999999999999908	-1.0	0.9999999999999953	-0.9999999999999953
58	Bacteroides_caecimuris_I48	Riboflavin	Microbe	-1.0000000000000002	1.0000000000000002	-1.0	1.0	-1.0
66	PAN	Bacteroides_caecimuris_I48	Metabolite	126.6890741173375	126.6890741173375	1.0	11.255624110520815	11.255624110520815
74	Bacteroides_caecimuris_I48	PAN	Microbe	-1.0000000000000078	1.0000000000000078	-1.0	1.0000000000000038	-1.0000000000000038
83	Riboflavin	Akkermansia_muciniphilaYL44	Metabolite	126.68907411781964	126.68907411781964	1.0	11.255624110542234	11.255624110542234
