	Source	Target	SourceType	Weight	ABS_Weight	Sign_Weight	ABSRootWeight	SignedRootWeight
3	Turicimonas_muris_YL45	Pyridoxal	Microbe	-0.4999999999974808	0.4999999999974808	-1.0	0.7071067811847662	-0.7071067811847662
8	Riboflavin	Turicimonas_muris_YL45	Metabolite	126.68907411759491	126.68907411759491	1.0	11.255624110532251	11.255624110532251
50	Turicimonas_muris_YL45	Riboflavin	Microbe	-1.0000000000010822	1.0000000000010822	-1.0	1.0000000000005411	-1.0000000000005411
83	Enterococcus_faecalis_KB1	Pyridoxal	Microbe	-1.000000000000141	1.000000000000141	-1.0	1.0000000000000704	-1.0000000000000704
96	Pyridoxal	Enterococcus_faecalis_KB1	Metabolite	193.59229303337378	193.59229303337378	1.0	13.913744752343769	13.913744752343769
