	Source	Target	Metabolites	Weight	Variance	ABS_Weight	Sign_Weight	ABSRootWeight	SignedRootWeight
0	bc1011	bc1015	O2	-0.07130040541512622	0.005354476913680951	0.07130040541512622	-1.0	0.2670213576010845	-0.2670213576010845
1	bc1015	bc1011	O2	-0.07091634285311095	0.005302954060965492	0.07091634285311095	-1.0	0.2663012257822163	-0.2663012257822163
2	bc1015	bc1011	D-Glucose	-0.11767008019407656	0.016547164422667703	0.11767008019407656	-1.0	0.34303072776950544	-0.34303072776950544
3	bc1011	bc1015	O2.D-Glucose	-7.845010475577878e-05	2.796049273164712e-05	7.845010475577878e-05	-1.0	0.008857206374234417	-0.008857206374234417
4	bc1011	bc1015	D-Glucose	-0.10888139576492015	0.014212587632868891	0.10888139576492015	-1.0	0.32997181056102376	-0.32997181056102376
