	Source	Target	SourceType	Weight	ABS_Weight	Sign_Weight	ABSRootWeight	SignedRootWeight
24	PAN	Clostridium_innocuum_I46	Metabolite	126.68907412923512	126.68907412923512	1.0	11.255624111049334	11.255624111049334
38	Akkermansia_muciniphilaYL44	PAN	Microbe	-1.0000000000190727	1.0000000000190727	-1.0	1.0000000000095364	-1.0000000000095364
48	Akkermansia_muciniphilaYL44	Riboflavin	Microbe	-1.000000000000061	1.000000000000061	-1.0	1.0000000000000304	-1.0000000000000304
49	Clostridium_innocuum_I46	Riboflavin	Microbe	-0.9999999999999989	0.9999999999999989	-1.0	0.9999999999999994	-0.9999999999999994
65	Clostridium_innocuum_I46	PAN	Microbe	-1.000000000000117	1.000000000000117	-1.0	1.0000000000000584	-1.0000000000000584
90	Riboflavin	Akkermansia_muciniphilaYL44	Metabolite	126.68907411774377	126.68907411774377	1.0	11.255624110538863	11.255624110538863
