	Source	Target	SourceType	Weight	ABS_Weight	Sign_Weight	ABSRootWeight	SignedRootWeight
18	PAN	Blautia_coccoides_YL58	Metabolite	96.79614652174774	96.79614652174774	1.0	9.838503266338217	9.838503266338217
31	Flavonifractor_plautii_YL31	PAN	Microbe	-0.9999999999715224	0.9999999999715224	-1.0	0.9999999999857612	-0.9999999999857612
39	Blautia_coccoides_YL58	PAN	Microbe	-0.9999999999998702	0.9999999999998702	-1.0	0.999999999999935	-0.999999999999935
40	Flavonifractor_plautii_YL31	Riboflavin	Microbe	-1.0000000000000613	1.0000000000000613	-1.0	1.0000000000000306	-1.0000000000000306
53	Blautia_coccoides_YL58	Riboflavin	Microbe	-0.9999999999999997	0.9999999999999997	-1.0	0.9999999999999998	-0.9999999999999998
83	Riboflavin	Flavonifractor_plautii_YL31	Metabolite	126.68907411734301	126.68907411734301	1.0	11.25562411052106	11.25562411052106
