	Source	Target	SourceType	Weight	ABS_Weight	Sign_Weight	ABSRootWeight	SignedRootWeight
19	Clostridium_innocuum_I46	N-Acetyl-D-glucosamine-e0	Microbe	-1.0000000000000149	1.0000000000000149	-1.0	1.0000000000000073	-1.0000000000000073
37	N-Acetyl-D-glucosamine-e0	Clostridium_innocuum_I46	Metabolite	18.117340654706737	18.117340654706737	1.0	4.256446951943221	4.256446951943221
68	Clostridium_innocuum_I46	PAN	Microbe	-0.14300633879238692	0.14300633879238692	-1.0	0.37816178917546245	-0.37816178917546245
73	Enterocloster_clostridioformis_YL32	PAN	Microbe	-1.0000000000001645	1.0000000000001645	-1.0	1.0000000000000822	-1.0000000000000822
99	PAN	Enterocloster_clostridioformis_YL32	Metabolite	126.68907411979171	126.68907411979171	1.0	11.255624110629837	11.255624110629837
