	Source	Target	SourceType	Weight	ABS_Weight	Sign_Weight	ABSRootWeight	SignedRootWeight
30	Flavonifractor_plautii_YL31	Riboflavin	Microbe	-0.9999999999998112	0.9999999999998112	-1.0	0.9999999999999055	-0.9999999999999055
52	Riboflavin-e0	Enterococcus_faecalis_KB1	Metabolite	96.79614652206305	96.79614652206305	1.0	9.838503266354241	9.838503266354241
57	Enterococcus_faecalis_KB1	Riboflavin-e0	Microbe	-0.9999999999999089	0.9999999999999089	-1.0	0.9999999999999544	-0.9999999999999544
75	Riboflavin	Flavonifractor_plautii_YL31	Metabolite	126.6890741172927	126.6890741172927	1.0	11.255624110518825	11.255624110518825
