	Source	Target	SourceType	Weight	ABS_Weight	Sign_Weight	ABSRootWeight	SignedRootWeight
19	Muribaculum_intestinale_YL27	Riboflavin	Microbe	-0.9999999999999967	0.9999999999999967	-1.0	0.9999999999999983	-0.9999999999999983
34	Flavonifractor_plautii_YL31	Riboflavin	Microbe	-0.6666666665203684	0.6666666665203684	-1.0	0.816496580838137	-0.816496580838137
56	Folate-e0	Flavonifractor_plautii_YL31	Metabolite	84.45938272269781	84.45938272269781	1.0	9.190178601240447	9.190178601240447
59	Riboflavin	Muribaculum_intestinale_YL27	Metabolite	126.6890741185237	126.6890741185237	1.0	11.255624110573509	11.255624110573509
86	Flavonifractor_plautii_YL31	Folate-e0	Microbe	-1.000000000000161	1.000000000000161	-1.0	1.0000000000000804	-1.0000000000000804
