	Source	Target	SourceType	Weight	ABS_Weight	Sign_Weight	ABSRootWeight	SignedRootWeight
20	Clostridium_innocuum_I46	PAN	Microbe	-0.9999999999996512	0.9999999999996512	-1.0	0.9999999999998256	-0.9999999999998256
36	PAN	Clostridium_innocuum_I46	Metabolite	126.68907411764464	126.68907411764464	1.0	11.255624110534459	11.255624110534459
