	Source	Target	SourceType	Weight	ABS_Weight	Sign_Weight	ABSRootWeight	SignedRootWeight
6	Riboflavin	Turicimonas_muris_YL45	Metabolite	126.68907411739079	126.68907411739079	1.0	11.255624110523183	11.255624110523183
24	Muribaculum_intestinale_YL27	Riboflavin	Microbe	-1.0000000000000286	1.0000000000000286	-1.0	1.0000000000000142	-1.0000000000000142
51	Turicimonas_muris_YL45	Riboflavin	Microbe	-0.9999999999997204	0.9999999999997204	-1.0	0.9999999999998602	-0.9999999999998602
60	Riboflavin	Muribaculum_intestinale_YL27	Metabolite	126.68907411799124	126.68907411799124	1.0	11.255624110549856	11.255624110549856
