	Source	Target	SourceType	Weight	ABS_Weight	Sign_Weight	ABSRootWeight	SignedRootWeight
35	Akkermansia_muciniphilaYL44	PAN	Microbe	-1.0000000000002307	1.0000000000002307	-1.0	1.0000000000001152	-1.0000000000001152
43	PAN	Akkermansia_muciniphilaYL44	Metabolite	126.6890741194635	126.6890741194635	1.0	11.255624110615257	11.255624110615257
65	Enterocloster_clostridioformis_YL32	PAN	Microbe	-1.0000000000005405	1.0000000000005405	-1.0	1.0000000000002702	-1.0000000000002702
89	PAN	Enterocloster_clostridioformis_YL32	Metabolite	126.68907411986153	126.68907411986153	1.0	11.255624110632938	11.255624110632938
