	Source	Target	SourceType	Weight	ABS_Weight	Sign_Weight	ABSRootWeight	SignedRootWeight
2	Riboflavin	Bacteroides_caecimuris_I48	Metabolite	126.68907411791817	126.68907411791817	1.0	11.25562411054661	11.25562411054661
10	Acutalibacter_muris_KB1	Riboflavin	Microbe	2.429261364544314	2.429261364544314	1.0	1.5586087913727147	1.5586087913727147
59	Bacteroides_caecimuris_I48	Riboflavin	Microbe	-0.9999999999999423	0.9999999999999423	-1.0	0.9999999999999711	-0.9999999999999711
64	Acutalibacter_muris_KB1	Pyridoxal	Microbe	-1.0000000000009155	1.0000000000009155	-1.0	1.0000000000004576	-1.0000000000004576
78	Pyridoxal	Acutalibacter_muris_KB1	Metabolite	193.59229303371148	193.59229303371148	1.0	13.913744752355905	13.913744752355905
