	Source	Target	Weight	Metabolites	ABSWeight	SignWeight	ABSRootWeight	SignedRootWeight
bc1002->bc1001	bc1002	bc1001	-0.15236136794857927	O2	0.15236136794857927	-1.0	0.3903349432840714	-0.3903349432840714
bc1010->bc1001	bc1010	bc1001	-0.269407589535608	O2	0.269407589535608	-1.0	0.5190448820050227	-0.5190448820050227
bc1001->bc1002	bc1001	bc1002	-0.15290050085943938	O2	0.15290050085943938	-1.0	0.3910249363652392	-0.3910249363652392
bc1010->bc1002	bc1010	bc1002	-0.2703608921995961	O2	0.2703608921995961	-1.0	0.5199623949860183	-0.5199623949860183
bc1001->bc1010	bc1001	bc1010	-0.14798349421739732	D-Glucose	0.14798349421739732	-1.0	0.38468622826583915	-0.38468622826583915
bc1002->bc1010	bc1002	bc1010	-0.15224229749932003	D-Glucose	0.15224229749932003	-1.0	0.39018239004255434	-0.39018239004255434
