	Source	Target	SourceType	Weight	ABS_Weight	Sign_Weight	ABSRootWeight	SignedRootWeight
3	Riboflavin	Bifidobacterium_animalis_YL2	Metabolite	96.79614651725348	96.79614651725348	1.0	9.838503266109814	9.838503266109814
36	Flavonifractor_plautii_YL31	Riboflavin	Microbe	-0.9999999999999378	0.9999999999999378	-1.0	0.9999999999999689	-0.9999999999999689
89	Bifidobacterium_animalis_YL2	Riboflavin	Microbe	-1.0000000000001383	1.0000000000001383	-1.0	1.000000000000069	-1.000000000000069
90	Riboflavin	Flavonifractor_plautii_YL31	Metabolite	126.68907411764643	126.68907411764643	1.0	11.255624110534539	11.255624110534539
