	Source	Target	SourceType	Weight	ABS_Weight	Sign_Weight	ABSRootWeight	SignedRootWeight
27	PAN	Clostridium_innocuum_I46	Metabolite	126.68907411765908	126.68907411765908	1.0	11.2556241105351	11.2556241105351
30	PAN	Limosilactobacillus_reuteri_I49	Metabolite	96.79614652126436	96.79614652126436	1.0	9.83850326631365	9.83850326631365
55	Limosilactobacillus_reuteri_I49	PAN	Microbe	-0.9999999999998391	0.9999999999998391	-1.0	0.9999999999999195	-0.9999999999999195
77	Clostridium_innocuum_I46	PAN	Microbe	-0.9999999999999662	0.9999999999999662	-1.0	0.9999999999999831	-0.9999999999999831
