	Source	Target	SourceType	Weight	Variance	ABS_Weight	Sign_Weight	ABSRootWeight	SignedRootWeight
4	Riboflavin	Bifidobacterium_animalis_YL2	Metabolite	94.39554534769735	5.6199630247633605	94.39554534769735	1.0	9.715736994572124	9.715736994572124
13	PAN	Blautia_coccoides_YL58	Metabolite	94.3955453509744	5.619963025153512	94.3955453509744	1.0	9.71573699474077	9.71573699474077
33	Blautia_coccoides_YL58	PAN	Microbe	-0.975199413862694	0.0005998149992323296	0.975199413862694	-1.0	0.9875218548785105	-0.9875218548785105
47	Blautia_coccoides_YL58	Riboflavin	Microbe	-0.9751994138627431	0.000599814999232394	0.9751994138627431	-1.0	0.9875218548785354	-0.9875218548785354
66	Bifidobacterium_animalis_YL2	PAN	Microbe	-0.9751994138626079	0.0005998149992322277	0.9751994138626079	-1.0	0.9875218548784669	-0.9875218548784669
75	Bifidobacterium_animalis_YL2	Riboflavin	Microbe	-0.9751994138626314	0.0005998149992322635	0.9751994138626314	-1.0	0.9875218548784789	-0.9875218548784789
