	Source	Target	SourceType	Weight	ABS_Weight	Sign_Weight	ABSRootWeight	SignedRootWeight
9	Riboflavin	Muribaculum_intestinale_YL27	Metabolite	126.6890741179444	126.6890741179444	1.0	11.255624110547775	11.255624110547775
48	Muribaculum_intestinale_YL27	Riboflavin	Microbe	-1.0000000000001943	1.0000000000001943	-1.0	1.000000000000097	-1.000000000000097
