	Source	Target	SourceType	Weight	ABS_Weight	Sign_Weight	ABSRootWeight	SignedRootWeight
3	Riboflavin	Bacteroides_caecimuris_I48	Metabolite	126.68907411745595	126.68907411745595	1.0	11.255624110526076	11.255624110526076
14	Clostridium_innocuum_I46	Folate-e0	Microbe	-0.9999999999996964	0.9999999999996964	-1.0	0.9999999999998481	-0.9999999999998481
17	Folate-e0	Clostridium_innocuum_I46	Metabolite	84.45938274436135	84.45938274436135	1.0	9.19017860241907	9.19017860241907
45	Clostridium_innocuum_I46	Riboflavin	Microbe	-0.6666666666515545	0.6666666666515545	-1.0	0.8164965809184718	-0.8164965809184718
71	Bacteroides_caecimuris_I48	Riboflavin	Microbe	-1.0000000000000133	1.0000000000000133	-1.0	1.0000000000000067	-1.0000000000000067
