	Source	Target	SourceType	Weight	ABS_Weight	Sign_Weight	ABSRootWeight	SignedRootWeight
8	Riboflavin	Turicimonas_muris_YL45	Metabolite	126.68907411680973	126.68907411680973	1.0	11.25562411049737	11.25562411049737
50	Clostridium_innocuum_I46	Riboflavin	Microbe	-1.0000000000000333	1.0000000000000333	-1.0	1.0000000000000167	-1.0000000000000167
54	Turicimonas_muris_YL45	Riboflavin	Microbe	-1.000000000000033	1.000000000000033	-1.0	1.0000000000000164	-1.0000000000000164
80	Riboflavin	Clostridium_innocuum_I46	Metabolite	126.68907411794655	126.68907411794655	1.0	11.25562411054787	11.25562411054787
