	Source	Target	SourceType	Weight	ABS_Weight	Sign_Weight	ABSRootWeight	SignedRootWeight
8	Riboflavin	Muribaculum_intestinale_YL27	Metabolite	126.6890741175524	126.6890741175524	1.0	11.255624110530361	11.255624110530361
45	Muribaculum_intestinale_YL27	Riboflavin	Microbe	-0.9999999999999305	0.9999999999999305	-1.0	0.9999999999999653	-0.9999999999999653
