	Source	Target	SourceType	Weight	ABS_Weight	Sign_Weight	ABSRootWeight	SignedRootWeight
12	Thiamine	Limosilactobacillus_reuteri_I49	Metabolite	193.59229312685366	193.59229312685366	1.0	13.913744755703034	13.913744755703034
43	Limosilactobacillus_reuteri_I49	Thiamine	Microbe	-1.0000000000000069	1.0000000000000069	-1.0	1.0000000000000033	-1.0000000000000033
47	Muribaculum_intestinale_YL27	PAN	Microbe	-0.9999999999999799	0.9999999999999799	-1.0	0.9999999999999899	-0.9999999999999899
51	Limosilactobacillus_reuteri_I49	PAN	Microbe	-2.0000000009765175	2.0000000009765175	-1.0	1.414213562718346	-1.414213562718346
113	PAN	Muribaculum_intestinale_YL27	Metabolite	126.6890741164436	126.6890741164436	1.0	11.255624110481106	11.255624110481106
