	Source	Target	SourceType	Weight	ABS_Weight	Sign_Weight	ABSRootWeight	SignedRootWeight
22	PAN	Clostridium_innocuum_I46	Metabolite	126.68907411825079	126.68907411825079	1.0	11.255624110561385	11.255624110561385
31	Flavonifractor_plautii_YL31	PAN	Microbe	-0.999999999965797	0.999999999965797	-1.0	0.9999999999828985	-0.9999999999828985
42	Flavonifractor_plautii_YL31	Riboflavin	Microbe	-0.9999999999996791	0.9999999999996791	-1.0	0.9999999999998396	-0.9999999999998396
50	Clostridium_innocuum_I46	Riboflavin	Microbe	-0.9999999999999996	0.9999999999999996	-1.0	0.9999999999999998	-0.9999999999999998
65	Clostridium_innocuum_I46	PAN	Microbe	-1.0000000000000968	1.0000000000000968	-1.0	1.0000000000000484	-1.0000000000000484
86	Riboflavin	Flavonifractor_plautii_YL31	Metabolite	126.68907411825151	126.68907411825151	1.0	11.255624110561419	11.255624110561419
