	Source	Target	SourceType	Weight	ABS_Weight	Sign_Weight	ABSRootWeight	SignedRootWeight
14	Enterococcus_faecalis_KB1	PAN	Microbe	-1.0000000001101674	1.0000000001101674	-1.0	1.0000000000550837	-1.0000000000550837
39	Muribaculum_intestinale_YL27	PAN	Microbe	-0.9999999999998986	0.9999999999998986	-1.0	0.9999999999999493	-0.9999999999999493
63	Riboflavin-e0	Enterococcus_faecalis_KB1	Metabolite	96.79614652983457	96.79614652983457	1.0	9.838503266749195	9.838503266749195
66	Enterococcus_faecalis_KB1	Riboflavin-e0	Microbe	-0.99999999999997	0.99999999999997	-1.0	0.999999999999985	-0.999999999999985
102	PAN	Muribaculum_intestinale_YL27	Metabolite	126.68907411771707	126.68907411771707	1.0	11.255624110537678	11.255624110537678
