	Source	Target	SourceType	Weight	ABS_Weight	Sign_Weight	ABSRootWeight	SignedRootWeight
42	Flavonifractor_plautii_YL31	Riboflavin	Microbe	-1.0000000000004545	1.0000000000004545	-1.0	1.0000000000002272	-1.0000000000002272
47	Akkermansia_muciniphilaYL44	Riboflavin	Microbe	-1.0000000000000535	1.0000000000000535	-1.0	1.0000000000000266	-1.0000000000000266
80	Riboflavin	Flavonifractor_plautii_YL31	Metabolite	126.68907411863013	126.68907411863013	1.0	11.255624110578237	11.255624110578237
91	Riboflavin	Akkermansia_muciniphilaYL44	Metabolite	126.68907411823388	126.68907411823388	1.0	11.255624110560635	11.255624110560635
