	Source	Target	SourceType	Weight	ABS_Weight	Sign_Weight	ABSRootWeight	SignedRootWeight
17	PAN	Limosilactobacillus_reuteri_I49	Metabolite	96.79614651668415	96.79614651668415	1.0	9.83850326608088	9.83850326608088
45	Limosilactobacillus_reuteri_I49	PAN	Microbe	-1.0000000000000333	1.0000000000000333	-1.0	1.0000000000000167	-1.0000000000000167
87	PAN	Bacteroides_caecimuris_I48	Metabolite	126.6890741173128	126.6890741173128	1.0	11.255624110519719	11.255624110519719
90	Bacteroides_caecimuris_I48	PAN	Microbe	-1.0000000000000044	1.0000000000000044	-1.0	1.0000000000000022	-1.0000000000000022
