	Source	Target	SourceType	Weight	ABS_Weight	Sign_Weight	ABSRootWeight	SignedRootWeight
20	PAN	Clostridium_innocuum_I46	Metabolite	126.68907411766521	126.68907411766521	1.0	11.255624110535374	11.255624110535374
45	Muribaculum_intestinale_YL27	PAN	Microbe	-1.0000000000002844	1.0000000000002844	-1.0	1.000000000000142	-1.000000000000142
67	Clostridium_innocuum_I46	PAN	Microbe	-0.999999999999986	0.999999999999986	-1.0	0.999999999999993	-0.999999999999993
103	PAN	Muribaculum_intestinale_YL27	Metabolite	126.68907411627033	126.68907411627033	1.0	11.25562411047341	11.25562411047341
