	Source	Target	SourceType	Weight	ABS_Weight	Sign_Weight	ABSRootWeight	SignedRootWeight
29	Flavonifractor_plautii_YL31	PAN	Microbe	-0.9999999999743606	0.9999999999743606	-1.0	0.9999999999871803	-0.9999999999871803
40	Flavonifractor_plautii_YL31	Riboflavin	Microbe	-0.9999999999999308	0.9999999999999308	-1.0	0.9999999999999654	-0.9999999999999654
69	Enterocloster_clostridioformis_YL32	PAN	Microbe	-1.000000000000266	1.000000000000266	-1.0	1.000000000000133	-1.000000000000133
82	Riboflavin	Flavonifractor_plautii_YL31	Metabolite	126.6890741188424	126.6890741188424	1.0	11.255624110587666	11.255624110587666
98	PAN	Enterocloster_clostridioformis_YL32	Metabolite	126.68907411984387	126.68907411984387	1.0	11.255624110632153	11.255624110632153
