	Source	Target	SourceType	Weight	ABS_Weight	Sign_Weight	ABSRootWeight	SignedRootWeight
15	Enterococcus_faecalis_KB1	PAN	Microbe	-1.0000000002780303	1.0000000002780303	-1.0	1.000000000139015	-1.000000000139015
37	Muribaculum_intestinale_YL27	PAN	Microbe	-0.9999999999997061	0.9999999999997061	-1.0	0.999999999999853	-0.999999999999853
57	Riboflavin-e0	Enterococcus_faecalis_KB1	Metabolite	96.79614654367401	96.79614654367401	1.0	9.838503267452525	9.838503267452525
60	Enterococcus_faecalis_KB1	Riboflavin-e0	Microbe	-0.9999999999999937	0.9999999999999937	-1.0	0.9999999999999968	-0.9999999999999968
94	PAN	Muribaculum_intestinale_YL27	Metabolite	126.68907411842397	126.68907411842397	1.0	11.255624110569078	11.255624110569078
