	Source	Target	SourceType	Weight	ABS_Weight	Sign_Weight	ABSRootWeight	SignedRootWeight
18	Heme-e0	Limosilactobacillus_reuteri_I49	Metabolite	193.59229302728897	193.59229302728897	1.0	13.913744752125108	13.913744752125108
31	PAN	Clostridium_innocuum_I46	Metabolite	126.68907411895101	126.68907411895101	1.0	11.25562411059249	11.25562411059249
58	Limosilactobacillus_reuteri_I49	PAN	Microbe	-1.9999999999380735	1.9999999999380735	-1.0	1.4142135623512007	-1.4142135623512007
80	Clostridium_innocuum_I46	PAN	Microbe	-1.0000000000007285	1.0000000000007285	-1.0	1.0000000000003642	-1.0000000000003642
96	Clostridium_innocuum_I46	Heme-e0	Microbe	-0.9999999999999988	0.9999999999999988	-1.0	0.9999999999999993	-0.9999999999999993
104	Limosilactobacillus_reuteri_I49	Heme-e0	Microbe	-0.9999999999998909	0.9999999999998909	-1.0	0.9999999999999454	-0.9999999999999454
