	Source	Target	SourceType	Weight	ABS_Weight	Sign_Weight	ABSRootWeight	SignedRootWeight
15	PAN	Blautia_coccoides_YL58	Metabolite	96.79614651748469	96.79614651748469	1.0	9.838503266121565	9.838503266121565
38	Blautia_coccoides_YL58	PAN	Microbe	-1.0000000000002	1.0000000000002	-1.0	1.0000000000001	-1.0000000000001
47	Muribaculum_intestinale_YL27	PAN	Microbe	-0.9999999999999498	0.9999999999999498	-1.0	0.9999999999999749	-0.9999999999999749
105	PAN	Muribaculum_intestinale_YL27	Metabolite	126.68907411690726	126.68907411690726	1.0	11.255624110501703	11.255624110501703
