	Source	Target	SourceType	Weight	ABS_Weight	Sign_Weight	ABSRootWeight	SignedRootWeight
2	bc1010	D-Glucose	Microbe	-0.5655422262276018	0.5655422262276018	-1.0	0.7520254159452336	-0.7520254159452336
29	D-Glucose	bc1011	Metabolite	0.2701563170637754	0.2701563170637754	1.0	0.5197656366707744	0.5197656366707744
51	bc1011	O2	Microbe	-1.7682056028599495	1.7682056028599495	-1.0	1.3297389228190433	-1.3297389228190433
97	bc1010	O2	Microbe	-1.0000000000000022	1.0000000000000022	-1.0	1.000000000000001	-1.000000000000001
109	bc1011	D-Glucose	Microbe	-0.999999999999997	0.999999999999997	-1.0	0.9999999999999984	-0.9999999999999984
148	O2	bc1010	Metabolite	0.1525294697219451	0.1525294697219451	1.0	0.3905502140851354	0.3905502140851354
