	Source	Target	Weight	Metabolites	ABSWeight	SignWeight	ABSRootWeight	SignedRootWeight
bc1008->bc1012	bc1008	bc1012	-0.13087585242982785	D-Glucose.O2	0.13087585242982785	-1.0	0.3617676774254824	-0.3617676774254824
bc1010->bc1012	bc1010	bc1012	-0.09547176397716327	D-Glucose.O2	0.09547176397716327	-1.0	0.30898505461779746	-0.30898505461779746
bc1008->bc1010	bc1008	bc1010	-0.0034192590176268323	O2	0.0034192590176268323	-1.0	0.058474430460046654	-0.058474430460046654
bc1012->bc1010	bc1012	bc1010	-0.15252946972194514	O2	0.15252946972194514	-1.0	0.39055021408513546	-0.39055021408513546
bc1010->bc1008	bc1010	bc1008	-0.03249226046660573	D-Glucose	0.03249226046660573	-1.0	0.18025609689163286	-0.18025609689163286
bc1012->bc1008	bc1012	bc1008	-0.05745328811845334	D-Glucose	0.05745328811845334	-1.0	0.23969415536982402	-0.23969415536982402
