	Source	Target	SourceType	Weight	ABS_Weight	Sign_Weight	ABSRootWeight	SignedRootWeight
30	Flavonifractor_plautii_YL31	PAN	Microbe	-0.9999999999573375	0.9999999999573375	-1.0	0.9999999999786687	-0.9999999999786687
41	Flavonifractor_plautii_YL31	Riboflavin	Microbe	-1.0000000000003273	1.0000000000003273	-1.0	1.0000000000001636	-1.0000000000001636
69	Enterocloster_clostridioformis_YL32	PAN	Microbe	-1.000000000000266	1.000000000000266	-1.0	1.000000000000133	-1.000000000000133
80	Riboflavin	Flavonifractor_plautii_YL31	Metabolite	126.68907411678832	126.68907411678832	1.0	11.25562411049642	11.25562411049642
96	PAN	Enterocloster_clostridioformis_YL32	Metabolite	126.68907411984387	126.68907411984387	1.0	11.255624110632153	11.255624110632153
