	Source	Target	Metabolites	Weight	Variance	ABS_Weight	Sign_Weight	ABSRootWeight	SignedRootWeight
0	Blautia_coccoides_YL58	Bacteroides_caecimuris_I48	PAN	-3.7401833438751706	459.8496030022652	3.7401833438751706	-1.0	1.9339553624308836	-1.9339553624308836
1	Bacteroides_caecimuris_I48	Blautia_coccoides_YL58	PAN	-96.4487382220642	32.05346470212967	96.4487382220642	-1.0	9.820831849800921	-9.820831849800921
2	Blautia_coccoides_YL58	Bacteroides_caecimuris_I48	L-Asparagine-e0.D-Glucose-e0.Riboflavin.Spermidine-e0.O2-e0.L-Aspartate-e0	-0.919545396513679	241.4787042907509	0.919545396513679	-1.0	0.958929296931572	-0.958929296931572
3	Blautia_coccoides_YL58	Bacteroides_caecimuris_I48	Riboflavin	-122.49060883104686	512.3522502320876	122.49060883104686	-1.0	11.067547552689659	-11.067547552689659
