	Source	Target	SourceType	Weight	ABS_Weight	Sign_Weight	ABSRootWeight	SignedRootWeight
7	Riboflavin	Turicimonas_muris_YL45	Metabolite	126.68907411748705	126.68907411748705	1.0	11.255624110527458	11.255624110527458
24	Flavonifractor_plautii_YL31	Riboflavin	Microbe	-0.9999999999996236	0.9999999999996236	-1.0	0.9999999999998118	-0.9999999999998118
36	Turicimonas_muris_YL45	Riboflavin	Microbe	-1.000000000000344	1.000000000000344	-1.0	1.0000000000001719	-1.0000000000001719
67	Riboflavin	Flavonifractor_plautii_YL31	Metabolite	126.68907411725968	126.68907411725968	1.0	11.255624110517358	11.255624110517358
