	Source	Target	SourceType	Weight	ABS_Weight	Sign_Weight	ABSRootWeight	SignedRootWeight
60	Riboflavin-e0	Enterococcus_faecalis_KB1	Metabolite	96.79614652704431	96.79614652704431	1.0	9.838503266607391	9.838503266607391
64	Enterococcus_faecalis_KB1	Riboflavin-e0	Microbe	-1.0000000000001248	1.0000000000001248	-1.0	1.0000000000000624	-1.0000000000000624
68	Acutalibacter_muris_KB1	Pyridoxal	Microbe	-0.9999999999990588	0.9999999999990588	-1.0	0.9999999999995294	-0.9999999999995294
81	Pyridoxal	Acutalibacter_muris_KB1	Metabolite	193.59229303344998	193.59229303344998	1.0	13.913744752346508	13.913744752346508
86	Enterococcus_faecalis_KB1	Pyridoxal	Microbe	-0.5000000000542565	0.5000000000542565	-1.0	0.7071067812249127	-0.7071067812249127
