	Source	Target	Weight	Metabolites	ABSWeight	SignWeight	ABSRootWeight	SignedRootWeight
bc1001->bc1010	bc1001	bc1010	-0.2697048295392183	D-Glucose	0.2697048295392183	-1.0	0.519331136693361	-0.519331136693361
bc1009->bc1010	bc1009	bc1010	-0.269704829539219	D-Glucose	0.269704829539219	-1.0	0.5193311366933615	-0.5193311366933615
bc1009->bc1001	bc1009	bc1001	-0.2776836497087041	D-Glucose	0.2776836497087041	-1.0	0.5269569714015596	-0.5269569714015596
bc1010->bc1001	bc1010	bc1001	-0.27768364970870413	D-Glucose	0.27768364970870413	-1.0	0.5269569714015596	-0.5269569714015596
bc1001->bc1009	bc1001	bc1009	-0.2506100372456258	D-Glucose	0.2506100372456258	-1.0	0.5006096655535386	-0.5006096655535386
bc1010->bc1009	bc1010	bc1009	-0.25061003724562647	D-Glucose	0.25061003724562647	-1.0	0.5006096655535393	-0.5006096655535393
