	Source	Target	SourceType	Weight	ABS_Weight	Sign_Weight	ABSRootWeight	SignedRootWeight
9	Riboflavin	Turicimonas_muris_YL45	Metabolite	126.68907411710445	126.68907411710445	1.0	11.255624110510464	11.255624110510464
51	Clostridium_innocuum_I46	Riboflavin	Microbe	-1.0000000000000333	1.0000000000000333	-1.0	1.0000000000000167	-1.0000000000000167
55	Turicimonas_muris_YL45	Riboflavin	Microbe	-1.000000000000011	1.000000000000011	-1.0	1.0000000000000056	-1.0000000000000056
82	Riboflavin	Clostridium_innocuum_I46	Metabolite	126.68907411794655	126.68907411794655	1.0	11.25562411054787	11.25562411054787
