	Source	Target	SourceType	Weight	ABS_Weight	Sign_Weight	ABSRootWeight	SignedRootWeight
43	Flavonifractor_plautii_YL31	Riboflavin	Microbe	-1.0000000000000226	1.0000000000000226	-1.0	1.0000000000000113	-1.0000000000000113
64	Riboflavin-e0	Enterococcus_faecalis_KB1	Metabolite	96.79614652307963	96.79614652307963	1.0	9.838503266405903	9.838503266405903
70	Enterococcus_faecalis_KB1	Riboflavin-e0	Microbe	-0.9999999999998264	0.9999999999998264	-1.0	0.9999999999999132	-0.9999999999999132
88	Riboflavin	Flavonifractor_plautii_YL31	Metabolite	126.68907411792961	126.68907411792961	1.0	11.255624110547119	11.255624110547119
