	Source	Target	SourceType	Weight	ABS_Weight	Sign_Weight	ABSRootWeight	SignedRootWeight
45	Clostridium_innocuum_I46	Riboflavin	Microbe	-1.0000000000000073	1.0000000000000073	-1.0	1.0000000000000036	-1.0000000000000036
66	Clostridium_innocuum_I46	PAN	Microbe	-1.0000000000084859	1.0000000000084859	-1.0	1.0000000000042428	-1.0000000000042428
71	Bacteroides_caecimuris_I48	Riboflavin	Microbe	-1.0000000000000016	1.0000000000000016	-1.0	1.0000000000000007	-1.0000000000000007
81	Riboflavin	Clostridium_innocuum_I46	Metabolite	126.68907411867438	126.68907411867438	1.0	11.255624110580204	11.255624110580204
83	PAN	Bacteroides_caecimuris_I48	Metabolite	126.68907411638683	126.68907411638683	1.0	11.255624110478585	11.255624110478585
90	Bacteroides_caecimuris_I48	PAN	Microbe	-1.0000000000000597	1.0000000000000597	-1.0	1.0000000000000298	-1.0000000000000298
