	Source	Target	SourceType	Weight	ABS_Weight	Sign_Weight	ABSRootWeight	SignedRootWeight
17	Clostridium_innocuum_I46	N-Acetyl-D-glucosamine-e0	Microbe	-1.0000000000000093	1.0000000000000093	-1.0	1.0000000000000047	-1.0000000000000047
37	N-Acetyl-D-glucosamine-e0	Clostridium_innocuum_I46	Metabolite	18.11734065462831	18.11734065462831	1.0	4.2564469519340085	4.2564469519340085
43	Flavonifractor_plautii_YL31	Riboflavin	Microbe	-1.0000000000000235	1.0000000000000235	-1.0	1.0000000000000118	-1.0000000000000118
51	Clostridium_innocuum_I46	Riboflavin	Microbe	-1.0000000000000004	1.0000000000000004	-1.0	1.0000000000000002	-1.0000000000000002
88	Riboflavin	Flavonifractor_plautii_YL31	Metabolite	126.68907411821378	126.68907411821378	1.0	11.255624110559742	11.255624110559742
