	Source	Target	SourceType	Weight	ABS_Weight	Sign_Weight	ABSRootWeight	SignedRootWeight
46	Flavonifractor_plautii_YL31	Riboflavin	Microbe	-0.9999999999996857	0.9999999999996857	-1.0	0.9999999999998428	-0.9999999999998428
51	Akkermansia_muciniphilaYL44	Riboflavin	Microbe	-0.9999999999999917	0.9999999999999917	-1.0	0.9999999999999958	-0.9999999999999958
90	Riboflavin	Flavonifractor_plautii_YL31	Metabolite	126.68907411781107	126.68907411781107	1.0	11.255624110541852	11.255624110541852
103	Riboflavin	Akkermansia_muciniphilaYL44	Metabolite	126.68907411814851	126.68907411814851	1.0	11.255624110556843	11.255624110556843
