	Source	Target	SourceType	Weight	ABS_Weight	Sign_Weight	ABSRootWeight	SignedRootWeight
15	bc1001	D-Glucose	Microbe	-1.0000000000000715	1.0000000000000715	-1.0	1.0000000000000357	-1.0000000000000357
17	bc1016	D-Glucose	Microbe	-1.000000000000001	1.000000000000001	-1.0	1.0000000000000004	-1.0000000000000004
35	D-Glucose	bc1001	Metabolite	3.129414983306612	3.129414983306612	1.0	1.7690152580762586	1.7690152580762586
97	bc1001	O2	Microbe	-0.9999999999999835	0.9999999999999835	-1.0	0.9999999999999917	-0.9999999999999917
100	bc1016	O2	Microbe	-0.022417038486068692	0.022417038486068692	-1.0	0.149723206237606	-0.149723206237606
113	O2	bc1001	Metabolite	-1.5647074916531674	1.5647074916531674	-1.0	1.2508826850081376	-1.2508826850081376
154	D-Glucose	bc1016	Metabolite	0.05745328770557882	0.05745328770557882	1.0	0.23969415450857123	0.23969415450857123
