	Source	Target	SourceType	Weight	ABS_Weight	Sign_Weight	ABSRootWeight	SignedRootWeight
17	PAN	Blautia_coccoides_YL58	Metabolite	96.79614651622637	96.79614651622637	1.0	9.838503266057616	9.838503266057616
39	Blautia_coccoides_YL58	PAN	Microbe	-1.0000000000001303	1.0000000000001303	-1.0	1.000000000000065	-1.000000000000065
71	Enterocloster_clostridioformis_YL32	PAN	Microbe	-1.0000000000000453	1.0000000000000453	-1.0	1.0000000000000226	-1.0000000000000226
99	PAN	Enterocloster_clostridioformis_YL32	Metabolite	126.68907411561082	126.68907411561082	1.0	11.255624110444113	11.255624110444113
