	Source	Target	Weight	Metabolites	ABSWeight	SignWeight	ABSRootWeight	SignedRootWeight
bc1015->bc1002	bc1015	bc1002	-0.15290050085943943	O2	0.15290050085943943	-1.0	0.3910249363652393	-0.3910249363652393
bc1002->bc1015	bc1002	bc1015	-0.1532485362975267	O2	0.1532485362975267	-1.0	0.3914697131292875	-0.3914697131292875
