	Source	Target	Weight	Metabolites	ABSWeight	SignWeight	ABSRootWeight	SignedRootWeight
bc1001->bc1002	bc1001	bc1002	-0.15290050085943938	O2	0.15290050085943938	-1.0	0.3910249363652392	-0.3910249363652392
bc1002->bc1001	bc1002	bc1001	-0.15236136794857927	O2	0.15236136794857927	-1.0	0.3903349432840714	-0.3903349432840714
