	Source	Target	SourceType	Weight	Variance	ABS_Weight	Sign_Weight	ABSRootWeight	SignedRootWeight
1	Turicimonas_muris_YL45	Pyridoxal	Microbe	-0.9360669005678752	0.027879108513168927	0.9360669005678752	-1.0	0.9675055041537879	-0.9675055041537879
5	Riboflavin	Turicimonas_muris_YL45	Metabolite	16.19925034485261	1789.8523158499934	16.19925034485261	1.0	4.024829231762835	4.024829231762835
14	Acutalibacter_muris_KB1	Riboflavin	Microbe	2.4292613645480405	1.675538056698311e-23	2.4292613645480405	1.0	1.55860879137391	1.55860879137391
33	Turicimonas_muris_YL45	Riboflavin	Microbe	-1.8721338011476083	0.11151643405402513	1.8721338011476083	-1.0	1.3682594056492388	-1.3682594056492388
55	Acutalibacter_muris_KB1	Pyridoxal	Microbe	-0.9999999999992799	1.2173956635855326e-24	0.9999999999992799	-1.0	0.99999999999964	-0.99999999999964
62	Pyridoxal	Acutalibacter_muris_KB1	Metabolite	193.59229303354704	5.721404865746299e-20	193.59229303354704	1.0	13.913744752349995	13.913744752349995
99	Pyridoxal	Turicimonas_muris_YL45	Metabolite	220.9796475464847	7159.409263491232	220.9796475464847	1.0	14.865384204469278	14.865384204469278
