	Source	Target	SourceType	Weight	ABS_Weight	Sign_Weight	ABSRootWeight	SignedRootWeight
3	Riboflavin	Bifidobacterium_animalis_YL2	Metabolite	96.79614651725348	96.79614651725348	1.0	9.838503266109814	9.838503266109814
37	Flavonifractor_plautii_YL31	Riboflavin	Microbe	-1.0000000000000235	1.0000000000000235	-1.0	1.0000000000000118	-1.0000000000000118
90	Bifidobacterium_animalis_YL2	Riboflavin	Microbe	-1.0000000000001383	1.0000000000001383	-1.0	1.000000000000069	-1.000000000000069
91	Riboflavin	Flavonifractor_plautii_YL31	Metabolite	126.68907411861277	126.68907411861277	1.0	11.255624110577466	11.255624110577466
