	Source	Target	SourceType	Weight	ABS_Weight	Sign_Weight	ABSRootWeight	SignedRootWeight
36	Enterocloster_clostridioformis_YL32	PAN	Microbe	-0.9999999999999695	0.9999999999999695	-1.0	0.9999999999999847	-0.9999999999999847
43	PAN	Enterocloster_clostridioformis_YL32	Metabolite	126.68907411979897	126.68907411979897	1.0	11.25562411063016	11.25562411063016
