	Source	Target	SourceType	Weight	ABS_Weight	Sign_Weight	ABSRootWeight	SignedRootWeight
7	Riboflavin	Turicimonas_muris_YL45	Metabolite	126.68907411760752	126.68907411760752	1.0	11.25562411053281	11.25562411053281
25	Muribaculum_intestinale_YL27	Riboflavin	Microbe	-0.9999999999999976	0.9999999999999976	-1.0	0.9999999999999988	-0.9999999999999988
52	Turicimonas_muris_YL45	Riboflavin	Microbe	-1.0000000000012945	1.0000000000012945	-1.0	1.0000000000006473	-1.0000000000006473
62	Riboflavin	Muribaculum_intestinale_YL27	Metabolite	126.68907411676275	126.68907411676275	1.0	11.255624110495283	11.255624110495283
