	Source	Target	SourceType	Weight	ABS_Weight	Sign_Weight	ABSRootWeight	SignedRootWeight
6	Riboflavin	Turicimonas_muris_YL45	Metabolite	126.68907411739079	126.68907411739079	1.0	11.255624110523183	11.255624110523183
24	Muribaculum_intestinale_YL27	Riboflavin	Microbe	-1.0000000000000266	1.0000000000000266	-1.0	1.0000000000000133	-1.0000000000000133
51	Turicimonas_muris_YL45	Riboflavin	Microbe	-0.9999999999997204	0.9999999999997204	-1.0	0.9999999999998602	-0.9999999999998602
60	Riboflavin	Muribaculum_intestinale_YL27	Metabolite	126.68907411708793	126.68907411708793	1.0	11.255624110509729	11.255624110509729
