	Source	Target	SourceType	Weight	ABS_Weight	Sign_Weight	ABSRootWeight	SignedRootWeight
30	PAN	Clostridium_innocuum_I46	Metabolite	126.6890741167646	126.6890741167646	1.0	11.255624110495367	11.255624110495367
32	PAN	Limosilactobacillus_reuteri_I49	Metabolite	96.79614651655837	96.79614651655837	1.0	9.838503266074488	9.838503266074488
60	Limosilactobacillus_reuteri_I49	PAN	Microbe	-0.9999999999999823	0.9999999999999823	-1.0	0.9999999999999911	-0.9999999999999911
82	Clostridium_innocuum_I46	PAN	Microbe	-1.0000000000002114	1.0000000000002114	-1.0	1.0000000000001057	-1.0000000000001057
