	Source	Target	SourceType	Weight	ABS_Weight	Sign_Weight	ABSRootWeight	SignedRootWeight
4	Riboflavin	Bifidobacterium_animalis_YL2	Metabolite	96.79614651727186	96.79614651727186	1.0	9.838503266110749	9.838503266110749
7	Riboflavin	Turicimonas_muris_YL45	Metabolite	126.68907411755632	126.68907411755632	1.0	11.255624110530535	11.255624110530535
50	Turicimonas_muris_YL45	Riboflavin	Microbe	-1.0000000000002742	1.0000000000002742	-1.0	1.000000000000137	-1.000000000000137
82	Bifidobacterium_animalis_YL2	Riboflavin	Microbe	-1.0000000000001597	1.0000000000001597	-1.0	1.0000000000000797	-1.0000000000000797
