	Source	Target	SourceType	Weight	ABS_Weight	Sign_Weight	ABSRootWeight	SignedRootWeight
1	Folate	Muribaculum_intestinale_YL27	Metabolite	-3.1363295671645353	3.1363295671645353	-1.0	1.7709685392927044	-1.7709685392927044
17	Clostridium_innocuum_I46	N-Acetyl-D-glucosamine-e0	Microbe	-0.9999999999999447	0.9999999999999447	-1.0	0.9999999999999724	-0.9999999999999724
24	D-Ribose-e0	Muribaculum_intestinale_YL27	Metabolite	3.1363295671627256	3.1363295671627256	1.0	1.7709685392921934	1.7709685392921934
34	N-Acetyl-D-glucosamine-e0	Clostridium_innocuum_I46	Metabolite	18.117340654778744	18.117340654778744	1.0	4.25644695195168	4.25644695195168
68	Muribaculum_intestinale_YL27	Folate	Microbe	-0.9999999999999957	0.9999999999999957	-1.0	0.9999999999999978	-0.9999999999999978
83	Muribaculum_intestinale_YL27	D-Ribose-e0	Microbe	-0.9999999999999996	0.9999999999999996	-1.0	0.9999999999999998	-0.9999999999999998
100	Clostridium_innocuum_I46	D-Ribose-e0	Microbe	-7.512117693053306	7.512117693053306	-1.0	2.740824272559864	-2.740824272559864
