	Source	Target	SourceType	Weight	ABS_Weight	Sign_Weight	ABSRootWeight	SignedRootWeight
23	Muribaculum_intestinale_YL27	Riboflavin	Microbe	-0.9999999999999533	0.9999999999999533	-1.0	0.9999999999999766	-0.9999999999999766
42	Muribaculum_intestinale_YL27	PAN	Microbe	-1.0000000000011675	1.0000000000011675	-1.0	1.0000000000005838	-1.0000000000005838
60	Riboflavin	Muribaculum_intestinale_YL27	Metabolite	126.68907411708045	126.68907411708045	1.0	11.255624110509396	11.255624110509396
73	Enterocloster_clostridioformis_YL32	PAN	Microbe	-0.9999999999999506	0.9999999999999506	-1.0	0.9999999999999752	-0.9999999999999752
99	PAN	Enterocloster_clostridioformis_YL32	Metabolite	126.68907411980524	126.68907411980524	1.0	11.255624110630437	11.255624110630437
