	Source	Target	SourceType	Weight	ABS_Weight	Sign_Weight	ABSRootWeight	SignedRootWeight
18	PAN	Clostridium_innocuum_I46	Metabolite	126.68907411978684	126.68907411978684	1.0	11.25562411062962	11.25562411062962
42	Muribaculum_intestinale_YL27	PAN	Microbe	-1.0000000000000815	1.0000000000000815	-1.0	1.0000000000000406	-1.0000000000000406
61	Clostridium_innocuum_I46	PAN	Microbe	-1.0000000000002869	1.0000000000002869	-1.0	1.0000000000001434	-1.0000000000001434
95	PAN	Muribaculum_intestinale_YL27	Metabolite	126.68907411844015	126.68907411844015	1.0	11.255624110569798	11.255624110569798
