	MetConSIN	DirectDFBA	Difference	ABS_Difference	SameSign
bc1015##H2O	3.5025058048501845	-1e-08	3.5025058148501844	3.5025058148501844	-1.0
bc1015##CO2	2.011663656818881	-1e-08	2.011663666818881	2.011663666818881	-1.0
bc1016##H+	2.4287077039340965	-1e-08	2.4287077139340965	2.4287077139340965	-1.0
