	Source	Target	SourceType	Weight	ABS_Weight	Sign_Weight	ABSRootWeight	SignedRootWeight
10	Clostridium_innocuum_I46	N-Acetyl-D-glucosamine-e0	Microbe	-0.9999999999999991	0.9999999999999991	-1.0	0.9999999999999996	-0.9999999999999996
30	N-Acetyl-D-glucosamine-e0	Clostridium_innocuum_I46	Metabolite	18.11734065470136	18.11734065470136	1.0	4.256446951942589	4.256446951942589
66	Clostridium_innocuum_I46	PAN	Microbe	-0.14300633879350763	0.14300633879350763	-1.0	0.37816178917694426	-0.37816178917694426
82	PAN	Bacteroides_caecimuris_I48	Metabolite	126.68907411634663	126.68907411634663	1.0	11.255624110476798	11.255624110476798
88	Bacteroides_caecimuris_I48	PAN	Microbe	-0.9999999999998748	0.9999999999998748	-1.0	0.9999999999999374	-0.9999999999999374
