	Source	Target	SourceType	Weight	ABS_Weight	Sign_Weight	ABSRootWeight	SignedRootWeight
4	Riboflavin	Bifidobacterium_animalis_YL2	Metabolite	96.79614651722424	96.79614651722424	1.0	9.838503266108328	9.838503266108328
13	PAN	Blautia_coccoides_YL58	Metabolite	96.79614652181242	96.79614652181242	1.0	9.838503266341503	9.838503266341503
33	Blautia_coccoides_YL58	PAN	Microbe	-0.9999999999999337	0.9999999999999337	-1.0	0.9999999999999668	-0.9999999999999668
47	Blautia_coccoides_YL58	Riboflavin	Microbe	-1.000000000000001	1.000000000000001	-1.0	1.0000000000000004	-1.0000000000000004
66	Bifidobacterium_animalis_YL2	PAN	Microbe	-1.000000000001697	1.000000000001697	-1.0	1.0000000000008484	-1.0000000000008484
75	Bifidobacterium_animalis_YL2	Riboflavin	Microbe	-0.9999999999998503	0.9999999999998503	-1.0	0.9999999999999252	-0.9999999999999252
