	Source	Target	SourceType	Weight	ABS_Weight	Sign_Weight	ABSRootWeight	SignedRootWeight
9	Riboflavin	Muribaculum_intestinale_YL27	Metabolite	126.68907411875298	126.68907411875298	1.0	11.255624110583694	11.255624110583694
44	Muribaculum_intestinale_YL27	Riboflavin	Microbe	-0.9999999999996728	0.9999999999996728	-1.0	0.9999999999998364	-0.9999999999998364
