	Source	Target	SourceType	Weight	ABS_Weight	Sign_Weight	ABSRootWeight	SignedRootWeight
19	Enterococcus_faecalis_KB1	PAN	Microbe	-1.0000000002662406	1.0000000002662406	-1.0	1.0000000001331202	-1.0000000001331202
25	PAN	Clostridium_innocuum_I46	Metabolite	126.68907411693637	126.68907411693637	1.0	11.255624110502996	11.255624110502996
59	Clostridium_innocuum_I46	PAN	Microbe	-1.0000000000000884	1.0000000000000884	-1.0	1.0000000000000442	-1.0000000000000442
63	Riboflavin-e0	Enterococcus_faecalis_KB1	Metabolite	96.79614654253693	96.79614654253693	1.0	9.838503267394739	9.838503267394739
67	Enterococcus_faecalis_KB1	Riboflavin-e0	Microbe	-0.9999999999997807	0.9999999999997807	-1.0	0.9999999999998903	-0.9999999999998903
