	Source	Target	SourceType	Weight	ABS_Weight	Sign_Weight	ABSRootWeight	SignedRootWeight
19	Clostridium_innocuum_I46	PAN	Microbe	-0.999999999999964	0.999999999999964	-1.0	0.999999999999982	-0.999999999999982
34	PAN	Clostridium_innocuum_I46	Metabolite	126.68907411733824	126.68907411733824	1.0	11.255624110520849	11.255624110520849
