	Source	Target	SourceType	Weight	ABS_Weight	Sign_Weight	ABSRootWeight	SignedRootWeight
18	PAN	Blautia_coccoides_YL58	Metabolite	96.79614652122343	96.79614652122343	1.0	9.83850326631157	9.83850326631157
45	Blautia_coccoides_YL58	PAN	Microbe	-1.0000000000000862	1.0000000000000862	-1.0	1.000000000000043	-1.000000000000043
54	Clostridium_innocuum_I46	Riboflavin	Microbe	-0.9999999999999337	0.9999999999999337	-1.0	0.9999999999999668	-0.9999999999999668
57	Blautia_coccoides_YL58	Riboflavin	Microbe	-1.0	1.0	-1.0	1.0	-1.0
70	Clostridium_innocuum_I46	PAN	Microbe	-1.0000000000097786	1.0000000000097786	-1.0	1.0000000000048892	-1.0000000000048892
82	Riboflavin	Clostridium_innocuum_I46	Metabolite	126.68907411878885	126.68907411878885	1.0	11.255624110585288	11.255624110585288
