	Source	Target	SourceType	Weight	ABS_Weight	Sign_Weight	ABSRootWeight	SignedRootWeight
20	Enterococcus_faecalis_KB1	PAN	Microbe	-1.0000000001376175	1.0000000001376175	-1.0	1.0000000000688087	-1.0000000000688087
26	PAN	Clostridium_innocuum_I46	Metabolite	126.68907411899046	126.68907411899046	1.0	11.255624110594244	11.255624110594244
61	Clostridium_innocuum_I46	PAN	Microbe	-0.9999999999999912	0.9999999999999912	-1.0	0.9999999999999956	-0.9999999999999956
66	Riboflavin-e0	Enterococcus_faecalis_KB1	Metabolite	96.79614653301091	96.79614653301091	1.0	9.83850326691062	9.83850326691062
70	Enterococcus_faecalis_KB1	Riboflavin-e0	Microbe	-0.9999999999999919	0.9999999999999919	-1.0	0.9999999999999959	-0.9999999999999959
