	Source	Target	SourceType	Weight	ABS_Weight	Sign_Weight	ABSRootWeight	SignedRootWeight
30	Flavonifractor_plautii_YL31	PAN	Microbe	-0.9999999999810536	0.9999999999810536	-1.0	0.9999999999905268	-0.9999999999905268
41	Flavonifractor_plautii_YL31	Riboflavin	Microbe	-1.0000000000000666	1.0000000000000666	-1.0	1.0000000000000333	-1.0000000000000333
69	Enterocloster_clostridioformis_YL32	PAN	Microbe	-1.000000000000266	1.000000000000266	-1.0	1.000000000000133	-1.000000000000133
80	Riboflavin	Flavonifractor_plautii_YL31	Metabolite	126.68907411785811	126.68907411785811	1.0	11.255624110543943	11.255624110543943
96	PAN	Enterocloster_clostridioformis_YL32	Metabolite	126.68907411984387	126.68907411984387	1.0	11.255624110632153	11.255624110632153
