	Source	Target	SourceType	Weight	ABS_Weight	Sign_Weight	ABSRootWeight	SignedRootWeight
26	Muribaculum_intestinale_YL27	PAN	Microbe	-1.0000000000001044	1.0000000000001044	-1.0	1.0000000000000522	-1.0000000000000522
36	PAN	Muribaculum_intestinale_YL27	Metabolite	126.68907411838646	126.68907411838646	1.0	11.255624110567412	11.255624110567412
