	Source	Target	SourceType	Weight	ABS_Weight	Sign_Weight	ABSRootWeight	SignedRootWeight
22	Clostridium_innocuum_I46	PAN	Microbe	-0.9999999999996889	0.9999999999996889	-1.0	0.9999999999998445	-0.9999999999998445
38	PAN	Clostridium_innocuum_I46	Metabolite	126.68907411752537	126.68907411752537	1.0	11.25562411052916	11.25562411052916
