	Source	Target	SourceType	Weight	ABS_Weight	Sign_Weight	ABSRootWeight	SignedRootWeight
28	PAN	Clostridium_innocuum_I46	Metabolite	126.6890741165122	126.6890741165122	1.0	11.255624110484154	11.255624110484154
30	PAN	Limosilactobacillus_reuteri_I49	Metabolite	96.79614651571939	96.79614651571939	1.0	9.83850326603185	9.83850326603185
58	Limosilactobacillus_reuteri_I49	PAN	Microbe	-1.0000000000000202	1.0000000000000202	-1.0	1.00000000000001	-1.00000000000001
80	Clostridium_innocuum_I46	PAN	Microbe	-1.0000000000000244	1.0000000000000244	-1.0	1.0000000000000122	-1.0000000000000122
