	Source	Target	SourceType	Weight	ABS_Weight	Sign_Weight	ABSRootWeight	SignedRootWeight
29	Flavonifractor_plautii_YL31	PAN	Microbe	-0.9999999999911208	0.9999999999911208	-1.0	0.9999999999955603	-0.9999999999955603
40	Flavonifractor_plautii_YL31	Riboflavin	Microbe	-1.000000000000181	1.000000000000181	-1.0	1.0000000000000904	-1.0000000000000904
68	Enterocloster_clostridioformis_YL32	PAN	Microbe	-1.000000000000266	1.000000000000266	-1.0	1.000000000000133	-1.000000000000133
79	Riboflavin	Flavonifractor_plautii_YL31	Metabolite	126.68907411823184	126.68907411823184	1.0	11.255624110560545	11.255624110560545
95	PAN	Enterocloster_clostridioformis_YL32	Metabolite	126.68907411984387	126.68907411984387	1.0	11.255624110632153	11.255624110632153
