	Source	Target	SourceType	Weight	ABS_Weight	Sign_Weight	ABSRootWeight	SignedRootWeight
30	Flavonifractor_plautii_YL31	PAN	Microbe	-0.9999999999431533	0.9999999999431533	-1.0	0.9999999999715766	-0.9999999999715766
41	Flavonifractor_plautii_YL31	Riboflavin	Microbe	-1.000000000000106	1.000000000000106	-1.0	1.0000000000000528	-1.0000000000000528
67	Enterocloster_clostridioformis_YL32	PAN	Microbe	-1.000000000000266	1.000000000000266	-1.0	1.000000000000133	-1.000000000000133
78	Riboflavin	Flavonifractor_plautii_YL31	Metabolite	126.68907411355886	126.68907411355886	1.0	11.25562411035296	11.25562411035296
94	PAN	Enterocloster_clostridioformis_YL32	Metabolite	126.68907411984387	126.68907411984387	1.0	11.255624110632153	11.255624110632153
