	Source	Target	SourceType	Weight	ABS_Weight	Sign_Weight	ABSRootWeight	SignedRootWeight
2	bc1002	O2	Microbe	-1.0000000000000024	1.0000000000000024	-1.0	1.000000000000001	-1.000000000000001
47	O2	bc1011	Metabolite	0.15278557913560206	0.15278557913560206	1.0	0.3908779593883519	0.3908779593883519
55	O2	bc1002	Metabolite	0.15290050085943943	0.15290050085943943	1.0	0.3910249363652393	0.3910249363652393
91	bc1003	O2	Microbe	-1.000000000000005	1.000000000000005	-1.0	1.0000000000000024	-1.0000000000000024
111	bc1011	O2	Microbe	-0.9999999999999967	0.9999999999999967	-1.0	0.9999999999999983	-0.9999999999999983
156	O2	bc1003	Metabolite	0.15297633046741732	0.15297633046741732	1.0	0.39112188697056743	0.39112188697056743
218	O2	bc1001	Metabolite	0.1523613679485789	0.1523613679485789	1.0	0.390334943284071	0.390334943284071
250	bc1001	O2	Microbe	-0.9999999999999996	0.9999999999999996	-1.0	0.9999999999999998	-0.9999999999999998
