	Source	Target	SourceType	Weight	ABS_Weight	Sign_Weight	ABSRootWeight	SignedRootWeight
3	Riboflavin	Bifidobacterium_animalis_YL2	Metabolite	96.7961465169459	96.7961465169459	1.0	9.838503266094182	9.838503266094182
38	Flavonifractor_plautii_YL31	Riboflavin	Microbe	-1.0000000000000222	1.0000000000000222	-1.0	1.000000000000011	-1.000000000000011
89	Bifidobacterium_animalis_YL2	Riboflavin	Microbe	-0.9999999999999777	0.9999999999999777	-1.0	0.9999999999999888	-0.9999999999999888
90	Riboflavin	Flavonifractor_plautii_YL31	Metabolite	126.68907411771963	126.68907411771963	1.0	11.25562411053779	11.25562411053779
