	Source	Target	SourceType	Weight	ABS_Weight	Sign_Weight	ABSRootWeight	SignedRootWeight
20	Clostridium_innocuum_I46	PAN	Microbe	-0.9999999999998648	0.9999999999998648	-1.0	0.9999999999999324	-0.9999999999999324
37	PAN	Clostridium_innocuum_I46	Metabolite	126.68907411916982	126.68907411916982	1.0	11.255624110602211	11.255624110602211
