	Source	Target	SourceType	Weight	ABS_Weight	Sign_Weight	ABSRootWeight	SignedRootWeight
12	Enterococcus_faecalis_KB1	PAN	Microbe	-1.000000000057351	1.000000000057351	-1.0	1.0000000000286755	-1.0000000000286755
60	Riboflavin-e0	Enterococcus_faecalis_KB1	Metabolite	96.79614652206305	96.79614652206305	1.0	9.838503266354241	9.838503266354241
67	Enterococcus_faecalis_KB1	Riboflavin-e0	Microbe	-0.9999999999999089	0.9999999999999089	-1.0	0.9999999999999544	-0.9999999999999544
76	PAN	Bacteroides_caecimuris_I48	Metabolite	126.68907411667047	126.68907411667047	1.0	11.255624110491185	11.255624110491185
85	Bacteroides_caecimuris_I48	PAN	Microbe	-0.9999999999999779	0.9999999999999779	-1.0	0.9999999999999889	-0.9999999999999889
