	Source	Target	SourceType	Weight	ABS_Weight	Sign_Weight	ABSRootWeight	SignedRootWeight
20	Flavonifractor_plautii_YL31	PAN	Microbe	-0.9999999999527589	0.9999999999527589	-1.0	0.9999999999763795	-0.9999999999763795
34	Flavonifractor_plautii_YL31	Riboflavin	Microbe	-0.999999999999854	0.999999999999854	-1.0	0.999999999999927	-0.999999999999927
64	Bacteroides_caecimuris_I48	Riboflavin	Microbe	-0.9999999999999994	0.9999999999999994	-1.0	0.9999999999999997	-0.9999999999999997
75	PAN	Bacteroides_caecimuris_I48	Metabolite	126.6890741164663	126.6890741164663	1.0	11.255624110482115	11.255624110482115
81	Riboflavin	Flavonifractor_plautii_YL31	Metabolite	126.68907411761099	126.68907411761099	1.0	11.255624110532965	11.255624110532965
83	Bacteroides_caecimuris_I48	PAN	Microbe	-0.9999999999999991	0.9999999999999991	-1.0	0.9999999999999996	-0.9999999999999996
