	Source	Target	SourceType	Weight	ABS_Weight	Sign_Weight	ABSRootWeight	SignedRootWeight
43	Flavonifractor_plautii_YL31	Riboflavin	Microbe	-0.9999999999998995	0.9999999999998995	-1.0	0.9999999999999497	-0.9999999999999497
48	Akkermansia_muciniphilaYL44	Riboflavin	Microbe	-1.000000000000158	1.000000000000158	-1.0	1.000000000000079	-1.000000000000079
82	Riboflavin	Flavonifractor_plautii_YL31	Metabolite	126.68907411860741	126.68907411860741	1.0	11.255624110577228	11.255624110577228
93	Riboflavin	Akkermansia_muciniphilaYL44	Metabolite	126.68907411820415	126.68907411820415	1.0	11.255624110559314	11.255624110559314
