	Source	Target	SourceType	Weight	ABS_Weight	Sign_Weight	ABSRootWeight	SignedRootWeight
31	Akkermansia_muciniphilaYL44	Riboflavin	Microbe	-0.9999999999999467	0.9999999999999467	-1.0	0.9999999999999734	-0.9999999999999734
34	Riboflavin	Akkermansia_muciniphilaYL44	Metabolite	126.68907411782392	126.68907411782392	1.0	11.255624110542424	11.255624110542424
