	Source	Target	SourceType	Weight	ABS_Weight	Sign_Weight	ABSRootWeight	SignedRootWeight
46	Akkermansia_muciniphilaYL44	Riboflavin	Microbe	-1.0000000000003786	1.0000000000003786	-1.0	1.0000000000001892	-1.0000000000001892
47	Clostridium_innocuum_I46	Riboflavin	Microbe	-1.000000000000016	1.000000000000016	-1.0	1.000000000000008	-1.000000000000008
71	Riboflavin	Clostridium_innocuum_I46	Metabolite	126.68907411862452	126.68907411862452	1.0	11.255624110577989	11.255624110577989
86	Riboflavin	Akkermansia_muciniphilaYL44	Metabolite	126.68907411780633	126.68907411780633	1.0	11.255624110541643	11.255624110541643
