	Source	Target	SourceType	Weight	ABS_Weight	Sign_Weight	ABSRootWeight	SignedRootWeight
30	Akkermansia_muciniphilaYL44	PAN	Microbe	-1.0000000000112115	1.0000000000112115	-1.0	1.0000000000056057	-1.0000000000056057
38	Akkermansia_muciniphilaYL44	Riboflavin	Microbe	-1.0000000000004412	1.0000000000004412	-1.0	1.0000000000002205	-1.0000000000002205
59	Bacteroides_caecimuris_I48	Riboflavin	Microbe	-1.0000000000000007	1.0000000000000007	-1.0	1.0000000000000002	-1.0000000000000002
68	PAN	Bacteroides_caecimuris_I48	Metabolite	126.68907411883667	126.68907411883667	1.0	11.255624110587412	11.255624110587412
76	Bacteroides_caecimuris_I48	PAN	Microbe	-1.0000000000002163	1.0000000000002163	-1.0	1.0000000000001081	-1.0000000000001081
85	Riboflavin	Akkermansia_muciniphilaYL44	Metabolite	126.68907411864978	126.68907411864978	1.0	11.25562411057911	11.25562411057911
