	Source	Target	SourceType	Weight	ABS_Weight	Sign_Weight	ABSRootWeight	SignedRootWeight
29	Flavonifractor_plautii_YL31	PAN	Microbe	-0.9999999999783179	0.9999999999783179	-1.0	0.9999999999891589	-0.9999999999891589
40	Flavonifractor_plautii_YL31	Riboflavin	Microbe	-1.0000000000001938	1.0000000000001938	-1.0	1.0000000000000968	-1.0000000000000968
68	Enterocloster_clostridioformis_YL32	PAN	Microbe	-1.000000000000266	1.000000000000266	-1.0	1.000000000000133	-1.000000000000133
79	Riboflavin	Flavonifractor_plautii_YL31	Metabolite	126.68907412082201	126.68907412082201	1.0	11.255624110675605	11.255624110675605
95	PAN	Enterocloster_clostridioformis_YL32	Metabolite	126.68907411984387	126.68907411984387	1.0	11.255624110632153	11.255624110632153
