	Source	Target	SourceType	Weight	ABS_Weight	Sign_Weight	ABSRootWeight	SignedRootWeight
12	N-Acetyl-D-glucosamine-e0	Clostridium_innocuum_I46	Metabolite	18.117340654342296	18.117340654342296	1.0	4.2564469519004104	4.2564469519004104
34	Clostridium_innocuum_I46	N-Acetyl-D-glucosamine-e0	Microbe	-0.9999999999999828	0.9999999999999828	-1.0	0.9999999999999913	-0.9999999999999913
