	Source	Target	SourceType	Weight	ABS_Weight	Sign_Weight	ABSRootWeight	SignedRootWeight
6	Riboflavin	Turicimonas_muris_YL45	Metabolite	126.68907411739079	126.68907411739079	1.0	11.255624110523183	11.255624110523183
44	Akkermansia_muciniphilaYL44	Riboflavin	Microbe	-0.6666666666347999	0.6666666666347999	-1.0	0.8164965809082118	-0.8164965809082118
45	Folate	Akkermansia_muciniphilaYL44	Metabolite	84.45938274085937	84.45938274085937	1.0	9.190178602228542	9.190178602228542
50	Turicimonas_muris_YL45	Riboflavin	Microbe	-0.9999999999997204	0.9999999999997204	-1.0	0.9999999999998602	-0.9999999999998602
74	Akkermansia_muciniphilaYL44	Folate	Microbe	-0.9999999999998361	0.9999999999998361	-1.0	0.9999999999999181	-0.9999999999999181
83	Turicimonas_muris_YL45	Folate	Microbe	-0.9999999999999978	0.9999999999999978	-1.0	0.9999999999999989	-0.9999999999999989
