	Source	Target	SourceType	Weight	ABS_Weight	Sign_Weight	ABSRootWeight	SignedRootWeight
28	Flavonifractor_plautii_YL31	PAN	Microbe	-1.0000000000005633	1.0000000000005633	-1.0	1.0000000000002816	-1.0000000000002816
54	PAN	Flavonifractor_plautii_YL31	Metabolite	126.68907412166342	126.68907412166342	1.0	11.255624110712983	11.255624110712983
66	Enterocloster_clostridioformis_YL32	PAN	Microbe	-1.000000000000266	1.000000000000266	-1.0	1.000000000000133	-1.000000000000133
91	PAN	Enterocloster_clostridioformis_YL32	Metabolite	126.68907411984387	126.68907411984387	1.0	11.255624110632153	11.255624110632153
