	Source	Target	SourceType	Weight	ABS_Weight	Sign_Weight	ABSRootWeight	SignedRootWeight
2	Riboflavin	Bifidobacterium_animalis_YL2	Metabolite	96.79614651724023	96.79614651724023	1.0	9.838503266109141	9.838503266109141
12	Thiamine	Limosilactobacillus_reuteri_I49	Metabolite	135.56370855469524	135.56370855469524	1.0	11.643182921980365	11.643182921980365
28	Folate-e0	Limosilactobacillus_reuteri_I49	Metabolite	67.7818542773189	67.7818542773189	1.0	8.232973598725973	8.232973598725973
35	Limosilactobacillus_reuteri_I49	Folate-e0	Microbe	-0.9999999999999756	0.9999999999999756	-1.0	0.9999999999999878	-0.9999999999999878
43	Limosilactobacillus_reuteri_I49	Thiamine	Microbe	-1.0000000000000164	1.0000000000000164	-1.0	1.0000000000000082	-1.0000000000000082
59	Riboflavin	Limosilactobacillus_reuteri_I49	Metabolite	203.3455628321078	203.3455628321078	1.0	14.259928570371866	14.259928570371866
63	Limosilactobacillus_reuteri_I49	Riboflavin	Microbe	-0.9999999999995874	0.9999999999995874	-1.0	0.9999999999997937	-0.9999999999997937
96	Bifidobacterium_animalis_YL2	Riboflavin	Microbe	-0.9999999999999636	0.9999999999999636	-1.0	0.9999999999999818	-0.9999999999999818
