	Source	Target	SourceType	Weight	ABS_Weight	Sign_Weight	ABSRootWeight	SignedRootWeight
26	Muribaculum_intestinale_YL27	Riboflavin	Microbe	-1.0000000000000497	1.0000000000000497	-1.0	1.0000000000000249	-1.0000000000000249
45	Muribaculum_intestinale_YL27	PAN	Microbe	-1.0000000000138147	1.0000000000138147	-1.0	1.0000000000069074	-1.0000000000069074
62	Riboflavin	Muribaculum_intestinale_YL27	Metabolite	126.68907411958223	126.68907411958223	1.0	11.25562411062053	11.25562411062053
74	Enterocloster_clostridioformis_YL32	PAN	Microbe	-0.9999999999999506	0.9999999999999506	-1.0	0.9999999999999752	-0.9999999999999752
100	PAN	Enterocloster_clostridioformis_YL32	Metabolite	126.68907411980524	126.68907411980524	1.0	11.255624110630437	11.255624110630437
