	Source	Target	SourceType	Weight	Variance	ABS_Weight	Sign_Weight	ABSRootWeight	SignedRootWeight
2	Riboflavin	Bifidobacterium_animalis_YL2	Metabolite	96.79614651724023	0.0	96.79614651724023	1.0	9.838503266109141	9.838503266109141
51	Riboflavin-e0	Enterococcus_faecalis_KB1	Metabolite	96.79614652268093	4.2418663734564397e-20	96.79614652268093	1.0	9.838503266385642	9.838503266385642
56	Enterococcus_faecalis_KB1	Riboflavin-e0	Microbe	-0.9999999999999863	6.680172753024678e-28	0.9999999999999863	-1.0	0.9999999999999931	-0.9999999999999931
71	Bifidobacterium_animalis_YL2	Riboflavin	Microbe	-0.9999999999999636	0.0	0.9999999999999636	-1.0	0.9999999999999818	-0.9999999999999818
