	Source	Target	SourceType	Weight	ABS_Weight	Sign_Weight	ABSRootWeight	SignedRootWeight
21	PAN	Clostridium_innocuum_I46	Metabolite	126.68907411843433	126.68907411843433	1.0	11.255624110569538	11.255624110569538
31	Flavonifractor_plautii_YL31	PAN	Microbe	-1.0000000000035074	1.0000000000035074	-1.0	1.0000000000017537	-1.0000000000017537
41	Flavonifractor_plautii_YL31	Riboflavin	Microbe	-1.0000000000000708	1.0000000000000708	-1.0	1.0000000000000353	-1.0000000000000353
48	Clostridium_innocuum_I46	Riboflavin	Microbe	-0.9999999999999994	0.9999999999999994	-1.0	0.9999999999999997	-0.9999999999999997
63	Clostridium_innocuum_I46	PAN	Microbe	-0.9999999999999318	0.9999999999999318	-1.0	0.9999999999999659	-0.9999999999999659
87	Riboflavin	Flavonifractor_plautii_YL31	Metabolite	126.68907411732211	126.68907411732211	1.0	11.255624110520131	11.255624110520131
