	Source	Target	SourceType	Weight	ABS_Weight	Sign_Weight	ABSRootWeight	SignedRootWeight
25	Flavonifractor_plautii_YL31	PAN	Microbe	-0.6666666666441928	0.6666666666441928	-1.0	0.8164965809139637	-0.8164965809139637
39	Muribaculum_intestinale_YL27	PAN	Microbe	-0.9999999999999402	0.9999999999999402	-1.0	0.99999999999997	-0.99999999999997
55	Folate-e0	Flavonifractor_plautii_YL31	Metabolite	84.45938274126766	84.45938274126766	1.0	9.190178602250755	9.190178602250755
84	Flavonifractor_plautii_YL31	Folate-e0	Microbe	-0.9999999999997615	0.9999999999997615	-1.0	0.9999999999998808	-0.9999999999998808
98	PAN	Muribaculum_intestinale_YL27	Metabolite	126.68907411770347	126.68907411770347	1.0	11.255624110537072	11.255624110537072
