	Source	Target	SourceType	Weight	ABS_Weight	Sign_Weight	ABSRootWeight	SignedRootWeight
26	Enterococcus_faecalis_KB1	PAN	Microbe	-1.000000000057351	1.000000000057351	-1.0	1.0000000000286755	-1.0000000000286755
28	PAN	Limosilactobacillus_reuteri_I49	Metabolite	96.79614651714034	96.79614651714034	1.0	9.838503266104064	9.838503266104064
47	Limosilactobacillus_reuteri_I49	PAN	Microbe	-0.9999999999996495	0.9999999999996495	-1.0	0.9999999999998247	-0.9999999999998247
71	Riboflavin-e0	Enterococcus_faecalis_KB1	Metabolite	96.79614652206305	96.79614652206305	1.0	9.838503266354241	9.838503266354241
74	Enterococcus_faecalis_KB1	Riboflavin-e0	Microbe	-0.9999999999999089	0.9999999999999089	-1.0	0.9999999999999544	-0.9999999999999544
