	Source	Target	Weight	Metabolites	ABSWeight	SignWeight	ABSRootWeight	SignedRootWeight
bc1002->bc1003	bc1002	bc1003	-0.27859525236686483	D-Glucose	0.27859525236686483	-1.0	0.5278212314476037	-0.5278212314476037
bc1016->bc1003	bc1016	bc1003	-0.2785952523668641	D-Glucose	0.2785952523668641	-1.0	0.5278212314476031	-0.5278212314476031
bc1002->bc1016	bc1002	bc1016	-0.05745328770557904	D-Glucose	0.05745328770557904	-1.0	0.23969415450857168	-0.23969415450857168
bc1003->bc1016	bc1003	bc1016	-0.05745328770557894	D-Glucose	0.05745328770557894	-1.0	0.23969415450857148	-0.23969415450857148
bc1003->bc1002	bc1003	bc1002	-0.2708708696473838	D-Glucose	0.2708708696473838	-1.0	0.5204525623410685	-0.5204525623410685
bc1016->bc1002	bc1016	bc1002	-0.27087086964738355	D-Glucose	0.27087086964738355	-1.0	0.5204525623410683	-0.5204525623410683
