	Source	Target	SourceType	Weight	ABS_Weight	Sign_Weight	ABSRootWeight	SignedRootWeight
9	Riboflavin	Turicimonas_muris_YL45	Metabolite	126.68907411748705	126.68907411748705	1.0	11.255624110527458	11.255624110527458
38	Turicimonas_muris_YL45	Riboflavin	Microbe	-1.000000000000344	1.000000000000344	-1.0	1.0000000000001719	-1.0000000000001719
