	Source	Target	SourceType	Weight	Variance	ABS_Weight	Sign_Weight	ABSRootWeight	SignedRootWeight
34	Akkermansia_muciniphilaYL44	Riboflavin	Microbe	-0.9998669191306538	1.7708160700141632e-08	0.9998669191306538	-1.0	0.9999334573513649	-0.9999334573513649
50	Riboflavin-e0	Enterococcus_faecalis_KB1	Metabolite	96.78326478998599	0.00016591650504658398	96.78326478998599	1.0	9.837848585437062	9.837848585437062
54	Enterococcus_faecalis_KB1	Riboflavin-e0	Microbe	-0.9998669191311517	1.7708160700175632e-08	0.9998669191311517	-1.0	0.9999334573516138	-0.9999334573516138
79	Riboflavin	Akkermansia_muciniphilaYL44	Metabolite	126.67221422535258	0.00028421813079198676	126.67221422535258	1.0	11.25487513148647	11.25487513148647
