	Source	Target	SourceType	Weight	ABS_Weight	Sign_Weight	ABSRootWeight	SignedRootWeight
17	Muribaculum_intestinale_YL27	Riboflavin	Microbe	-0.9999999999999994	0.9999999999999994	-1.0	0.9999999999999997	-0.9999999999999997
26	Akkermansia_muciniphilaYL44	PAN	Microbe	-0.9999999999913189	0.9999999999913189	-1.0	0.9999999999956595	-0.9999999999956595
33	Muribaculum_intestinale_YL27	PAN	Microbe	-1.0000000000001044	1.0000000000001044	-1.0	1.0000000000000522	-1.0000000000000522
37	Akkermansia_muciniphilaYL44	Riboflavin	Microbe	-1.0000000000001932	1.0000000000001932	-1.0	1.0000000000000966	-1.0000000000000966
75	Riboflavin	Akkermansia_muciniphilaYL44	Metabolite	126.6890741174977	126.6890741174977	1.0	11.255624110527933	11.255624110527933
81	PAN	Muribaculum_intestinale_YL27	Metabolite	126.68907411838646	126.68907411838646	1.0	11.255624110567412	11.255624110567412
