	Source	Target	SourceType	Weight	ABS_Weight	Sign_Weight	ABSRootWeight	SignedRootWeight
3	bc1010	D-Glucose	Microbe	-1.000000000000002	1.000000000000002	-1.0	1.0000000000000009	-1.0000000000000009
23	bc1016	D-Glucose	Microbe	-1.000000000000001	1.000000000000001	-1.0	1.0000000000000004	-1.0000000000000004
123	D-Glucose	bc1016	Metabolite	0.05745328770557882	0.05745328770557882	1.0	0.23969415450857123	0.23969415450857123
150	D-Glucose	bc1001	Metabolite	0.13296422013011458	0.13296422013011458	1.0	0.36464259231487833	0.36464259231487833
163	bc1001	D-Glucose	Microbe	-0.9999999999999989	0.9999999999999989	-1.0	0.9999999999999994	-0.9999999999999994
230	D-Glucose	bc1015	Metabolite	0.2787243911686641	0.2787243911686641	1.0	0.5279435492253542	0.5279435492253542
240	bc1015	D-Glucose	Microbe	-1.0000000000000053	1.0000000000000053	-1.0	1.0000000000000027	-1.0000000000000027
243	D-Glucose	bc1010	Metabolite	0.1311349185707021	0.1311349185707021	1.0	0.3621255563622956	0.3621255563622956
