	Source	Target	SourceType	Weight	ABS_Weight	Sign_Weight	ABSRootWeight	SignedRootWeight
0	Riboflavin	Bifidobacterium_animalis_YL2	Metabolite	96.79614651699133	96.79614651699133	1.0	9.838503266096492	9.838503266096492
41	Akkermansia_muciniphilaYL44	Riboflavin	Microbe	-0.9999999999999263	0.9999999999999263	-1.0	0.9999999999999631	-0.9999999999999631
82	Bifidobacterium_animalis_YL2	Riboflavin	Microbe	-0.9999999999997019	0.9999999999997019	-1.0	0.9999999999998509	-0.9999999999998509
92	Riboflavin	Akkermansia_muciniphilaYL44	Metabolite	126.6890741174546	126.6890741174546	1.0	11.255624110526018	11.255624110526018
