	Source	Target	SourceType	Weight	ABS_Weight	Sign_Weight	ABSRootWeight	SignedRootWeight
1	PAN	Bacteroides_caecimuris_I48	Metabolite	126.68907411644406	126.68907411644406	1.0	11.255624110481127	11.255624110481127
21	Bacteroides_caecimuris_I48	PAN	Microbe	-1.0000000000000202	1.0000000000000202	-1.0	1.00000000000001	-1.00000000000001
