	Source	Target	SourceType	Weight	ABS_Weight	Sign_Weight	ABSRootWeight	SignedRootWeight
21	PAN	Clostridium_innocuum_I46	Metabolite	126.689074115844	126.689074115844	1.0	11.255624110454471	11.255624110454471
31	Flavonifractor_plautii_YL31	PAN	Microbe	-1.0000000000035074	1.0000000000035074	-1.0	1.0000000000017537	-1.0000000000017537
41	Flavonifractor_plautii_YL31	Riboflavin	Microbe	-1.0000000000000708	1.0000000000000708	-1.0	1.0000000000000353	-1.0000000000000353
48	Clostridium_innocuum_I46	Riboflavin	Microbe	-1.0	1.0	-1.0	1.0	-1.0
63	Clostridium_innocuum_I46	PAN	Microbe	-1.0000000000003588	1.0000000000003588	-1.0	1.0000000000001794	-1.0000000000001794
87	Riboflavin	Flavonifractor_plautii_YL31	Metabolite	126.68907411732211	126.68907411732211	1.0	11.255624110520131	11.255624110520131
