	Source	Target	SourceType	Weight	ABS_Weight	Sign_Weight	ABSRootWeight	SignedRootWeight
15	PAN	Blautia_coccoides_YL58	Metabolite	96.79614652084014	96.79614652084014	1.0	9.83850326629209	9.83850326629209
34	Blautia_coccoides_YL58	PAN	Microbe	-1.000000000000015	1.000000000000015	-1.0	1.0000000000000075	-1.0000000000000075
43	Muribaculum_intestinale_YL27	PAN	Microbe	-0.9999999999999779	0.9999999999999779	-1.0	0.9999999999999889	-0.9999999999999889
98	PAN	Muribaculum_intestinale_YL27	Metabolite	126.68907411716191	126.68907411716191	1.0	11.255624110513015	11.255624110513015
