	Source	Target	SourceType	Weight	ABS_Weight	Sign_Weight	ABSRootWeight	SignedRootWeight
33	Flavonifractor_plautii_YL31	PAN	Microbe	-1.0000000000004532	1.0000000000004532	-1.0	1.0000000000002265	-1.0000000000002265
58	Thiamin-e0	Clostridium_innocuum_I46	Metabolite	253.3781483400549	253.3781483400549	1.0	15.917856273382258	15.917856273382258
61	PAN	Flavonifractor_plautii_YL31	Metabolite	126.68907411862463	126.68907411862463	1.0	11.255624110577992	11.255624110577992
69	Clostridium_innocuum_I46	PAN	Microbe	-2.0000000008083534	2.0000000008083534	-1.0	1.4142135626588912	-1.4142135626588912
93	Clostridium_innocuum_I46	Thiamin-e0	Microbe	-1.0000000000004676	1.0000000000004676	-1.0	1.0000000000002338	-1.0000000000002338
