	Source	Target	SourceType	Weight	ABS_Weight	Sign_Weight	ABSRootWeight	SignedRootWeight
1	PAN	Bacteroides_caecimuris_I48	Metabolite	126.68907411672531	126.68907411672531	1.0	11.25562411049362	11.25562411049362
21	Bacteroides_caecimuris_I48	PAN	Microbe	-1.0000000000000582	1.0000000000000582	-1.0	1.000000000000029	-1.000000000000029
