	Source	Target	SourceType	Weight	ABS_Weight	Sign_Weight	ABSRootWeight	SignedRootWeight
7	Riboflavin	Turicimonas_muris_YL45	Metabolite	126.68907411739643	126.68907411739643	1.0	11.255624110523433	11.255624110523433
26	PAN	Limosilactobacillus_reuteri_I49	Metabolite	96.79614652108687	96.79614652108687	1.0	9.83850326630463	9.83850326630463
42	Turicimonas_muris_YL45	PAN	Microbe	-1.000000000048264	1.000000000048264	-1.0	1.000000000024132	-1.000000000024132
50	Limosilactobacillus_reuteri_I49	PAN	Microbe	-1.0000000000002127	1.0000000000002127	-1.0	1.0000000000001064	-1.0000000000001064
55	Turicimonas_muris_YL45	Riboflavin	Microbe	-0.9999999999997401	0.9999999999997401	-1.0	0.99999999999987	-0.99999999999987
62	Limosilactobacillus_reuteri_I49	Riboflavin	Microbe	-0.9999999999999959	0.9999999999999959	-1.0	0.9999999999999979	-0.9999999999999979
