	Source	Target	SourceType	Weight	ABS_Weight	Sign_Weight	ABSRootWeight	SignedRootWeight
2	bc1002	O2	Microbe	-1.771549917265432	1.771549917265432	-1.0	1.330995836682231	-1.330995836682231
30	bc1002	D-Glucose	Microbe	-1.0000000000000038	1.0000000000000038	-1.0	1.0000000000000018	-1.0000000000000018
49	bc1001	D-Glucose	Microbe	-0.5486868532173556	0.5486868532173556	-1.0	0.7407339962613809	-0.7407339962613809
72	bc1003	O2	Microbe	-1.000000000000005	1.000000000000005	-1.0	1.0000000000000024	-1.0000000000000024
110	D-Glucose	bc1002	Metabolite	0.27087086964738327	0.27087086964738327	1.0	0.520452562341068	0.520452562341068
119	O2	bc1003	Metabolite	0.15297633046741732	0.15297633046741732	1.0	0.39112188697056743	0.39112188697056743
153	bc1003	D-Glucose	Microbe	-0.5490988420218013	0.5490988420218013	-1.0	0.7410120390532136	-0.7410120390532136
167	O2	bc1001	Metabolite	0.1523613679485789	0.1523613679485789	1.0	0.390334943284071	0.390334943284071
189	bc1001	O2	Microbe	-0.9999999999999996	0.9999999999999996	-1.0	0.9999999999999998	-0.9999999999999998
