	Source	Target	SourceType	Weight	ABS_Weight	Sign_Weight	ABSRootWeight	SignedRootWeight
13	Riboflavin	Flavonifractor_plautii_YL31	Metabolite	126.68907411637619	126.68907411637619	1.0	11.255624110478111	11.255624110478111
25	Flavonifractor_plautii_YL31	Riboflavin	Microbe	-0.9999999999998272	0.9999999999998272	-1.0	0.9999999999999136	-0.9999999999999136
