	Source	Target	SourceType	Weight	ABS_Weight	Sign_Weight	ABSRootWeight	SignedRootWeight
3	Riboflavin	Bifidobacterium_animalis_YL2	Metabolite	96.79614651722424	96.79614651722424	1.0	9.838503266108328	9.838503266108328
36	Flavonifractor_plautii_YL31	Riboflavin	Microbe	-0.9999999999999191	0.9999999999999191	-1.0	0.9999999999999595	-0.9999999999999595
90	Bifidobacterium_animalis_YL2	Riboflavin	Microbe	-0.9999999999998503	0.9999999999998503	-1.0	0.9999999999999252	-0.9999999999999252
91	Riboflavin	Flavonifractor_plautii_YL31	Metabolite	126.68907411900727	126.68907411900727	1.0	11.25562411059499	11.25562411059499
