	Source	Target	SourceType	Weight	ABS_Weight	Sign_Weight	ABSRootWeight	SignedRootWeight
8	Riboflavin	Turicimonas_muris_YL45	Metabolite	126.68907411684094	126.68907411684094	1.0	11.255624110498758	11.255624110498758
50	Clostridium_innocuum_I46	Riboflavin	Microbe	-1.0000000000000333	1.0000000000000333	-1.0	1.0000000000000167	-1.0000000000000167
54	Turicimonas_muris_YL45	Riboflavin	Microbe	-1.0000000000001643	1.0000000000001643	-1.0	1.0000000000000822	-1.0000000000000822
80	Riboflavin	Clostridium_innocuum_I46	Metabolite	126.68907411794655	126.68907411794655	1.0	11.25562411054787	11.25562411054787
