	Source	Target	SourceType	Weight	ABS_Weight	Sign_Weight	ABSRootWeight	SignedRootWeight
17	PAN	Blautia_coccoides_YL58	Metabolite	96.79614651616605	96.79614651616605	1.0	9.83850326605455	9.83850326605455
39	Blautia_coccoides_YL58	PAN	Microbe	-0.9999999999998195	0.9999999999998195	-1.0	0.9999999999999097	-0.9999999999999097
50	N-acetyl-D-gluosamine	Enterocloster_clostridioformis_YL32	Metabolite	18.117340654788386	18.117340654788386	1.0	4.256446951952812	4.256446951952812
71	Enterocloster_clostridioformis_YL32	PAN	Microbe	-0.14300633879648175	0.14300633879648175	-1.0	0.3781617891808766	-0.3781617891808766
99	Enterocloster_clostridioformis_YL32	N-acetyl-D-gluosamine	Microbe	-0.9999999999999651	0.9999999999999651	-1.0	0.9999999999999826	-0.9999999999999826
