	Source	Target	SourceType	Weight	ABS_Weight	Sign_Weight	ABSRootWeight	SignedRootWeight
20	Flavonifractor_plautii_YL31	PAN	Microbe	-0.999999999979982	0.999999999979982	-1.0	0.999999999989991	-0.999999999989991
33	Flavonifractor_plautii_YL31	Riboflavin	Microbe	-0.9999999999995063	0.9999999999995063	-1.0	0.9999999999997531	-0.9999999999997531
63	Bacteroides_caecimuris_I48	Riboflavin	Microbe	-0.9999999999999984	0.9999999999999984	-1.0	0.9999999999999992	-0.9999999999999992
74	PAN	Bacteroides_caecimuris_I48	Metabolite	126.68907411673533	126.68907411673533	1.0	11.255624110494066	11.255624110494066
80	Riboflavin	Flavonifractor_plautii_YL31	Metabolite	126.68907411817997	126.68907411817997	1.0	11.25562411055824	11.25562411055824
82	Bacteroides_caecimuris_I48	PAN	Microbe	-1.0000000000000204	1.0000000000000204	-1.0	1.0000000000000102	-1.0000000000000102
