	Source	Target	SourceType	Weight	ABS_Weight	Sign_Weight	ABSRootWeight	SignedRootWeight
17	Heme-e0	Limosilactobacillus_reuteri_I49	Metabolite	193.5922930260181	193.5922930260181	1.0	13.913744752079438	13.913744752079438
30	PAN	Clostridium_innocuum_I46	Metabolite	126.68907412943612	126.68907412943612	1.0	11.255624111058264	11.255624111058264
57	Limosilactobacillus_reuteri_I49	PAN	Microbe	-1.9999999999234963	1.9999999999234963	-1.0	1.414213562346047	-1.414213562346047
78	Clostridium_innocuum_I46	PAN	Microbe	-0.999999999999926	0.999999999999926	-1.0	0.9999999999999629	-0.9999999999999629
95	Clostridium_innocuum_I46	Heme-e0	Microbe	-0.9999999999999972	0.9999999999999972	-1.0	0.9999999999999986	-0.9999999999999986
103	Limosilactobacillus_reuteri_I49	Heme-e0	Microbe	-0.9999999999998918	0.9999999999998918	-1.0	0.9999999999999458	-0.9999999999999458
