	Source	Target	SourceType	Weight	ABS_Weight	Sign_Weight	ABSRootWeight	SignedRootWeight
7	Riboflavin	Turicimonas_muris_YL45	Metabolite	126.68907411739643	126.68907411739643	1.0	11.255624110523433	11.255624110523433
25	PAN	Limosilactobacillus_reuteri_I49	Metabolite	96.7961465169923	96.7961465169923	1.0	9.83850326609654	9.83850326609654
41	Turicimonas_muris_YL45	PAN	Microbe	-1.000000000048264	1.000000000048264	-1.0	1.000000000024132	-1.000000000024132
50	Limosilactobacillus_reuteri_I49	PAN	Microbe	-0.9999999999958327	0.9999999999958327	-1.0	0.9999999999979163	-0.9999999999979163
55	Turicimonas_muris_YL45	Riboflavin	Microbe	-0.9999999999997401	0.9999999999997401	-1.0	0.99999999999987	-0.99999999999987
63	Limosilactobacillus_reuteri_I49	Riboflavin	Microbe	-0.9999999999999947	0.9999999999999947	-1.0	0.9999999999999973	-0.9999999999999973
