	Source	Target	Weight	Metabolites	ABSWeight	SignWeight	ABSRootWeight	SignedRootWeight
bc1011->bc1003	bc1011	bc1003	-1.0000000000000001e-16	H2O	1.0000000000000001e-16	-1.0	1e-08	-1e-08
bc1012->bc1003	bc1012	bc1003	-1.0000000000000001e-16	H2O	1.0000000000000001e-16	-1.0	1e-08	-1e-08
bc1003->bc1012	bc1003	bc1012	-1.0000000000000001e-16	H2O	1.0000000000000001e-16	-1.0	1e-08	-1e-08
bc1011->bc1012	bc1011	bc1012	-1.0000000000000001e-16	H2O	1.0000000000000001e-16	-1.0	1e-08	-1e-08
bc1003->bc1011	bc1003	bc1011	-1.0000000000000001e-16	H2O	1.0000000000000001e-16	-1.0	1e-08	-1e-08
bc1012->bc1011	bc1012	bc1011	-1.0000000000000001e-16	H2O	1.0000000000000001e-16	-1.0	1e-08	-1e-08
