	Source	Target	SourceType	Weight	ABS_Weight	Sign_Weight	ABSRootWeight	SignedRootWeight
18	PAN	Blautia_coccoides_YL58	Metabolite	96.79614652124386	96.79614652124386	1.0	9.838503266312609	9.838503266312609
28	PAN	Clostridium_innocuum_I46	Metabolite	126.6890741213635	126.6890741213635	1.0	11.25562411069966	11.25562411069966
46	Blautia_coccoides_YL58	PAN	Microbe	-0.9999999999997988	0.9999999999997988	-1.0	0.9999999999998994	-0.9999999999998994
71	Clostridium_innocuum_I46	PAN	Microbe	-0.9999999999995104	0.9999999999995104	-1.0	0.9999999999997552	-0.9999999999997552
