	Source	Target	SourceType	Weight	ABS_Weight	Sign_Weight	ABSRootWeight	SignedRootWeight
9	Enterococcus_faecalis_KB1	PAN	Microbe	-1.0000000000645624	1.0000000000645624	-1.0	1.000000000032281	-1.000000000032281
47	Riboflavin-e0	Enterococcus_faecalis_KB1	Metabolite	96.79614652274958	96.79614652274958	1.0	9.83850326638913	9.83850326638913
53	Enterococcus_faecalis_KB1	Riboflavin-e0	Microbe	-0.999999999999995	0.999999999999995	-1.0	0.9999999999999974	-0.9999999999999974
61	PAN	Bacteroides_caecimuris_I48	Metabolite	126.68907411723146	126.68907411723146	1.0	11.255624110516106	11.255624110516106
67	Bacteroides_caecimuris_I48	PAN	Microbe	-0.9999999999997212	0.9999999999997212	-1.0	0.9999999999998606	-0.9999999999998606
