	Source	Target	SourceType	Weight	ABS_Weight	Sign_Weight	ABSRootWeight	SignedRootWeight
46	Flavonifractor_plautii_YL31	Riboflavin	Microbe	-1.0000000000000093	1.0000000000000093	-1.0	1.0000000000000047	-1.0000000000000047
51	Akkermansia_muciniphilaYL44	Riboflavin	Microbe	-0.9999999999999704	0.9999999999999704	-1.0	0.9999999999999851	-0.9999999999999851
89	Riboflavin	Flavonifractor_plautii_YL31	Metabolite	126.68907411752464	126.68907411752464	1.0	11.255624110529128	11.255624110529128
102	Riboflavin	Akkermansia_muciniphilaYL44	Metabolite	126.6890741181453	126.6890741181453	1.0	11.255624110556699	11.255624110556699
