	Source	Target	SourceType	Weight	ABS_Weight	Sign_Weight	ABSRootWeight	SignedRootWeight
5	bc1010	D-Glucose	Microbe	-0.5655422262276018	0.5655422262276018	-1.0	0.7520254159452336	-0.7520254159452336
24	bc1016	O2	Microbe	-0.022417038486068692	0.022417038486068692	-1.0	0.149723206237606	-0.149723206237606
56	bc1016	D-Glucose	Microbe	-1.000000000000001	1.000000000000001	-1.0	1.0000000000000004	-1.0000000000000004
66	bc1003	O2	Microbe	-1.000000000000005	1.000000000000005	-1.0	1.0000000000000024	-1.0000000000000024
116	O2	bc1003	Metabolite	0.15297633046741732	0.15297633046741732	1.0	0.39112188697056743	0.39112188697056743
146	bc1010	O2	Microbe	-1.0000000000000022	1.0000000000000022	-1.0	1.000000000000001	-1.000000000000001
151	D-Glucose	bc1016	Metabolite	0.05745328770557882	0.05745328770557882	1.0	0.23969415450857123	0.23969415450857123
153	bc1003	D-Glucose	Microbe	-0.5490988420218013	0.5490988420218013	-1.0	0.7410120390532136	-0.7410120390532136
223	O2	bc1010	Metabolite	0.1525294697219451	0.1525294697219451	1.0	0.3905502140851354	0.3905502140851354
