	Source	Target	SourceType	Weight	ABS_Weight	Sign_Weight	ABSRootWeight	SignedRootWeight
21	Enterococcus_faecalis_KB1	PAN	Microbe	-1.0000000000650606	1.0000000000650606	-1.0	1.0000000000325302	-1.0000000000325302
27	PAN	Clostridium_innocuum_I46	Metabolite	126.6890741177103	126.6890741177103	1.0	11.255624110537376	11.255624110537376
63	Clostridium_innocuum_I46	PAN	Microbe	-0.9999999999999729	0.9999999999999729	-1.0	0.9999999999999865	-0.9999999999999865
68	Riboflavin-e0	Enterococcus_faecalis_KB1	Metabolite	96.79614652334439	96.79614652334439	1.0	9.838503266419359	9.838503266419359
72	Enterococcus_faecalis_KB1	Riboflavin-e0	Microbe	-1.0000000000000167	1.0000000000000167	-1.0	1.0000000000000082	-1.0000000000000082
