	Source	Target	SourceType	Weight	ABS_Weight	Sign_Weight	ABSRootWeight	SignedRootWeight
0	Riboflavin	Bifidobacterium_animalis_YL2	Metabolite	96.79614651719702	96.79614651719702	1.0	9.838503266106944	9.838503266106944
17	Acutalibacter_muris_KB1	Riboflavin	Microbe	2.4292613642478353	2.4292613642478353	1.0	1.5586087912776045	1.5586087912776045
73	Acutalibacter_muris_KB1	Pyridoxal	Microbe	-1.0000000000001552	1.0000000000001552	-1.0	1.0000000000000775	-1.0000000000000775
84	Bifidobacterium_animalis_YL2	Riboflavin	Microbe	-0.9999999999999905	0.9999999999999905	-1.0	0.9999999999999952	-0.9999999999999952
86	Pyridoxal	Acutalibacter_muris_KB1	Metabolite	193.59229303355255	193.59229303355255	1.0	13.913744752350194	13.913744752350194
