	Source	Target	SourceType	Weight	ABS_Weight	Sign_Weight	ABSRootWeight	SignedRootWeight
14	Thiamine	Limosilactobacillus_reuteri_I49	Metabolite	135.563708517227	135.563708517227	1.0	11.643182920371345	11.643182920371345
32	Folate-e0	Limosilactobacillus_reuteri_I49	Metabolite	67.78185425860451	67.78185425860451	1.0	8.232973597589423	8.232973597589423
39	Limosilactobacillus_reuteri_I49	Folate-e0	Microbe	-0.9999999999999734	0.9999999999999734	-1.0	0.9999999999999867	-0.9999999999999867
48	Limosilactobacillus_reuteri_I49	Thiamine	Microbe	-0.9999999999995135	0.9999999999995135	-1.0	0.9999999999997568	-0.9999999999997568
60	Riboflavin	Limosilactobacillus_reuteri_I49	Metabolite	203.34556277582413	203.34556277582413	1.0	14.259928568398376	14.259928568398376
65	Limosilactobacillus_reuteri_I49	Riboflavin	Microbe	-1.0000000000007738	1.0000000000007738	-1.0	1.0000000000003868	-1.0000000000003868
78	Riboflavin-e0	Enterococcus_faecalis_KB1	Metabolite	96.79614651985041	96.79614651985041	1.0	9.838503266241792	9.838503266241792
81	Enterococcus_faecalis_KB1	Riboflavin-e0	Microbe	-0.9999999999998528	0.9999999999998528	-1.0	0.9999999999999264	-0.9999999999999264
96	Enterococcus_faecalis_KB1	Folate-e0	Microbe	-0.999999999999999	0.999999999999999	-1.0	0.9999999999999994	-0.9999999999999994
