	Source	Target	SourceType	Weight	ABS_Weight	Sign_Weight	ABSRootWeight	SignedRootWeight
32	Enterococcus_faecalis_KB1	Spermidine-e0	Microbe	-0.9999999999999999	0.9999999999999999	-1.0	0.9999999999999999	-0.9999999999999999
58	Riboflavin-e0	Enterococcus_faecalis_KB1	Metabolite	96.79614652237743	96.79614652237743	1.0	9.838503266370218	9.838503266370218
65	Enterococcus_faecalis_KB1	Riboflavin-e0	Microbe	-0.9999999999999927	0.9999999999999927	-1.0	0.9999999999999963	-0.9999999999999963
94	Spermidine-e0	Bacteroides_caecimuris_I48	Metabolite	253.37814819506391	253.37814819506391	1.0	15.917856268827908	15.917856268827908
101	Bacteroides_caecimuris_I48	Spermidine-e0	Microbe	-1.0000000000000522	1.0000000000000522	-1.0	1.000000000000026	-1.000000000000026
