	Source	Target	SourceType	Weight	ABS_Weight	Sign_Weight	ABSRootWeight	SignedRootWeight
20	D-Glucose	bc1015	Metabolite	0.2502986192091006	0.2502986192091006	1.0	0.5002985300888867	0.5002985300888867
34	bc1015	D-Glucose	Microbe	-1.000000000000007	1.000000000000007	-1.0	1.0000000000000036	-1.0000000000000036
36	bc1016	D-Glucose	Microbe	-1.000000000000001	1.000000000000001	-1.0	1.0000000000000004	-1.0000000000000004
102	D-Glucose	bc1016	Metabolite	0.05745328770557882	0.05745328770557882	1.0	0.23969415450857123	0.23969415450857123
