	Source	Target	SourceType	Weight	ABS_Weight	Sign_Weight	ABSRootWeight	SignedRootWeight
18	PAN	Blautia_coccoides_YL58	Metabolite	96.79614652122343	96.79614652122343	1.0	9.83850326631157	9.83850326631157
23	Clostridium_innocuum_I46	N-Acetyl-D-glucosamine-e0	Microbe	-0.9999999999999811	0.9999999999999811	-1.0	0.9999999999999906	-0.9999999999999906
39	N-Acetyl-D-glucosamine-e0	Clostridium_innocuum_I46	Metabolite	18.117340654671587	18.117340654671587	1.0	4.256446951939092	4.256446951939092
46	Blautia_coccoides_YL58	PAN	Microbe	-1.0000000000000862	1.0000000000000862	-1.0	1.000000000000043	-1.000000000000043
70	Clostridium_innocuum_I46	PAN	Microbe	-0.14300633879291294	0.14300633879291294	-1.0	0.37816178917615795	-0.37816178917615795
