	Source	Target	SourceType	Weight	ABS_Weight	Sign_Weight	ABSRootWeight	SignedRootWeight
20	PAN	Clostridium_innocuum_I46	Metabolite	126.68907412339351	126.68907412339351	1.0	11.255624110789837	11.255624110789837
45	Muribaculum_intestinale_YL27	PAN	Microbe	-0.9999999999999726	0.9999999999999726	-1.0	0.9999999999999862	-0.9999999999999862
66	Clostridium_innocuum_I46	PAN	Microbe	-1.0000000000008846	1.0000000000008846	-1.0	1.0000000000004423	-1.0000000000004423
104	PAN	Muribaculum_intestinale_YL27	Metabolite	126.68907411762852	126.68907411762852	1.0	11.255624110533743	11.255624110533743
