	Source	Target	Weight	Metabolites	ABSWeight	SignWeight	ABSRootWeight	SignedRootWeight
bc1011->bc1016	bc1011	bc1016	-0.05745328770557865	D-Glucose	0.05745328770557865	-1.0	0.23969415450857087	-0.23969415450857087
bc1015->bc1016	bc1015	bc1016	-0.05745328770557913	D-Glucose	0.05745328770557913	-1.0	0.23969415450857187	-0.23969415450857187
bc1011->bc1015	bc1011	bc1015	-0.27872439116866327	D-Glucose	0.27872439116866327	-1.0	0.5279435492253535	-0.5279435492253535
bc1016->bc1015	bc1016	bc1015	-0.27872439116866443	D-Glucose	0.27872439116866443	-1.0	0.5279435492253546	-0.5279435492253546
bc1015->bc1011	bc1015	bc1011	-0.27015631706377685	D-Glucose	0.27015631706377685	-1.0	0.5197656366707757	-0.5197656366707757
bc1016->bc1011	bc1016	bc1011	-0.2701563170637757	D-Glucose	0.2701563170637757	-1.0	0.5197656366707746	-0.5197656366707746
