	Source	Target	SourceType	Weight	ABS_Weight	Sign_Weight	ABSRootWeight	SignedRootWeight
21	PAN	Limosilactobacillus_reuteri_I49	Metabolite	96.79614651594927	96.79614651594927	1.0	9.838503266043533	9.838503266043533
46	Muribaculum_intestinale_YL27	PAN	Microbe	-1.0000000000000815	1.0000000000000815	-1.0	1.0000000000000406	-1.0000000000000406
50	Limosilactobacillus_reuteri_I49	PAN	Microbe	-0.9999999999998401	0.9999999999998401	-1.0	0.9999999999999201	-0.9999999999999201
106	PAN	Muribaculum_intestinale_YL27	Metabolite	126.68907411844015	126.68907411844015	1.0	11.255624110569798	11.255624110569798
