	Source	Target	SourceType	Weight	ABS_Weight	Sign_Weight	ABSRootWeight	SignedRootWeight
16	PAN	Blautia_coccoides_YL58	Metabolite	96.79614652167574	96.79614652167574	1.0	9.838503266334557	9.838503266334557
40	Blautia_coccoides_YL58	PAN	Microbe	-0.9999999999999984	0.9999999999999984	-1.0	0.9999999999999992	-0.9999999999999992
68	Enterocloster_clostridioformis_YL32	PAN	Microbe	-1.0000000000001543	1.0000000000001543	-1.0	1.000000000000077	-1.000000000000077
93	PAN	Enterocloster_clostridioformis_YL32	Metabolite	126.68907411709394	126.68907411709394	1.0	11.255624110509997	11.255624110509997
