	Source	Target	SourceType	Weight	ABS_Weight	Sign_Weight	ABSRootWeight	SignedRootWeight
19	Clostridium_innocuum_I46	N-Acetyl-D-glucosamine-e0	Microbe	-1.0000000000000175	1.0000000000000175	-1.0	1.0000000000000087	-1.0000000000000087
38	N-Acetyl-D-glucosamine-e0	Clostridium_innocuum_I46	Metabolite	18.117340654698047	18.117340654698047	1.0	4.2564469519422	4.2564469519422
69	Clostridium_innocuum_I46	PAN	Microbe	-0.1430063387925042	0.1430063387925042	-1.0	0.37816178917561755	-0.37816178917561755
73	Enterocloster_clostridioformis_YL32	PAN	Microbe	-1.000000000000287	1.000000000000287	-1.0	1.0000000000001434	-1.0000000000001434
98	PAN	Enterocloster_clostridioformis_YL32	Metabolite	126.68907411983177	126.68907411983177	1.0	11.255624110631617	11.255624110631617
