	Source	Target	SourceType	Weight	ABS_Weight	Sign_Weight	ABSRootWeight	SignedRootWeight
48	Akkermansia_muciniphilaYL44	Riboflavin	Microbe	-1.0000000000003786	1.0000000000003786	-1.0	1.0000000000001892	-1.0000000000001892
49	Clostridium_innocuum_I46	Riboflavin	Microbe	-0.9999999999998984	0.9999999999998984	-1.0	0.9999999999999492	-0.9999999999999492
73	Riboflavin	Clostridium_innocuum_I46	Metabolite	126.68907411549324	126.68907411549324	1.0	11.25562411043889	11.25562411043889
89	Riboflavin	Akkermansia_muciniphilaYL44	Metabolite	126.68907411780633	126.68907411780633	1.0	11.255624110541643	11.255624110541643
