	Source	Target	Weight	Metabolites	ABSWeight	SignWeight	ABSRootWeight	SignedRootWeight
bc1001->bc1012	bc1001	bc1012	-0.15247032474277078	D-Glucose.O2	0.15247032474277078	-1.0	0.3904744866732919	-0.3904744866732919
bc1012->bc1001	bc1012	bc1001	-0.15236136794858576	O2	0.15236136794858576	-1.0	0.39033494328407975	-0.39033494328407975
