	IntegralDiff	MaxDiff	MaxTime
bc1016	5.8845004158069646e-06	2.2279842574238243e-05	0.09207579600588357
bc1010	0.004308703643923014	0.006023609351577011	1.2838519629627712
bc1001	0.004391680979910349	0.006148659445265315	1.2371101215652889
bc1015	6.509262901065848e-05	0.0005927935705046372	0.032381396148858134
