	Source	Target	SourceType	Weight	ABS_Weight	Sign_Weight	ABSRootWeight	SignedRootWeight
6	Riboflavin	Turicimonas_muris_YL45	Metabolite	126.68907411739079	126.68907411739079	1.0	11.255624110523183	11.255624110523183
42	Akkermansia_muciniphilaYL44	Riboflavin	Microbe	-1.000000000000166	1.000000000000166	-1.0	1.000000000000083	-1.000000000000083
47	Turicimonas_muris_YL45	Riboflavin	Microbe	-0.9999999999997204	0.9999999999997204	-1.0	0.9999999999998602	-0.9999999999998602
85	Riboflavin	Akkermansia_muciniphilaYL44	Metabolite	126.6890741175986	126.6890741175986	1.0	11.255624110532414	11.255624110532414
