	Source	Target	SourceType	Weight	ABS_Weight	Sign_Weight	ABSRootWeight	SignedRootWeight
41	Muribaculum_intestinale_YL27	PAN	Microbe	-0.9999999999999424	0.9999999999999424	-1.0	0.9999999999999711	-0.9999999999999711
71	Enterocloster_clostridioformis_YL32	PAN	Microbe	-0.9999999999999403	0.9999999999999403	-1.0	0.9999999999999701	-0.9999999999999701
97	PAN	Enterocloster_clostridioformis_YL32	Metabolite	126.68907411979822	126.68907411979822	1.0	11.255624110630126	11.255624110630126
100	PAN	Muribaculum_intestinale_YL27	Metabolite	126.68907411692126	126.68907411692126	1.0	11.255624110502325	11.255624110502325
