	Source	Target	Weight	Metabolites	ABSWeight	SignWeight	ABSRootWeight	SignedRootWeight
bc1002->bc1012	bc1002	bc1012	-0.10076195266843688	O2.D-Glucose	0.10076195266843688	-1.0	0.3174302327574311	-0.3174302327574311
bc1012->bc1002	bc1012	bc1002	-0.1529005008594391	O2	0.1529005008594391	-1.0	0.3910249363652389	-0.3910249363652389
