	Source	Target	SourceType	Weight	ABS_Weight	Sign_Weight	ABSRootWeight	SignedRootWeight
25	Uracil-e0	Limosilactobacillus_reuteri_I49	Metabolite	0.5498248331023025	0.5498248331023025	1.0	0.7415017418066545	0.7415017418066545
52	Limosilactobacillus_reuteri_I49	Uracil-e0	Microbe	-1.0000000000000009	1.0000000000000009	-1.0	1.0000000000000004	-1.0000000000000004
