	Source	Target	SourceType	Weight	ABS_Weight	Sign_Weight	ABSRootWeight	SignedRootWeight
14	PAN	Blautia_coccoides_YL58	Metabolite	96.79614652216222	96.79614652216222	1.0	9.83850326635928	9.83850326635928
35	Akkermansia_muciniphilaYL44	PAN	Microbe	-1.0000000000054452	1.0000000000054452	-1.0	1.0000000000027225	-1.0000000000027225
40	Blautia_coccoides_YL58	PAN	Microbe	-1.0000000000000093	1.0000000000000093	-1.0	1.0000000000000047	-1.0000000000000047
46	Akkermansia_muciniphilaYL44	Riboflavin	Microbe	-1.000000000000029	1.000000000000029	-1.0	1.0000000000000144	-1.0000000000000144
52	Blautia_coccoides_YL58	Riboflavin	Microbe	-1.0000000000000013	1.0000000000000013	-1.0	1.0000000000000007	-1.0000000000000007
90	Riboflavin	Akkermansia_muciniphilaYL44	Metabolite	126.68907411769537	126.68907411769537	1.0	11.255624110536713	11.255624110536713
