	Source	Target	SourceType	Weight	Variance	ABS_Weight	Sign_Weight	ABSRootWeight	SignedRootWeight
10	Riboflavin	Turicimonas_muris_YL45	Metabolite	126.68902352202075	2.559892194878572e-09	126.68902352202075	1.0	11.255621862963448	11.255621862963448
18	PAN	Blautia_coccoides_YL58	Metabolite	96.79610786296071	1.494374638509157e-09	96.79610786296071	1.0	9.83850130166992	9.83850130166992
34	Blautia_coccoides_YL58	PAN	Microbe	-0.9999996006334314	1.5949363355961864e-13	0.9999996006334314	-1.0	0.9999998003166958	-0.9999998003166958
40	Turicimonas_muris_YL45	PAN	Microbe	-0.9999996006814023	1.594936333822956e-13	0.9999996006814023	-1.0	0.9999998003406811	-0.9999998003406811
47	Blautia_coccoides_YL58	Riboflavin	Microbe	-0.9999996006333806	1.5949363338221195e-13	0.9999996006333806	-1.0	0.9999998003166704	-0.9999998003166704
48	Turicimonas_muris_YL45	Riboflavin	Microbe	-0.999999600633242	1.5949363338243798e-13	0.999999600633242	-1.0	0.9999998003166011	-0.9999998003166011
