	Source	Target	SourceType	Weight	ABS_Weight	Sign_Weight	ABSRootWeight	SignedRootWeight
29	PAN	Clostridium_innocuum_I46	Metabolite	126.68907411807939	126.68907411807939	1.0	11.255624110553772	11.255624110553772
32	PAN	Limosilactobacillus_reuteri_I49	Metabolite	96.79614652126436	96.79614652126436	1.0	9.83850326631365	9.83850326631365
57	Limosilactobacillus_reuteri_I49	PAN	Microbe	-0.9999999999998391	0.9999999999998391	-1.0	0.9999999999999195	-0.9999999999999195
79	Clostridium_innocuum_I46	PAN	Microbe	-1.0000000000000961	1.0000000000000961	-1.0	1.000000000000048	-1.000000000000048
