	Source	Target	SourceType	Weight	ABS_Weight	Sign_Weight	ABSRootWeight	SignedRootWeight
14	PAN	Blautia_coccoides_YL58	Metabolite	96.79614652216222	96.79614652216222	1.0	9.83850326635928	9.83850326635928
35	Akkermansia_muciniphilaYL44	PAN	Microbe	-1.0000000000216773	1.0000000000216773	-1.0	1.0000000000108387	-1.0000000000108387
40	Blautia_coccoides_YL58	PAN	Microbe	-1.0000000000000093	1.0000000000000093	-1.0	1.0000000000000047	-1.0000000000000047
46	Akkermansia_muciniphilaYL44	Riboflavin	Microbe	-0.99999999999976	0.99999999999976	-1.0	0.99999999999988	-0.99999999999988
52	Blautia_coccoides_YL58	Riboflavin	Microbe	-1.0000000000000013	1.0000000000000013	-1.0	1.0000000000000007	-1.0000000000000007
90	Riboflavin	Akkermansia_muciniphilaYL44	Metabolite	126.68907411893966	126.68907411893966	1.0	11.255624110591986	11.255624110591986
