	Source	Target	SourceType	Weight	ABS_Weight	Sign_Weight	ABSRootWeight	SignedRootWeight
8	Riboflavin	Turicimonas_muris_YL45	Metabolite	126.68907411828367	126.68907411828367	1.0	11.255624110562847	11.255624110562847
13	Melitose-e0	Limosilactobacillus_reuteri_I49	Metabolite	3.090379426043456	3.090379426043456	1.0	1.7579475037791816	1.7579475037791816
57	Turicimonas_muris_YL45	Riboflavin	Microbe	-0.9999999999990995	0.9999999999990995	-1.0	0.9999999999995497	-0.9999999999995497
83	Limosilactobacillus_reuteri_I49	Melitose-e0	Microbe	-1.0000000000000027	1.0000000000000027	-1.0	1.0000000000000013	-1.0000000000000013
