	Source	Target	SourceType	Weight	ABS_Weight	Sign_Weight	ABSRootWeight	SignedRootWeight
26	Flavonifractor_plautii_YL31	PAN	Microbe	-0.6666666666527352	0.6666666666527352	-1.0	0.8164965809191947	-0.8164965809191947
40	Muribaculum_intestinale_YL27	PAN	Microbe	-0.9999999999999402	0.9999999999999402	-1.0	0.99999999999997	-0.99999999999997
56	Folate-e0	Flavonifractor_plautii_YL31	Metabolite	84.45938274144044	84.45938274144044	1.0	9.190178602260156	9.190178602260156
85	Flavonifractor_plautii_YL31	Folate-e0	Microbe	-0.9999999999997785	0.9999999999997785	-1.0	0.9999999999998892	-0.9999999999998892
99	PAN	Muribaculum_intestinale_YL27	Metabolite	126.68907411770347	126.68907411770347	1.0	11.255624110537072	11.255624110537072
