	Source	Target	SourceType	Weight	ABS_Weight	Sign_Weight	ABSRootWeight	SignedRootWeight
37	Muribaculum_intestinale_YL27	PAN	Microbe	-0.9999999999998741	0.9999999999998741	-1.0	0.999999999999937	-0.999999999999937
68	PAN	Bacteroides_caecimuris_I48	Metabolite	126.68907411666771	126.68907411666771	1.0	11.255624110491063	11.255624110491063
73	Bacteroides_caecimuris_I48	PAN	Microbe	-1.000000000000034	1.000000000000034	-1.0	1.0000000000000169	-1.0000000000000169
95	PAN	Muribaculum_intestinale_YL27	Metabolite	126.68907411771096	126.68907411771096	1.0	11.255624110537406	11.255624110537406
