	0.6011	1.3148	Source	Target
bc1008##bc1002##O2	0.003427576436975438	0.0	bc1008	bc1002
bc1002##bc1008##D-Glucose	-0.025022201893607696	0.0	bc1002	bc1008
bc1008##bc1002##D-Glucose	-0.27087086964738133	0.0	bc1008	bc1002
