	Source	Target	SourceType	Weight	ABS_Weight	Sign_Weight	ABSRootWeight	SignedRootWeight
24	Clostridium_innocuum_I46	Folate-e0	Microbe	-0.9999999999997295	0.9999999999997295	-1.0	0.9999999999998648	-0.9999999999998648
25	Folate-e0	Clostridium_innocuum_I46	Metabolite	169.33097204394466	169.33097204394466	1.0	13.012723467589122	13.012723467589122
44	Flavonifractor_plautii_YL31	Riboflavin	Microbe	-0.9999999999999813	0.9999999999999813	-1.0	0.9999999999999907	-0.9999999999999907
91	Riboflavin	Flavonifractor_plautii_YL31	Metabolite	126.68907411780364	126.68907411780364	1.0	11.255624110541522	11.255624110541522
96	Flavonifractor_plautii_YL31	Folate-e0	Microbe	-1.0000000000000013	1.0000000000000013	-1.0	1.0000000000000007	-1.0000000000000007
