	Source	Target	SourceType	Weight	ABS_Weight	Sign_Weight	ABSRootWeight	SignedRootWeight
15	Enterococcus_faecalis_KB1	PAN	Microbe	-0.9999999997988542	0.9999999997988542	-1.0	0.9999999998994271	-0.9999999998994271
37	Muribaculum_intestinale_YL27	PAN	Microbe	-1.000000000000084	1.000000000000084	-1.0	1.000000000000042	-1.000000000000042
57	Riboflavin-e0	Enterococcus_faecalis_KB1	Metabolite	96.79614649740785	96.79614649740785	1.0	9.838503265101245	9.838503265101245
60	Enterococcus_faecalis_KB1	Riboflavin-e0	Microbe	-0.9999999999999098	0.9999999999999098	-1.0	0.9999999999999549	-0.9999999999999549
95	PAN	Muribaculum_intestinale_YL27	Metabolite	126.68907411842912	126.68907411842912	1.0	11.255624110569308	11.255624110569308
