	Source	Target	SourceType	Weight	ABS_Weight	Sign_Weight	ABSRootWeight	SignedRootWeight
15	PAN	Blautia_coccoides_YL58	Metabolite	96.79614651622407	96.79614651622407	1.0	9.838503266057499	9.838503266057499
21	Enterococcus_faecalis_KB1	PAN	Microbe	-0.9999999999998562	0.9999999999998562	-1.0	0.9999999999999281	-0.9999999999999281
33	PAN	Enterococcus_faecalis_KB1	Metabolite	96.79614651652125	96.79614651652125	1.0	9.838503266072602	9.838503266072602
44	Blautia_coccoides_YL58	PAN	Microbe	-0.9999999999997665	0.9999999999997665	-1.0	0.9999999999998832	-0.9999999999998832
