	Source	Target	SourceType	Weight	ABS_Weight	Sign_Weight	ABSRootWeight	SignedRootWeight
66	Enterocloster_clostridioformis_YL32	PAN	Microbe	-1.0000000000002238	1.0000000000002238	-1.0	1.000000000000112	-1.000000000000112
70	Bifidobacterium_animalis_YL2	PAN	Microbe	-0.9999999999998825	0.9999999999998825	-1.0	0.9999999999999413	-0.9999999999999413
75	PAN	Bifidobacterium_animalis_YL2	Metabolite	96.79614651755297	96.79614651755297	1.0	9.838503266125034	9.838503266125034
94	PAN	Enterocloster_clostridioformis_YL32	Metabolite	126.68907411987142	126.68907411987142	1.0	11.255624110633377	11.255624110633377
