	Source	Target	SourceType	Weight	ABS_Weight	Sign_Weight	ABSRootWeight	SignedRootWeight
29	Flavonifractor_plautii_YL31	PAN	Microbe	-0.9999999999752138	0.9999999999752138	-1.0	0.9999999999876069	-0.9999999999876069
39	Flavonifractor_plautii_YL31	Riboflavin	Microbe	-1.0000000000001632	1.0000000000001632	-1.0	1.0000000000000815	-1.0000000000000815
69	Enterocloster_clostridioformis_YL32	PAN	Microbe	-1.000000000000266	1.000000000000266	-1.0	1.000000000000133	-1.000000000000133
83	Riboflavin	Flavonifractor_plautii_YL31	Metabolite	126.68907411821382	126.68907411821382	1.0	11.255624110559744	11.255624110559744
100	PAN	Enterocloster_clostridioformis_YL32	Metabolite	126.68907411984387	126.68907411984387	1.0	11.255624110632153	11.255624110632153
