	Source	Target	SourceType	Weight	ABS_Weight	Sign_Weight	ABSRootWeight	SignedRootWeight
45	Flavonifractor_plautii_YL31	Riboflavin	Microbe	-0.9999999999999175	0.9999999999999175	-1.0	0.9999999999999587	-0.9999999999999587
50	Akkermansia_muciniphilaYL44	Riboflavin	Microbe	-1.0000000000000036	1.0000000000000036	-1.0	1.0000000000000018	-1.0000000000000018
88	Riboflavin	Flavonifractor_plautii_YL31	Metabolite	126.68907411845198	126.68907411845198	1.0	11.255624110570324	11.255624110570324
101	Riboflavin	Akkermansia_muciniphilaYL44	Metabolite	126.68907411812158	126.68907411812158	1.0	11.255624110555646	11.255624110555646
