	Source	Target	SourceType	Weight	ABS_Weight	Sign_Weight	ABSRootWeight	SignedRootWeight
24	PAN	Clostridium_innocuum_I46	Metabolite	126.6890741130228	126.6890741130228	1.0	11.255624110329148	11.255624110329148
39	Akkermansia_muciniphilaYL44	PAN	Microbe	-1.0000000000190727	1.0000000000190727	-1.0	1.0000000000095364	-1.0000000000095364
49	Akkermansia_muciniphilaYL44	Riboflavin	Microbe	-1.000000000000061	1.000000000000061	-1.0	1.0000000000000304	-1.0000000000000304
50	Clostridium_innocuum_I46	Riboflavin	Microbe	-1.000000000000006	1.000000000000006	-1.0	1.0000000000000029	-1.0000000000000029
66	Clostridium_innocuum_I46	PAN	Microbe	-1.0000000000007465	1.0000000000007465	-1.0	1.0000000000003733	-1.0000000000003733
92	Riboflavin	Akkermansia_muciniphilaYL44	Metabolite	126.68907411774377	126.68907411774377	1.0	11.255624110538863	11.255624110538863
