	Source	Target	SourceType	Weight	ABS_Weight	Sign_Weight	ABSRootWeight	SignedRootWeight
20	Enterococcus_faecalis_KB1	PAN	Microbe	-1.0000000000645624	1.0000000000645624	-1.0	1.000000000032281	-1.000000000032281
21	PAN	Limosilactobacillus_reuteri_I49	Metabolite	96.79614651719008	96.79614651719008	1.0	9.838503266106592	9.838503266106592
38	Limosilactobacillus_reuteri_I49	PAN	Microbe	-0.9999999999996372	0.9999999999996372	-1.0	0.9999999999998186	-0.9999999999998186
60	Riboflavin-e0	Enterococcus_faecalis_KB1	Metabolite	96.79614652274958	96.79614652274958	1.0	9.83850326638913	9.83850326638913
63	Enterococcus_faecalis_KB1	Riboflavin-e0	Microbe	-0.999999999999995	0.999999999999995	-1.0	0.9999999999999974	-0.9999999999999974
