	Source	Target	SourceType	Weight	Variance	ABS_Weight	Sign_Weight	ABSRootWeight	SignedRootWeight
7	Riboflavin	Turicimonas_muris_YL45	Metabolite	126.68486583814065	1.770902603914649e-05	126.68486583814065	1.0	11.255437167793202	11.255437167793202
24	Flavonifractor_plautii_YL31	Riboflavin	Microbe	-0.9999667826188972	1.1033577557795882e-09	0.9999667826188972	-1.0	0.999983391171522	-0.999983391171522
36	Turicimonas_muris_YL45	Riboflavin	Microbe	-0.9999667826186893	1.103357755782382e-09	0.9999667826186893	-1.0	0.9999833911714181	-0.9999833911714181
67	Riboflavin	Flavonifractor_plautii_YL31	Metabolite	126.68486583912022	1.7709026039357407e-05	126.68486583912022	1.0	11.255437167836718	11.255437167836718
