	Source	Target	SourceType	Weight	ABS_Weight	Sign_Weight	ABSRootWeight	SignedRootWeight
18	PAN	Limosilactobacillus_reuteri_I49	Metabolite	96.79614651712217	96.79614651712217	1.0	9.83850326610314	9.83850326610314
44	Limosilactobacillus_reuteri_I49	PAN	Microbe	-0.9999999999994339	0.9999999999994339	-1.0	0.9999999999997169	-0.9999999999997169
83	PAN	Bacteroides_caecimuris_I48	Metabolite	126.68907411729847	126.68907411729847	1.0	11.255624110519081	11.255624110519081
86	Bacteroides_caecimuris_I48	PAN	Microbe	-1.0000000000002573	1.0000000000002573	-1.0	1.0000000000001286	-1.0000000000001286
