	Source	Target	SourceType	Weight	ABS_Weight	Sign_Weight	ABSRootWeight	SignedRootWeight
24	PAN	Clostridium_innocuum_I46	Metabolite	126.68907411744908	126.68907411744908	1.0	11.255624110525773	11.255624110525773
67	Clostridium_innocuum_I46	PAN	Microbe	-0.9999999999997531	0.9999999999997531	-1.0	0.9999999999998765	-0.9999999999998765
71	Enterocloster_clostridioformis_YL32	PAN	Microbe	-1.000000000000287	1.000000000000287	-1.0	1.0000000000001434	-1.0000000000001434
96	PAN	Enterocloster_clostridioformis_YL32	Metabolite	126.68907411983177	126.68907411983177	1.0	11.255624110631617	11.255624110631617
