	Source	Target	SourceType	Weight	ABS_Weight	Sign_Weight	ABSRootWeight	SignedRootWeight
45	Flavonifractor_plautii_YL31	Riboflavin	Microbe	-1.0000000000000964	1.0000000000000964	-1.0	1.0000000000000482	-1.0000000000000482
50	Akkermansia_muciniphilaYL44	Riboflavin	Microbe	-1.0000000000000036	1.0000000000000036	-1.0	1.0000000000000018	-1.0000000000000018
88	Riboflavin	Flavonifractor_plautii_YL31	Metabolite	126.68907411853034	126.68907411853034	1.0	11.255624110573804	11.255624110573804
101	Riboflavin	Akkermansia_muciniphilaYL44	Metabolite	126.68907411812158	126.68907411812158	1.0	11.255624110555646	11.255624110555646
