	Source	Target	SourceType	Weight	ABS_Weight	Sign_Weight	ABSRootWeight	SignedRootWeight
41	Akkermansia_muciniphilaYL44	Riboflavin	Microbe	-0.9999999999994187	0.9999999999994187	-1.0	0.9999999999997093	-0.9999999999997093
58	Riboflavin-e0	Enterococcus_faecalis_KB1	Metabolite	96.79614649740785	96.79614649740785	1.0	9.838503265101245	9.838503265101245
62	Enterococcus_faecalis_KB1	Riboflavin-e0	Microbe	-0.9999999999999098	0.9999999999999098	-1.0	0.9999999999999549	-0.9999999999999549
90	Riboflavin	Akkermansia_muciniphilaYL44	Metabolite	126.68907411739914	126.68907411739914	1.0	11.255624110523554	11.255624110523554
