	Source	Target	SourceType	Weight	ABS_Weight	Sign_Weight	ABSRootWeight	SignedRootWeight
18	PAN	Blautia_coccoides_YL58	Metabolite	96.7961465208817	96.7961465208817	1.0	9.838503266294204	9.838503266294204
29	Flavonifractor_plautii_YL31	PAN	Microbe	-1.0000000000038953	1.0000000000038953	-1.0	1.0000000000019476	-1.0000000000019476
36	Blautia_coccoides_YL58	PAN	Microbe	-1.000000000000057	1.000000000000057	-1.0	1.0000000000000284	-1.0000000000000284
37	Flavonifractor_plautii_YL31	Riboflavin	Microbe	-0.9999999999999478	0.9999999999999478	-1.0	0.9999999999999739	-0.9999999999999739
50	Blautia_coccoides_YL58	Riboflavin	Microbe	-1.0000000000000018	1.0000000000000018	-1.0	1.0000000000000009	-1.0000000000000009
80	Riboflavin	Flavonifractor_plautii_YL31	Metabolite	126.6890741173045	126.6890741173045	1.0	11.25562411051935	11.25562411051935
