	Source	Target	SourceType	Weight	ABS_Weight	Sign_Weight	ABSRootWeight	SignedRootWeight
13	N-Acetyl-D-glucosamine-e0	Clostridium_innocuum_I46	Metabolite	18.11734065467481	18.11734065467481	1.0	4.256446951939471	4.256446951939471
34	Clostridium_innocuum_I46	N-Acetyl-D-glucosamine-e0	Microbe	-1.000000000000026	1.000000000000026	-1.0	1.0000000000000129	-1.0000000000000129
