	Source	Target	SourceType	Weight	ABS_Weight	Sign_Weight	ABSRootWeight	SignedRootWeight
46	Akkermansia_muciniphilaYL44	Riboflavin	Microbe	-0.999999999999968	0.999999999999968	-1.0	0.999999999999984	-0.999999999999984
58	Riboflavin	Limosilactobacillus_reuteri_I49	Metabolite	96.7961465168224	96.7961465168224	1.0	9.838503266087907	9.838503266087907
61	Limosilactobacillus_reuteri_I49	Riboflavin	Microbe	-0.9999999999999748	0.9999999999999748	-1.0	0.9999999999999873	-0.9999999999999873
98	Riboflavin	Akkermansia_muciniphilaYL44	Metabolite	126.68907411746463	126.68907411746463	1.0	11.255624110526464	11.255624110526464
