	Source	Target	SourceType	Weight	ABS_Weight	Sign_Weight	ABSRootWeight	SignedRootWeight
3	Riboflavin	Bacteroides_caecimuris_I48	Metabolite	126.68907411745595	126.68907411745595	1.0	11.255624110526076	11.255624110526076
14	Clostridium_innocuum_I46	Folate-e0	Microbe	-1.0000000000001645	1.0000000000001645	-1.0	1.0000000000000822	-1.0000000000000822
17	Folate-e0	Clostridium_innocuum_I46	Metabolite	84.45938274388858	84.45938274388858	1.0	9.190178602393349	9.190178602393349
45	Clostridium_innocuum_I46	Riboflavin	Microbe	-0.6666666666630897	0.6666666666630897	-1.0	0.8164965809255356	-0.8164965809255356
69	Bacteroides_caecimuris_I48	Riboflavin	Microbe	-1.0000000000000133	1.0000000000000133	-1.0	1.0000000000000067	-1.0000000000000067
