	Source	Target	SourceType	Weight	ABS_Weight	Sign_Weight	ABSRootWeight	SignedRootWeight
22	Clostridium_innocuum_I46	PAN	Microbe	-0.9999999999996162	0.9999999999996162	-1.0	0.999999999999808	-0.999999999999808
39	PAN	Clostridium_innocuum_I46	Metabolite	126.68907411763581	126.68907411763581	1.0	11.255624110534066	11.255624110534066
