	Source	Target	SourceType	Weight	ABS_Weight	Sign_Weight	ABSRootWeight	SignedRootWeight
4	Folate	Muribaculum_intestinale_YL27	Metabolite	84.45938274457208	84.45938274457208	1.0	9.190178602430537	9.190178602430537
57	Folate-e0	Flavonifractor_plautii_YL31	Metabolite	84.45938272269781	84.45938272269781	1.0	9.190178601240447	9.190178601240447
65	Muribaculum_intestinale_YL27	Folate	Microbe	-0.9999999999999281	0.9999999999999281	-1.0	0.999999999999964	-0.999999999999964
87	Flavonifractor_plautii_YL31	Folate-e0	Microbe	-1.000000000000161	1.000000000000161	-1.0	1.0000000000000804	-1.0000000000000804
