	Source	Target	SourceType	Weight	ABS_Weight	Sign_Weight	ABSRootWeight	SignedRootWeight
22	PAN	Clostridium_innocuum_I46	Metabolite	126.68907411697612	126.68907411697612	1.0	11.255624110504762	11.255624110504762
32	Flavonifractor_plautii_YL31	PAN	Microbe	-0.9999999999633681	0.9999999999633681	-1.0	0.999999999981684	-0.999999999981684
43	Flavonifractor_plautii_YL31	Riboflavin	Microbe	-0.9999999999998982	0.9999999999998982	-1.0	0.999999999999949	-0.999999999999949
51	Clostridium_innocuum_I46	Riboflavin	Microbe	-0.9999999999999989	0.9999999999999989	-1.0	0.9999999999999994	-0.9999999999999994
66	Clostridium_innocuum_I46	PAN	Microbe	-0.9999999999999738	0.9999999999999738	-1.0	0.9999999999999869	-0.9999999999999869
87	Riboflavin	Flavonifractor_plautii_YL31	Metabolite	126.68907411742643	126.68907411742643	1.0	11.255624110524765	11.255624110524765
