	Source	Target	Metabolites	Weight	Variance	ABS_Weight	Sign_Weight	ABSRootWeight	SignedRootWeight
0	bc1009	bc1001	O2	-0.07255124203212117	0.0052628651859555325	0.07255124203212117	-1.0	0.26935337761409484	-0.26935337761409484
1	bc1001	bc1009	O2	-0.07294713919007924	0.0053206049774166915	0.07294713919007924	-1.0	0.2700872806891862	-0.2700872806891862
2	bc1001	bc1009	D-Glucose.O2	-9.521763110315917e-07	1.453930872867813e-07	9.521763110315917e-07	-1.0	0.0009757952198241143	-0.0009757952198241143
3	bc1009	bc1001	D-Glucose	-0.11763071969187397	0.01744057657192874	0.11763071969187397	-1.0	0.3429733512853061	-0.3429733512853061
4	bc1001	bc1009	D-Glucose	-0.10616351011651977	0.014205936484882033	0.10616351011651977	-1.0	0.32582742382512825	-0.32582742382512825
