	Source	Target	SourceType	Weight	ABS_Weight	Sign_Weight	ABSRootWeight	SignedRootWeight
27	Uracil-e0	Limosilactobacillus_reuteri_I49	Metabolite	0.5498248331021833	0.5498248331021833	1.0	0.7415017418065741	0.7415017418065741
54	Limosilactobacillus_reuteri_I49	Uracil-e0	Microbe	-0.9999999999999999	0.9999999999999999	-1.0	0.9999999999999999	-0.9999999999999999
