	Source	Target	SourceType	Weight	ABS_Weight	Sign_Weight	ABSRootWeight	SignedRootWeight
20	PAN	Clostridium_innocuum_I46	Metabolite	126.68907412174782	126.68907412174782	1.0	11.255624110716733	11.255624110716733
44	Muribaculum_intestinale_YL27	PAN	Microbe	-1.0000000000000815	1.0000000000000815	-1.0	1.0000000000000406	-1.0000000000000406
65	Clostridium_innocuum_I46	PAN	Microbe	-1.0000000000004974	1.0000000000004974	-1.0	1.0000000000002487	-1.0000000000002487
101	PAN	Muribaculum_intestinale_YL27	Metabolite	126.68907411844015	126.68907411844015	1.0	11.255624110569798	11.255624110569798
