	Source	Target	SourceType	Weight	ABS_Weight	Sign_Weight	ABSRootWeight	SignedRootWeight
0	Riboflavin	Bifidobacterium_animalis_YL2	Metabolite	96.79614651516174	96.79614651516174	1.0	9.83850326600351	9.83850326600351
22	Muribaculum_intestinale_YL27	Riboflavin	Microbe	-1.0000000000000049	1.0000000000000049	-1.0	1.0000000000000024	-1.0000000000000024
58	Riboflavin	Muribaculum_intestinale_YL27	Metabolite	126.68907411823325	126.68907411823325	1.0	11.255624110560607	11.255624110560607
81	Bifidobacterium_animalis_YL2	Riboflavin	Microbe	-0.9999999999997319	0.9999999999997319	-1.0	0.9999999999998659	-0.9999999999998659
