	Source	Target	SourceType	Weight	ABS_Weight	Sign_Weight	ABSRootWeight	SignedRootWeight
8	Riboflavin	Muribaculum_intestinale_YL27	Metabolite	126.68907411756099	126.68907411756099	1.0	11.255624110530743	11.255624110530743
45	Muribaculum_intestinale_YL27	Riboflavin	Microbe	-0.9999999999999721	0.9999999999999721	-1.0	0.999999999999986	-0.999999999999986
