	Source	Target	SourceType	Weight	Variance	ABS_Weight	Sign_Weight	ABSRootWeight	SignedRootWeight
6	Riboflavin	Turicimonas_muris_YL45	Metabolite	126.68907411739079	3.223346148652667e-25	126.68907411739079	1.0	11.255624110523183	11.255624110523183
27	Turicimonas_muris_YL45	PAN	Microbe	-1.0000000000479423	3.458066193708472e-32	1.0000000000479423	-1.0	1.000000000023971	-1.000000000023971
34	Turicimonas_muris_YL45	Riboflavin	Microbe	-0.9999999999997203	1.3539449483810755e-29	0.9999999999997203	-1.0	0.9999999999998601	-0.9999999999998601
50	Bacteroides_caecimuris_I48	Riboflavin	Microbe	-0.9999999999999996	5.715926000884891e-32	0.9999999999999996	-1.0	0.9999999999999998	-0.9999999999999998
57	PAN	Bacteroides_caecimuris_I48	Metabolite	126.68907411715634	2.063018236755928e-19	126.68907411715634	1.0	11.255624110512768	11.255624110512768
62	Bacteroides_caecimuris_I48	PAN	Microbe	-0.9999999999999969	2.147208848992923e-27	0.9999999999999969	-1.0	0.9999999999999984	-0.9999999999999984
