	Source	Target	SourceType	Weight	ABS_Weight	Sign_Weight	ABSRootWeight	SignedRootWeight
3	Riboflavin	Bacteroides_caecimuris_I48	Metabolite	126.68907411745595	126.68907411745595	1.0	11.255624110526076	11.255624110526076
14	Clostridium_innocuum_I46	Folate-e0	Microbe	-0.9999999999999681	0.9999999999999681	-1.0	0.999999999999984	-0.999999999999984
17	Folate-e0	Clostridium_innocuum_I46	Metabolite	84.45938274411542	84.45938274411542	1.0	9.190178602405691	9.190178602405691
45	Clostridium_innocuum_I46	Riboflavin	Microbe	-0.2506085811532197	0.2506085811532197	-1.0	0.5006082112323166	-0.5006082112323166
70	Bacteroides_caecimuris_I48	Riboflavin	Microbe	-1.0000000000000133	1.0000000000000133	-1.0	1.0000000000000067	-1.0000000000000067
