	Source	Target	Metabolites	Weight	Variance	ABS_Weight	Sign_Weight	ABSRootWeight	SignedRootWeight
0	bc1010	bc1012	Fumarate.O2	-0.038632091362947416	0.00441768049836382	0.038632091362947416	-1.0	0.1965504804444584	-0.1965504804444584
1	bc1012	bc1010	O2	-0.04532795528874539	0.004858003532752842	0.04532795528874539	-1.0	0.212903629111261	-0.212903629111261
2	bc1010	bc1012	D-Glucose.Fumarate.O2	-0.0006212629556554621	0.00012692325514419001	0.0006212629556554621	-1.0	0.024925147053838262	-0.024925147053838262
3	bc1010	bc1012	D-Glucose.O2	-0.005555137587494248	0.0006807202255764942	0.005555137587494248	-1.0	0.07453279538226275	-0.07453279538226275
4	bc1012	bc1010	D-Glucose	-0.1893948807646969	0.015188960408993995	0.1893948807646969	-1.0	0.43519522144055867	-0.43519522144055867
5	bc1010	bc1012	D-Glucose	-0.1269073681546708	0.006926325510961166	0.1269073681546708	-1.0	0.35624060430370763	-0.35624060430370763
