	Source	Target	SourceType	Weight	ABS_Weight	Sign_Weight	ABSRootWeight	SignedRootWeight
18	PAN	Blautia_coccoides_YL58	Metabolite	96.79614652093773	96.79614652093773	1.0	9.83850326629705	9.83850326629705
27	PAN	Clostridium_innocuum_I46	Metabolite	126.68907411561172	126.68907411561172	1.0	11.255624110444153	11.255624110444153
43	Blautia_coccoides_YL58	PAN	Microbe	-1.000000000000086	1.000000000000086	-1.0	1.0000000000000429	-1.0000000000000429
68	Clostridium_innocuum_I46	PAN	Microbe	-0.9999999999998925	0.9999999999998925	-1.0	0.9999999999999463	-0.9999999999999463
