	Source	Target	SourceType	Weight	ABS_Weight	Sign_Weight	ABSRootWeight	SignedRootWeight
28	Akkermansia_muciniphilaYL44	Riboflavin	Microbe	-0.9999999999998549	0.9999999999998549	-1.0	0.9999999999999274	-0.9999999999999274
31	Riboflavin	Akkermansia_muciniphilaYL44	Metabolite	126.6890741172843	126.6890741172843	1.0	11.255624110518452	11.255624110518452
