	Source	Target	SourceType	Weight	ABS_Weight	Sign_Weight	ABSRootWeight	SignedRootWeight
16	PAN	Blautia_coccoides_YL58	Metabolite	96.79614651617436	96.79614651617436	1.0	9.838503266054973	9.838503266054973
22	Enterococcus_faecalis_KB1	PAN	Microbe	-1.000000000057351	1.000000000057351	-1.0	1.0000000000286755	-1.0000000000286755
45	Blautia_coccoides_YL58	PAN	Microbe	-1.0000000000001334	1.0000000000001334	-1.0	1.0000000000000666	-1.0000000000000666
69	Riboflavin-e0	Enterococcus_faecalis_KB1	Metabolite	96.79614652206305	96.79614652206305	1.0	9.838503266354241	9.838503266354241
73	Enterococcus_faecalis_KB1	Riboflavin-e0	Microbe	-0.9999999999999089	0.9999999999999089	-1.0	0.9999999999999544	-0.9999999999999544
