	Source	Target	SourceType	Weight	ABS_Weight	Sign_Weight	ABSRootWeight	SignedRootWeight
18	PAN	Blautia_coccoides_YL58	Metabolite	96.79614652208973	96.79614652208973	1.0	9.838503266355596	9.838503266355596
40	Blautia_coccoides_YL58	PAN	Microbe	-0.999999999999968	0.999999999999968	-1.0	0.999999999999984	-0.999999999999984
51	N-acetyl-D-gluosamine	Enterocloster_clostridioformis_YL32	Metabolite	18.11734065467524	18.11734065467524	1.0	4.256446951939521	4.256446951939521
71	Enterocloster_clostridioformis_YL32	PAN	Microbe	-0.14300633879637142	0.14300633879637142	-1.0	0.37816178918073073	-0.37816178918073073
99	Enterocloster_clostridioformis_YL32	N-acetyl-D-gluosamine	Microbe	-0.9999999999999735	0.9999999999999735	-1.0	0.9999999999999867	-0.9999999999999867
