	Source	Target	Weight	Metabolites	ABSWeight	SignWeight	ABSRootWeight	SignedRootWeight
bc1015->bc1002	bc1015	bc1002	-0.2708708696473847	D-Glucose	0.2708708696473847	-1.0	0.5204525623410694	-0.5204525623410694
bc1002->bc1015	bc1002	bc1015	-0.27872439116866515	D-Glucose	0.27872439116866515	-1.0	0.5279435492253552	-0.5279435492253552
