	Source	Target	SourceType	Weight	ABS_Weight	Sign_Weight	ABSRootWeight	SignedRootWeight
8	Riboflavin	Muribaculum_intestinale_YL27	Metabolite	126.68907411851127	126.68907411851127	1.0	11.255624110572958	11.255624110572958
43	Muribaculum_intestinale_YL27	Riboflavin	Microbe	-0.9999999999999781	0.9999999999999781	-1.0	0.999999999999989	-0.999999999999989
