	Source	Target	SourceType	Weight	ABS_Weight	Sign_Weight	ABSRootWeight	SignedRootWeight
9	Putrescine-e0	Flavonifractor_plautii_YL31	Metabolite	126.68907411756582	126.68907411756582	1.0	11.255624110530958	11.255624110530958
21	PAN	Blautia_coccoides_YL58	Metabolite	96.79614652174774	96.79614652174774	1.0	9.838503266338217	9.838503266338217
34	Flavonifractor_plautii_YL31	PAN	Microbe	-0.9999999999867079	0.9999999999867079	-1.0	0.9999999999933539	-0.9999999999933539
42	Blautia_coccoides_YL58	PAN	Microbe	-0.9999999999998702	0.9999999999998702	-1.0	0.999999999999935	-0.999999999999935
66	Flavonifractor_plautii_YL31	Putrescine-e0	Microbe	-0.999999999998181	0.999999999998181	-1.0	0.9999999999990905	-0.9999999999990905
