	Source	Target	SourceType	Weight	ABS_Weight	Sign_Weight	ABSRootWeight	SignedRootWeight
22	Muribaculum_intestinale_YL27	Riboflavin	Microbe	-0.9999999999999737	0.9999999999999737	-1.0	0.9999999999999868	-0.9999999999999868
40	Muribaculum_intestinale_YL27	PAN	Microbe	-1.0000000000016112	1.0000000000016112	-1.0	1.0000000000008056	-1.0000000000008056
56	Riboflavin	Muribaculum_intestinale_YL27	Metabolite	126.68907411737196	126.68907411737196	1.0	11.255624110522346	11.255624110522346
67	Enterocloster_clostridioformis_YL32	PAN	Microbe	-0.9999999999999506	0.9999999999999506	-1.0	0.9999999999999752	-0.9999999999999752
93	PAN	Enterocloster_clostridioformis_YL32	Metabolite	126.68907411980524	126.68907411980524	1.0	11.255624110630437	11.255624110630437
