	Source	Target	SourceType	Weight	ABS_Weight	Sign_Weight	ABSRootWeight	SignedRootWeight
23	Muribaculum_intestinale_YL27	Riboflavin	Microbe	-1.0000000000000808	1.0000000000000808	-1.0	1.0000000000000404	-1.0000000000000404
41	Muribaculum_intestinale_YL27	PAN	Microbe	-1.0000000000011835	1.0000000000011835	-1.0	1.0000000000005917	-1.0000000000005917
57	Riboflavin	Muribaculum_intestinale_YL27	Metabolite	126.68907411736915	126.68907411736915	1.0	11.255624110522222	11.255624110522222
69	Enterocloster_clostridioformis_YL32	PAN	Microbe	-0.9999999999999506	0.9999999999999506	-1.0	0.9999999999999752	-0.9999999999999752
95	PAN	Enterocloster_clostridioformis_YL32	Metabolite	126.68907411980524	126.68907411980524	1.0	11.255624110630437	11.255624110630437
