	Source	Target	SourceType	Weight	ABS_Weight	Sign_Weight	ABSRootWeight	SignedRootWeight
25	Muribaculum_intestinale_YL27	Riboflavin	Microbe	-0.9999999999999473	0.9999999999999473	-1.0	0.9999999999999736	-0.9999999999999736
44	Muribaculum_intestinale_YL27	PAN	Microbe	-1.0000000000197804	1.0000000000197804	-1.0	1.00000000000989	-1.00000000000989
61	Riboflavin	Muribaculum_intestinale_YL27	Metabolite	126.6890741214242	126.6890741214242	1.0	11.255624110702357	11.255624110702357
73	Enterocloster_clostridioformis_YL32	PAN	Microbe	-0.9999999999999506	0.9999999999999506	-1.0	0.9999999999999752	-0.9999999999999752
99	PAN	Enterocloster_clostridioformis_YL32	Metabolite	126.68907411980524	126.68907411980524	1.0	11.255624110630437	11.255624110630437
