	Source	Target	SourceType	Weight	ABS_Weight	Sign_Weight	ABSRootWeight	SignedRootWeight
29	PAN	Clostridium_innocuum_I46	Metabolite	126.68907411786051	126.68907411786051	1.0	11.25562411054405	11.25562411054405
32	PAN	Limosilactobacillus_reuteri_I49	Metabolite	96.79614652126436	96.79614652126436	1.0	9.83850326631365	9.83850326631365
58	Limosilactobacillus_reuteri_I49	PAN	Microbe	-0.9999999999998391	0.9999999999998391	-1.0	0.9999999999999195	-0.9999999999999195
80	Clostridium_innocuum_I46	PAN	Microbe	-1.0000000000000455	1.0000000000000455	-1.0	1.0000000000000226	-1.0000000000000226
