	Source	Target	SourceType	Weight	ABS_Weight	Sign_Weight	ABSRootWeight	SignedRootWeight
9	Putrescine-e0	Flavonifractor_plautii_YL31	Metabolite	126.68907411681015	126.68907411681015	1.0	11.25562411049739	11.25562411049739
21	PAN	Blautia_coccoides_YL58	Metabolite	96.79614652174774	96.79614652174774	1.0	9.838503266338217	9.838503266338217
33	Flavonifractor_plautii_YL31	PAN	Microbe	-1.99999999993849	1.99999999993849	-1.0	1.414213562351348	-1.414213562351348
41	Blautia_coccoides_YL58	PAN	Microbe	-0.9999999999998702	0.9999999999998702	-1.0	0.999999999999935	-0.999999999999935
51	Flavonifractor_plautii_YL31	Spermidine-e0	Microbe	-1.000000000000046	1.000000000000046	-1.0	1.0000000000000229	-1.0000000000000229
60	Blautia_coccoides_YL58	Spermidine-e0	Microbe	-0.9999999999999997	0.9999999999999997	-1.0	0.9999999999999998	-0.9999999999999998
65	Flavonifractor_plautii_YL31	Putrescine-e0	Microbe	-0.9999999999996172	0.9999999999996172	-1.0	0.9999999999998086	-0.9999999999998086
71	Spermidine-e0	Flavonifractor_plautii_YL31	Metabolite	126.68907411681107	126.68907411681107	1.0	11.25562411049743	11.25562411049743
