	Source	Target	SourceType	Weight	ABS_Weight	Sign_Weight	ABSRootWeight	SignedRootWeight
1	Riboflavin	Bifidobacterium_animalis_YL2	Metabolite	96.79614651724023	96.79614651724023	1.0	9.838503266109141	9.838503266109141
23	PAN	Limosilactobacillus_reuteri_I49	Metabolite	96.7961465209654	96.7961465209654	1.0	9.838503266298456	9.838503266298456
48	Limosilactobacillus_reuteri_I49	PAN	Microbe	-1.000000000000759	1.000000000000759	-1.0	1.0000000000003795	-1.0000000000003795
61	Limosilactobacillus_reuteri_I49	Riboflavin	Microbe	-1.0000000000000084	1.0000000000000084	-1.0	1.0000000000000042	-1.0000000000000042
83	Bifidobacterium_animalis_YL2	PAN	Microbe	-1.0000000000020597	1.0000000000020597	-1.0	1.0000000000010298	-1.0000000000010298
94	Bifidobacterium_animalis_YL2	Riboflavin	Microbe	-0.9999999999999636	0.9999999999999636	-1.0	0.9999999999999818	-0.9999999999999818
