	Source	Target	SourceType	Weight	ABS_Weight	Sign_Weight	ABSRootWeight	SignedRootWeight
18	PAN	Blautia_coccoides_YL58	Metabolite	96.79614652122343	96.79614652122343	1.0	9.83850326631157	9.83850326631157
23	Clostridium_innocuum_I46	N-Acetyl-D-glucosamine-e0	Microbe	-0.9999999999999905	0.9999999999999905	-1.0	0.9999999999999952	-0.9999999999999952
39	N-Acetyl-D-glucosamine-e0	Clostridium_innocuum_I46	Metabolite	18.11734065466974	18.11734065466974	1.0	4.256446951938875	4.256446951938875
46	Blautia_coccoides_YL58	PAN	Microbe	-1.0000000000000862	1.0000000000000862	-1.0	1.000000000000043	-1.000000000000043
71	Clostridium_innocuum_I46	PAN	Microbe	-0.14300633879232041	0.14300633879232041	-1.0	0.3781617891753745	-0.3781617891753745
