	Source	Target	SourceType	Weight	ABS_Weight	Sign_Weight	ABSRootWeight	SignedRootWeight
21	Muribaculum_intestinale_YL27	Riboflavin	Microbe	-0.9999999999999797	0.9999999999999797	-1.0	0.9999999999999898	-0.9999999999999898
53	Riboflavin	Muribaculum_intestinale_YL27	Metabolite	126.68907411780886	126.68907411780886	1.0	11.255624110541754	11.255624110541754
64	Riboflavin-e0	Enterococcus_faecalis_KB1	Metabolite	96.79614595827918	96.79614595827918	1.0	9.838503237702328	9.838503237702328
67	Enterococcus_faecalis_KB1	Riboflavin-e0	Microbe	-0.9999999999999554	0.9999999999999554	-1.0	0.9999999999999777	-0.9999999999999777
