	MetConSIN	DirectDFBA	Difference	ABS_Difference	SameSign
bc1008##D-Glucose	-0.9999999999999929	1.4e-07	-1.000000139999993	1.000000139999993	-1.0
bc1008##L-Lactate	0.9994146777673392	-1.4e-07	0.9994148177673392	0.9994148177673392	-1.0
bc1008##Acetate	1.4964829358244556	-2.1e-07	1.4964831458244556	1.4964831458244556	-1.0
bc1008##H+	2.428694664394088	-3.4e-07	2.428695004394088	2.428695004394088	-1.0
bc1008##H2O	0.35072054448039347	-5e-08	0.35072059448039344	0.35072059448039344	-1.0
