	Source	Target	Weight	Metabolites	ABSWeight	SignWeight	ABSRootWeight	SignedRootWeight
bc1012->bc1011	bc1012	bc1011	-0.2701563170637771	D-Glucose	0.2701563170637771	-1.0	0.5197656366707759	-0.5197656366707759
bc1015->bc1011	bc1015	bc1011	-0.2701563170637772	D-Glucose	0.2701563170637772	-1.0	0.519765636670776	-0.519765636670776
bc1011->bc1012	bc1011	bc1012	-0.21138893019056215	D-Glucose	0.21138893019056215	-1.0	0.4597705190533231	-0.4597705190533231
bc1015->bc1012	bc1015	bc1012	-0.2113889301905642	D-Glucose	0.2113889301905642	-1.0	0.45977051905332533	-0.45977051905332533
bc1011->bc1015	bc1011	bc1015	-0.25030228184986536	D-Glucose	0.25030228184986536	-1.0	0.5003021905307485	-0.5003021905307485
bc1012->bc1015	bc1012	bc1015	-0.2503022818498677	D-Glucose	0.2503022818498677	-1.0	0.5003021905307509	-0.5003021905307509
