	Source	Target	SourceType	Weight	ABS_Weight	Sign_Weight	ABSRootWeight	SignedRootWeight
18	PAN	Blautia_coccoides_YL58	Metabolite	96.79614652163562	96.79614652163562	1.0	9.838503266332518	9.838503266332518
28	PAN	Clostridium_innocuum_I46	Metabolite	126.68907411957778	126.68907411957778	1.0	11.255624110620333	11.255624110620333
45	Blautia_coccoides_YL58	PAN	Microbe	-0.999999999999811	0.999999999999811	-1.0	0.9999999999999055	-0.9999999999999055
70	Clostridium_innocuum_I46	PAN	Microbe	-0.9999999999999982	0.9999999999999982	-1.0	0.9999999999999991	-0.9999999999999991
