	Source	Target	SourceType	Weight	ABS_Weight	Sign_Weight	ABSRootWeight	SignedRootWeight
48	Akkermansia_muciniphilaYL44	Riboflavin	Microbe	-0.999999999999968	0.999999999999968	-1.0	0.999999999999984	-0.999999999999984
60	Riboflavin	Limosilactobacillus_reuteri_I49	Metabolite	96.79614651698613	96.79614651698613	1.0	9.838503266096227	9.838503266096227
63	Limosilactobacillus_reuteri_I49	Riboflavin	Microbe	-0.9999999999999909	0.9999999999999909	-1.0	0.9999999999999954	-0.9999999999999954
102	Riboflavin	Akkermansia_muciniphilaYL44	Metabolite	126.68907411746463	126.68907411746463	1.0	11.255624110526464	11.255624110526464
