	Source	Target	SourceType	Weight	ABS_Weight	Sign_Weight	ABSRootWeight	SignedRootWeight
19	D-Glucose	bc1009	Metabolite	3.1363004459461545	3.1363004459461545	1.0	1.7709603174397088	1.7709603174397088
31	bc1009	D-Glucose	Microbe	-1.0000000000002518	1.0000000000002518	-1.0	1.000000000000126	-1.000000000000126
48	bc1003	O2	Microbe	-1.8211657418871308	1.8211657418871308	-1.0	1.3495057398496424	-1.3495057398496424
103	bc1003	D-Glucose	Microbe	-1.000000000000002	1.000000000000002	-1.0	1.0000000000000009	-1.0000000000000009
130	D-Glucose	bc1003	Metabolite	0.2785952523668638	0.2785952523668638	1.0	0.5278212314476027	0.5278212314476027
131	bc1009	O2	Microbe	-0.9999999999999888	0.9999999999999888	-1.0	0.9999999999999943	-0.9999999999999943
134	O2	bc1009	Metabolite	-1.5681502229731277	1.5681502229731277	-1.0	1.252258049673919	-1.252258049673919
