	MetConSIN	DirectDFBA	Difference	ABS_Difference	SameSign
bc1003##H2O	3.6746527745200437	1e-08	3.6746527645200437	3.6746527645200437	1.0
bc1009##CO2	2.0116781685769234	1e-08	2.0116781585769234	2.0116781585769234	1.0
bc1003##CO2	2.0046432360569577	1e-08	2.0046432260569578	2.0046432260569578	1.0
bc1012##H2O	3.091378892836222	1e-08	3.091378882836222	3.091378882836222	1.0
bc1012##CO2	2.003365657661565	1e-08	2.003365647661565	2.003365647661565	1.0
bc1009##H2O	3.5033203240517694	1e-08	3.5033203140517695	3.5033203140517695	1.0
bc1001##H2O	2.8036993953064497	1e-08	2.80369938530645	2.80369938530645	1.0
bc1001##CO2	2.006195995158381	1e-08	2.006195985158381	2.006195985158381	1.0
