	Source	Target	SourceType	Weight	ABS_Weight	Sign_Weight	ABSRootWeight	SignedRootWeight
20	PAN	Clostridium_innocuum_I46	Metabolite	126.6890741104065	126.6890741104065	1.0	11.255624110212924	11.255624110212924
44	Muribaculum_intestinale_YL27	PAN	Microbe	-1.0000000000000815	1.0000000000000815	-1.0	1.0000000000000406	-1.0000000000000406
64	Clostridium_innocuum_I46	PAN	Microbe	-1.0000000000000608	1.0000000000000608	-1.0	1.0000000000000304	-1.0000000000000304
99	PAN	Muribaculum_intestinale_YL27	Metabolite	126.68907411844015	126.68907411844015	1.0	11.255624110569798	11.255624110569798
