	Source	Target	SourceType	Weight	ABS_Weight	Sign_Weight	ABSRootWeight	SignedRootWeight
0	Riboflavin	Bifidobacterium_animalis_YL2	Metabolite	96.79614651724023	96.79614651724023	1.0	9.838503266109141	9.838503266109141
19	Muribaculum_intestinale_YL27	Riboflavin	Microbe	-0.9999999999999892	0.9999999999999892	-1.0	0.9999999999999946	-0.9999999999999946
58	Riboflavin	Muribaculum_intestinale_YL27	Metabolite	126.68907411828027	126.68907411828027	1.0	11.255624110562696	11.255624110562696
83	Bifidobacterium_animalis_YL2	Riboflavin	Microbe	-0.9999999999999636	0.9999999999999636	-1.0	0.9999999999999818	-0.9999999999999818
