	Source	Target	Weight	Metabolites	ABSWeight	SignWeight	ABSRootWeight	SignedRootWeight
bc1001->bc1016	bc1001	bc1016	-0.03152386363816543	D-Glucose	0.03152386363816543	-1.0	0.1775496089496269	-0.1775496089496269
bc1003->bc1016	bc1003	bc1016	-0.031547533749478725	D-Glucose	0.031547533749478725	-1.0	0.1776162541815324	-0.1776162541815324
bc1001->bc1003	bc1001	bc1003	-0.15297633046741727	O2	0.15297633046741727	-1.0	0.3911218869705674	-0.3911218869705674
bc1016->bc1003	bc1016	bc1003	-0.0034292762875456568	O2	0.0034292762875456568	-1.0	0.05856002294693588	-0.05856002294693588
bc1003->bc1001	bc1003	bc1001	-0.15236136794857968	O2	0.15236136794857968	-1.0	0.390334943284072	-0.390334943284072
bc1016->bc1001	bc1016	bc1001	-0.0034154906490933665	O2	0.0034154906490933665	-1.0	0.05844219921506519	-0.05844219921506519
