	Source	Target	Weight	Metabolites	ABSWeight	SignWeight	ABSRootWeight	SignedRootWeight
bc1001->bc1009	bc1001	bc1009	-0.1531947786395359	O2	0.1531947786395359	-1.0	0.39140104578237384	-0.39140104578237384
bc1015->bc1009	bc1015	bc1009	-0.15319477863953596	O2	0.15319477863953596	-1.0	0.3914010457823739	-0.3914010457823739
bc1001->bc1015	bc1001	bc1015	-0.15324853629752627	O2	0.15324853629752627	-1.0	0.391469713129287	-0.391469713129287
bc1009->bc1015	bc1009	bc1015	-0.15324853629752688	O2	0.15324853629752688	-1.0	0.3914697131292878	-0.3914697131292878
bc1009->bc1001	bc1009	bc1001	-0.15236136794857946	O2	0.15236136794857946	-1.0	0.3903349432840717	-0.3903349432840717
bc1015->bc1001	bc1015	bc1001	-0.1523613679485789	O2	0.1523613679485789	-1.0	0.390334943284071	-0.390334943284071
