	Source	Target	SourceType	Weight	ABS_Weight	Sign_Weight	ABSRootWeight	SignedRootWeight
20	PAN	Blautia_coccoides_YL58	Metabolite	96.79614652174774	96.79614652174774	1.0	9.838503266338217	9.838503266338217
31	Flavonifractor_plautii_YL31	PAN	Microbe	-0.9999999999778576	0.9999999999778576	-1.0	0.9999999999889287	-0.9999999999889287
39	Blautia_coccoides_YL58	PAN	Microbe	-0.9999999999998702	0.9999999999998702	-1.0	0.999999999999935	-0.999999999999935
40	Flavonifractor_plautii_YL31	Riboflavin	Microbe	-0.9999999999999568	0.9999999999999568	-1.0	0.9999999999999784	-0.9999999999999784
52	Blautia_coccoides_YL58	Riboflavin	Microbe	-0.9999999999999997	0.9999999999999997	-1.0	0.9999999999999998	-0.9999999999999998
85	Riboflavin	Flavonifractor_plautii_YL31	Metabolite	126.68907411768627	126.68907411768627	1.0	11.255624110536308	11.255624110536308
