	Source	Target	SourceType	Weight	ABS_Weight	Sign_Weight	ABSRootWeight	SignedRootWeight
23	Muribaculum_intestinale_YL27	Riboflavin	Microbe	-0.99999999999992	0.99999999999992	-1.0	0.9999999999999599	-0.9999999999999599
42	Muribaculum_intestinale_YL27	PAN	Microbe	-1.0000000000134648	1.0000000000134648	-1.0	1.0000000000067324	-1.0000000000067324
60	Riboflavin	Muribaculum_intestinale_YL27	Metabolite	126.68907411739504	126.68907411739504	1.0	11.255624110523371	11.255624110523371
73	Enterocloster_clostridioformis_YL32	PAN	Microbe	-0.9999999999999506	0.9999999999999506	-1.0	0.9999999999999752	-0.9999999999999752
99	PAN	Enterocloster_clostridioformis_YL32	Metabolite	126.68907411980524	126.68907411980524	1.0	11.255624110630437	11.255624110630437
