	Source	Target	SourceType	Weight	ABS_Weight	Sign_Weight	ABSRootWeight	SignedRootWeight
15	Enterococcus_faecalis_KB1	PAN	Microbe	-1.0000000001119682	1.0000000001119682	-1.0	1.000000000055984	-1.000000000055984
40	Muribaculum_intestinale_YL27	PAN	Microbe	-0.9999999999998986	0.9999999999998986	-1.0	0.9999999999999493	-0.9999999999999493
64	Riboflavin-e0	Enterococcus_faecalis_KB1	Metabolite	96.79614653004326	96.79614653004326	1.0	9.8385032667598	9.8385032667598
67	Enterococcus_faecalis_KB1	Riboflavin-e0	Microbe	-0.9999999999999825	0.9999999999999825	-1.0	0.9999999999999912	-0.9999999999999912
102	PAN	Muribaculum_intestinale_YL27	Metabolite	126.68907411771707	126.68907411771707	1.0	11.255624110537678	11.255624110537678
