	Source	Target	SourceType	Weight	ABS_Weight	Sign_Weight	ABSRootWeight	SignedRootWeight
24	PAN	Clostridium_innocuum_I46	Metabolite	126.68907411931102	126.68907411931102	1.0	11.255624110608483	11.255624110608483
67	Clostridium_innocuum_I46	PAN	Microbe	-1.0000000000006333	1.0000000000006333	-1.0	1.0000000000003166	-1.0000000000003166
71	Enterocloster_clostridioformis_YL32	PAN	Microbe	-1.000000000000287	1.000000000000287	-1.0	1.0000000000001434	-1.0000000000001434
96	PAN	Enterocloster_clostridioformis_YL32	Metabolite	126.68907411983177	126.68907411983177	1.0	11.255624110631617	11.255624110631617
