	Source	Target	SourceType	Weight	ABS_Weight	Sign_Weight	ABSRootWeight	SignedRootWeight
6	Riboflavin	Turicimonas_muris_YL45	Metabolite	126.68907411739079	126.68907411739079	1.0	11.255624110523183	11.255624110523183
46	Akkermansia_muciniphilaYL44	Riboflavin	Microbe	-0.6666666666315267	0.6666666666315267	-1.0	0.8164965809062074	-0.8164965809062074
47	Folate	Akkermansia_muciniphilaYL44	Metabolite	84.4593827416696	84.4593827416696	1.0	9.190178602272624	9.190178602272624
52	Turicimonas_muris_YL45	Riboflavin	Microbe	-0.9999999999997204	0.9999999999997204	-1.0	0.9999999999998602	-0.9999999999998602
77	Akkermansia_muciniphilaYL44	Folate	Microbe	-1.0000000000000064	1.0000000000000064	-1.0	1.000000000000003	-1.000000000000003
86	Turicimonas_muris_YL45	Folate	Microbe	-0.9999999999999978	0.9999999999999978	-1.0	0.9999999999999989	-0.9999999999999989
