	Source	Target	Metabolites	Weight	Variance	ABS_Weight	Sign_Weight	ABSRootWeight	SignedRootWeight
0	bc1001	bc1002	O2	-0.07161754577386788	0.005818045505570391	0.07161754577386788	-1.0	0.2676145470146716	-0.2676145470146716
1	bc1002	bc1001	O2	-0.07136501961663039	0.005777088546886214	0.07136501961663039	-1.0	0.267142320901482	-0.267142320901482
2	bc1001	bc1002	D-Glucose	-0.14382569184369065	0.0182592924850012	0.14382569184369065	-1.0	0.3792435785134544	-0.3792435785134544
3	bc1002	bc1001	D-Glucose	-0.14744310853738737	0.019189336510805746	0.14744310853738737	-1.0	0.3839832138744966	-0.3839832138744966
