	Source	Target	SourceType	Weight	ABS_Weight	Sign_Weight	ABSRootWeight	SignedRootWeight
23	Muribaculum_intestinale_YL27	Riboflavin	Microbe	-1.0	1.0	-1.0	1.0	-1.0
45	Muribaculum_intestinale_YL27	PAN	Microbe	-1.0000000000000637	1.0000000000000637	-1.0	1.0000000000000318	-1.0000000000000318
49	Limosilactobacillus_reuteri_I49	PAN	Microbe	-1.000000000000909	1.000000000000909	-1.0	1.0000000000004545	-1.0000000000004545
57	Riboflavin	Limosilactobacillus_reuteri_I49	Metabolite	96.79614651624983	96.79614651624983	1.0	9.838503266058808	9.838503266058808
60	Limosilactobacillus_reuteri_I49	Riboflavin	Microbe	-1.0000000000000309	1.0000000000000309	-1.0	1.0000000000000153	-1.0000000000000153
110	PAN	Muribaculum_intestinale_YL27	Metabolite	126.68907411700756	126.68907411700756	1.0	11.25562411050616	11.25562411050616
