	Source	Target	SourceType	Weight	ABS_Weight	Sign_Weight	ABSRootWeight	SignedRootWeight
19	Clostridium_innocuum_I46	N-Acetyl-D-glucosamine-e0	Microbe	-1.0000000000000007	1.0000000000000007	-1.0	1.0000000000000002	-1.0000000000000002
38	N-Acetyl-D-glucosamine-e0	Clostridium_innocuum_I46	Metabolite	18.11734065469108	18.11734065469108	1.0	4.256446951941382	4.256446951941382
70	Clostridium_innocuum_I46	PAN	Microbe	-0.1430063387926579	0.1430063387926579	-1.0	0.3781617891758207	-0.3781617891758207
74	Enterocloster_clostridioformis_YL32	PAN	Microbe	-1.000000000000287	1.000000000000287	-1.0	1.0000000000001434	-1.0000000000001434
99	PAN	Enterocloster_clostridioformis_YL32	Metabolite	126.68907411983177	126.68907411983177	1.0	11.255624110631617	11.255624110631617
