	Source	Target	SourceType	Weight	ABS_Weight	Sign_Weight	ABSRootWeight	SignedRootWeight
30	Flavonifractor_plautii_YL31	PAN	Microbe	-0.999999999967953	0.999999999967953	-1.0	0.9999999999839765	-0.9999999999839765
41	Flavonifractor_plautii_YL31	Riboflavin	Microbe	-1.0000000000003122	1.0000000000003122	-1.0	1.000000000000156	-1.000000000000156
68	Enterocloster_clostridioformis_YL32	PAN	Microbe	-1.000000000000266	1.000000000000266	-1.0	1.000000000000133	-1.000000000000133
79	Riboflavin	Flavonifractor_plautii_YL31	Metabolite	126.68907411798726	126.68907411798726	1.0	11.255624110549679	11.255624110549679
95	PAN	Enterocloster_clostridioformis_YL32	Metabolite	126.68907411984387	126.68907411984387	1.0	11.255624110632153	11.255624110632153
