	IntegralDiff	MaxDiff	MaxTime
bc1016	3.2355625100155175e-05	0.0001452815212156583	0.640237506187468
bc1015	0.000987347520344579	0.0012929758143514184	1.2534131466715999
