	Source	Target	SourceType	Weight	ABS_Weight	Sign_Weight	ABSRootWeight	SignedRootWeight
26	PAN	Limosilactobacillus_reuteri_I49	Metabolite	96.79614651714034	96.79614651714034	1.0	9.838503266104064	9.838503266104064
52	Limosilactobacillus_reuteri_I49	PAN	Microbe	-0.9999999999996495	0.9999999999996495	-1.0	0.9999999999998247	-0.9999999999998247
76	Enterocloster_clostridioformis_YL32	PAN	Microbe	-1.000000000000266	1.000000000000266	-1.0	1.000000000000133	-1.000000000000133
103	PAN	Enterocloster_clostridioformis_YL32	Metabolite	126.68907411984387	126.68907411984387	1.0	11.255624110632153	11.255624110632153
