	Source	Target	SourceType	Weight	ABS_Weight	Sign_Weight	ABSRootWeight	SignedRootWeight
2	Riboflavin	Bifidobacterium_animalis_YL2	Metabolite	96.79614651724023	96.79614651724023	1.0	9.838503266109141	9.838503266109141
24	PAN	Limosilactobacillus_reuteri_I49	Metabolite	96.7961465168765	96.7961465168765	1.0	9.838503266090656	9.838503266090656
48	Limosilactobacillus_reuteri_I49	PAN	Microbe	-0.9999999999998932	0.9999999999998932	-1.0	0.9999999999999466	-0.9999999999999466
61	Limosilactobacillus_reuteri_I49	Riboflavin	Microbe	-0.9999999999999992	0.9999999999999992	-1.0	0.9999999999999996	-0.9999999999999996
83	Bifidobacterium_animalis_YL2	PAN	Microbe	-1.0000000000020597	1.0000000000020597	-1.0	1.0000000000010298	-1.0000000000010298
94	Bifidobacterium_animalis_YL2	Riboflavin	Microbe	-0.9999999999999636	0.9999999999999636	-1.0	0.9999999999999818	-0.9999999999999818
