	Source	Target	SourceType	Weight	ABS_Weight	Sign_Weight	ABSRootWeight	SignedRootWeight
7	D-Glucose	bc1001	Metabolite	0.277683649708704	0.277683649708704	1.0	0.5269569714015595	0.5269569714015595
50	bc1001	D-Glucose	Microbe	-0.9999999999999978	0.9999999999999978	-1.0	0.9999999999999989	-0.9999999999999989
55	bc1016	D-Glucose	Microbe	-1.000000000000001	1.000000000000001	-1.0	1.0000000000000004	-1.0000000000000004
147	D-Glucose	bc1016	Metabolite	0.05745328770557882	0.05745328770557882	1.0	0.23969415450857123	0.23969415450857123
151	bc1003	D-Glucose	Microbe	-1.000000000000002	1.000000000000002	-1.0	1.0000000000000009	-1.0000000000000009
193	D-Glucose	bc1003	Metabolite	0.2785952523668638	0.2785952523668638	1.0	0.5278212314476027	0.5278212314476027
