	Source	Target	SourceType	Weight	Variance	ABS_Weight	Sign_Weight	ABSRootWeight	SignedRootWeight
14	PAN	Blautia_coccoides_YL58	Metabolite	95.04119585629866	3.0240129634727504	95.04119585629866	1.0	9.748907418593053	9.748907418593053
31	Akkermansia_muciniphilaYL44	PAN	Microbe	-0.9818696226453177	0.00032275093720297285	0.9818696226453177	-1.0	0.9908933457468153	-0.9908933457468153
36	Blautia_coccoides_YL58	PAN	Microbe	-0.9818696226149783	0.00032275093718302727	0.9818696226149783	-1.0	0.9908933457315062	-0.9908933457315062
42	Akkermansia_muciniphilaYL44	Riboflavin	Microbe	-0.981869622615015	0.000322750937183053	0.981869622615015	-1.0	0.9908933457315248	-0.9908933457315248
48	Blautia_coccoides_YL58	Riboflavin	Microbe	-0.9818696226149705	0.00032275093718302336	0.9818696226149705	-1.0	0.9908933457315022	-0.9908933457315022
82	Riboflavin	Akkermansia_muciniphilaYL44	Metabolite	124.39215339362134	5.180191756304241	124.39215339362134	1.0	11.153123033196637	11.153123033196637
