	Source	Target	SourceType	Weight	ABS_Weight	Sign_Weight	ABSRootWeight	SignedRootWeight
19	Clostridium_innocuum_I46	N-Acetyl-D-glucosamine-e0	Microbe	-0.9999999999999525	0.9999999999999525	-1.0	0.9999999999999762	-0.9999999999999762
38	N-Acetyl-D-glucosamine-e0	Clostridium_innocuum_I46	Metabolite	18.117340654859593	18.117340654859593	1.0	4.256446951961177	4.256446951961177
71	Clostridium_innocuum_I46	PAN	Microbe	-0.14300633879160676	0.14300633879160676	-1.0	0.37816178917443094	-0.37816178917443094
76	Enterocloster_clostridioformis_YL32	PAN	Microbe	-1.0000000000001645	1.0000000000001645	-1.0	1.0000000000000822	-1.0000000000000822
102	PAN	Enterocloster_clostridioformis_YL32	Metabolite	126.68907411979171	126.68907411979171	1.0	11.255624110629837	11.255624110629837
