	Source	Target	SourceType	Weight	ABS_Weight	Sign_Weight	ABSRootWeight	SignedRootWeight
6	bc1008	D-Glucose	Microbe	-0.9999999999999929	0.9999999999999929	-1.0	0.9999999999999964	-0.9999999999999964
36	D-Glucose	bc1009	Metabolite	0.2506137090061411	0.2506137090061411	1.0	0.500613332828982	0.500613332828982
52	bc1009	D-Glucose	Microbe	-1.000000000000002	1.000000000000002	-1.0	1.0000000000000009	-1.0000000000000009
65	bc1016	D-Glucose	Microbe	-1.000000000000001	1.000000000000001	-1.0	1.0000000000000004	-1.0000000000000004
158	D-Glucose	bc1016	Metabolite	0.05745328770557882	0.05745328770557882	1.0	0.23969415450857123	0.23969415450857123
167	D-Glucose	bc1008	Metabolite	0.057453288118452996	0.057453288118452996	1.0	0.2396941553698233	0.2396941553698233
