	0.7699	1.5157	Source	Target
bc1002##bc1010##O2	0.15252946972194545	0.0	bc1002	bc1010
bc1010##bc1002##O2	0.15290050085943976	0.0	bc1010	bc1002
bc1002##bc1010##D-Glucose	-0.2697048295392199	0.0	bc1002	bc1010
bc1010##bc1002##D-Glucose	-0.2708708696473834	0.0	bc1010	bc1002
