	Source	Target	SourceType	Weight	ABS_Weight	Sign_Weight	ABSRootWeight	SignedRootWeight
20	Clostridium_innocuum_I46	PAN	Microbe	-1.0000000000004046	1.0000000000004046	-1.0	1.0000000000002023	-1.0000000000002023
37	PAN	Clostridium_innocuum_I46	Metabolite	126.68907411757783	126.68907411757783	1.0	11.255624110531492	11.255624110531492
