	Source	Target	SourceType	Weight	ABS_Weight	Sign_Weight	ABSRootWeight	SignedRootWeight
19	Clostridium_innocuum_I46	N-Acetyl-D-glucosamine-e0	Microbe	-1.0000000000000322	1.0000000000000322	-1.0	1.000000000000016	-1.000000000000016
38	N-Acetyl-D-glucosamine-e0	Clostridium_innocuum_I46	Metabolite	18.117340654706855	18.117340654706855	1.0	4.256446951943235	4.256446951943235
71	Clostridium_innocuum_I46	PAN	Microbe	-0.14300633879277935	0.14300633879277935	-1.0	0.3781617891759813	-0.3781617891759813
76	Enterocloster_clostridioformis_YL32	PAN	Microbe	-1.0000000000001645	1.0000000000001645	-1.0	1.0000000000000822	-1.0000000000000822
103	PAN	Enterocloster_clostridioformis_YL32	Metabolite	126.68907411979171	126.68907411979171	1.0	11.255624110629837	11.255624110629837
