	Source	Target	SourceType	Weight	ABS_Weight	Sign_Weight	ABSRootWeight	SignedRootWeight
7	Riboflavin	Turicimonas_muris_YL45	Metabolite	126.68907411760752	126.68907411760752	1.0	11.25562411053281	11.25562411053281
25	Muribaculum_intestinale_YL27	Riboflavin	Microbe	-0.9999999999999739	0.9999999999999739	-1.0	0.9999999999999869	-0.9999999999999869
53	Turicimonas_muris_YL45	Riboflavin	Microbe	-1.0000000000012945	1.0000000000012945	-1.0	1.0000000000006473	-1.0000000000006473
63	Riboflavin	Muribaculum_intestinale_YL27	Metabolite	126.68907411524766	126.68907411524766	1.0	11.25562411042798	11.25562411042798
