	Source	Target	SourceType	Weight	ABS_Weight	Sign_Weight	ABSRootWeight	SignedRootWeight
24	PAN	Clostridium_innocuum_I46	Metabolite	126.68907412729756	126.68907412729756	1.0	11.255624110963264	11.255624110963264
39	Akkermansia_muciniphilaYL44	PAN	Microbe	-1.0000000000214784	1.0000000000214784	-1.0	1.0000000000107392	-1.0000000000107392
49	Akkermansia_muciniphilaYL44	Riboflavin	Microbe	-1.0000000000001608	1.0000000000001608	-1.0	1.0000000000000804	-1.0000000000000804
50	Clostridium_innocuum_I46	Riboflavin	Microbe	-0.9999999999999992	0.9999999999999992	-1.0	0.9999999999999996	-0.9999999999999996
66	Clostridium_innocuum_I46	PAN	Microbe	-0.9999999999985042	0.9999999999985042	-1.0	0.999999999999252	-0.999999999999252
93	Riboflavin	Akkermansia_muciniphilaYL44	Metabolite	126.68907411830341	126.68907411830341	1.0	11.255624110563723	11.255624110563723
