	IntegralDiff	MaxDiff	MaxTime
bc1009	0.0007409224753718191	0.0010345908138104927	1.314585724357471
bc1015	4.469064611130838e-05	0.0006717468876050642	0.03203689556794676
