	Source	Target	Weight	Metabolites	ABSWeight	SignWeight	ABSRootWeight	SignedRootWeight
bc1009->bc1003	bc1009	bc1003	-0.27859525236686383	D-Glucose	0.27859525236686383	-1.0	0.5278212314476027	-0.5278212314476027
bc1003->bc1009	bc1003	bc1009	-0.25061003724562686	D-Glucose	0.25061003724562686	-1.0	0.5006096655535397	-0.5006096655535397
