	Source	Target	SourceType	Weight	ABS_Weight	Sign_Weight	ABSRootWeight	SignedRootWeight
27	Bacteroides_caecimuris_I48	Folate	Microbe	-0.9999999999999384	0.9999999999999384	-1.0	0.9999999999999691	-0.9999999999999691
53	Folate	Bacteroides_caecimuris_I48	Metabolite	84.45938271253512	84.45938271253512	1.0	9.190178600687537	9.190178600687537
67	Enterocloster_clostridioformis_YL32	PAN	Microbe	-1.000000000000322	1.000000000000322	-1.0	1.000000000000161	-1.000000000000161
78	Bacteroides_caecimuris_I48	PAN	Microbe	-0.6666666664240679	0.6666666664240679	-1.0	0.8164965807791652	-0.8164965807791652
93	PAN	Enterocloster_clostridioformis_YL32	Metabolite	126.68907411986531	126.68907411986531	1.0	11.255624110633107	11.255624110633107
