	Source	Target	Weight	Metabolites	ABSWeight	SignWeight	ABSRootWeight	SignedRootWeight
bc1002->bc1010	bc1002	bc1010	-0.2697048295392199	D-Glucose	0.2697048295392199	-1.0	0.5193311366933625	-0.5193311366933625
bc1010->bc1002	bc1010	bc1002	-0.2708708696473834	D-Glucose	0.2708708696473834	-1.0	0.5204525623410681	-0.5204525623410681
