	Source	Target	SourceType	Weight	ABS_Weight	Sign_Weight	ABSRootWeight	SignedRootWeight
40	Limosilactobacillus_reuteri_I49	PAN	Microbe	-1.000000000000101	1.000000000000101	-1.0	1.0000000000000504	-1.0000000000000504
51	PAN	Limosilactobacillus_reuteri_I49	Metabolite	96.79614651849221	96.79614651849221	1.0	9.838503266172767	9.838503266172767
