	Source	Target	Weight	Metabolites	ABSWeight	SignWeight	ABSRootWeight	SignedRootWeight
bc1001->bc1008	bc1001	bc1008	-0.05745328811845287	D-Glucose	0.05745328811845287	-1.0	0.23969415536982305	-0.23969415536982305
bc1009->bc1008	bc1009	bc1008	-0.05745328811846746	D-Glucose	0.05745328811846746	-1.0	0.23969415536985347	-0.23969415536985347
bc1008->bc1001	bc1008	bc1001	-0.277683649708702	D-Glucose	0.277683649708702	-1.0	0.5269569714015576	-0.5269569714015576
bc1009->bc1001	bc1009	bc1001	-0.27768364970877396	D-Glucose	0.27768364970877396	-1.0	0.5269569714016259	-0.5269569714016259
bc1001->bc1009	bc1001	bc1009	-0.2782946202590475	D-Glucose.O2	0.2782946202590475	-1.0	0.5275363686600645	-0.5275363686600645
bc1008->bc1009	bc1008	bc1009	-3.1011471617927886	D-Glucose.O2	3.1011471617927886	-1.0	1.7610074280913153	-1.7610074280913153
