	Source	Target	SourceType	Weight	ABS_Weight	Sign_Weight	ABSRootWeight	SignedRootWeight
1	bc1002	O2	Microbe	-1.0000000000000024	1.0000000000000024	-1.0	1.000000000000001	-1.000000000000001
16	O2	bc1015	Metabolite	0.15324853629752633	0.15324853629752633	1.0	0.3914697131292871	0.3914697131292871
28	O2	bc1002	Metabolite	0.15290050085943943	0.15290050085943943	1.0	0.3910249363652393	0.3910249363652393
125	bc1015	O2	Microbe	-1.0	1.0	-1.0	1.0	-1.0
