	Source	Target	SourceType	Weight	ABS_Weight	Sign_Weight	ABSRootWeight	SignedRootWeight
6	Acutalibacter_muris_KB1	PAN	Microbe	-2.0000000000076352	2.0000000000076352	-1.0	1.4142135623757945	-1.4142135623757945
64	Enterocloster_clostridioformis_YL32	PAN	Microbe	-1.0000000000002585	1.0000000000002585	-1.0	1.0000000000001292	-1.0000000000001292
67	Acutalibacter_muris_KB1	Pyridoxal	Microbe	-1.0000000000009155	1.0000000000009155	-1.0	1.0000000000004576	-1.0000000000004576
77	Pyridoxal	Acutalibacter_muris_KB1	Metabolite	193.59229303371148	193.59229303371148	1.0	13.913744752355905	13.913744752355905
94	PAN	Enterocloster_clostridioformis_YL32	Metabolite	126.68907411985938	126.68907411985938	1.0	11.255624110632843	11.255624110632843
