	Source	Target	SourceType	Weight	ABS_Weight	Sign_Weight	ABSRootWeight	SignedRootWeight
28	Enterococcus_faecalis_KB1	PAN	Microbe	-1.000000000034564	1.000000000034564	-1.0	1.000000000017282	-1.000000000017282
30	PAN	Limosilactobacillus_reuteri_I49	Metabolite	96.7961465164346	96.7961465164346	1.0	9.838503266068198	9.838503266068198
51	Limosilactobacillus_reuteri_I49	PAN	Microbe	-0.9999999999999339	0.9999999999999339	-1.0	0.9999999999999669	-0.9999999999999669
76	Riboflavin-e0	Enterococcus_faecalis_KB1	Metabolite	96.79614651985041	96.79614651985041	1.0	9.838503266241792	9.838503266241792
79	Enterococcus_faecalis_KB1	Riboflavin-e0	Microbe	-0.9999999999998528	0.9999999999998528	-1.0	0.9999999999999264	-0.9999999999999264
