	Source	Target	SourceType	Weight	ABS_Weight	Sign_Weight	ABSRootWeight	SignedRootWeight
20	Clostridium_innocuum_I46	PAN	Microbe	-0.999999999999884	0.999999999999884	-1.0	0.9999999999999419	-0.9999999999999419
37	PAN	Clostridium_innocuum_I46	Metabolite	126.6890741167425	126.6890741167425	1.0	11.255624110494384	11.255624110494384
