	Source	Target	SourceType	Weight	ABS_Weight	Sign_Weight	ABSRootWeight	SignedRootWeight
47	Akkermansia_muciniphilaYL44	Riboflavin	Microbe	-0.999999999999968	0.999999999999968	-1.0	0.999999999999984	-0.999999999999984
59	Riboflavin	Limosilactobacillus_reuteri_I49	Metabolite	96.7961465168505	96.7961465168505	1.0	9.838503266089335	9.838503266089335
62	Limosilactobacillus_reuteri_I49	Riboflavin	Microbe	-0.9999999999999846	0.9999999999999846	-1.0	0.9999999999999922	-0.9999999999999922
99	Riboflavin	Akkermansia_muciniphilaYL44	Metabolite	126.68907411746463	126.68907411746463	1.0	11.255624110526464	11.255624110526464
