	Source	Target	SourceType	Weight	ABS_Weight	Sign_Weight	ABSRootWeight	SignedRootWeight
37	Enterococcus_faecalis_KB1	Spermidine-e0	Microbe	-0.999999999999998	0.999999999999998	-1.0	0.999999999999999	-0.999999999999999
63	Riboflavin-e0	Enterococcus_faecalis_KB1	Metabolite	96.79614651906991	96.79614651906991	1.0	9.838503266202126	9.838503266202126
70	Enterococcus_faecalis_KB1	Riboflavin-e0	Microbe	-1.0000000000000808	1.0000000000000808	-1.0	1.0000000000000404	-1.0000000000000404
99	Spermidine-e0	Bacteroides_caecimuris_I48	Metabolite	253.37814818761836	253.37814818761836	1.0	15.917856268594033	15.917856268594033
106	Bacteroides_caecimuris_I48	Spermidine-e0	Microbe	-1.0000000000000226	1.0000000000000226	-1.0	1.0000000000000113	-1.0000000000000113
