	Source	Target	SourceType	Weight	ABS_Weight	Sign_Weight	ABSRootWeight	SignedRootWeight
21	PAN	Limosilactobacillus_reuteri_I49	Metabolite	96.7961465172219	96.7961465172219	1.0	9.838503266108209	9.838503266108209
44	Muribaculum_intestinale_YL27	PAN	Microbe	-1.0000000000000815	1.0000000000000815	-1.0	1.0000000000000406	-1.0000000000000406
47	Limosilactobacillus_reuteri_I49	PAN	Microbe	-1.000000000000205	1.000000000000205	-1.0	1.0000000000001024	-1.0000000000001024
99	PAN	Muribaculum_intestinale_YL27	Metabolite	126.68907411844015	126.68907411844015	1.0	11.255624110569798	11.255624110569798
