	Source	Target	SourceType	Weight	ABS_Weight	Sign_Weight	ABSRootWeight	SignedRootWeight
3	bc1002	O2	Microbe	-1.0000000000000024	1.0000000000000024	-1.0	1.000000000000001	-1.000000000000001
34	O2	bc1015	Metabolite	0.15324853629752633	0.15324853629752633	1.0	0.3914697131292871	0.3914697131292871
53	O2	bc1011	Metabolite	0.15278557913560206	0.15278557913560206	1.0	0.3908779593883519	0.3908779593883519
58	O2	bc1002	Metabolite	0.15290050085943943	0.15290050085943943	1.0	0.3910249363652393	0.3910249363652393
115	bc1011	O2	Microbe	-0.9999999999999967	0.9999999999999967	-1.0	0.9999999999999983	-0.9999999999999983
194	bc1010	O2	Microbe	-1.0000000000000022	1.0000000000000022	-1.0	1.000000000000001	-1.000000000000001
253	bc1015	O2	Microbe	-1.0	1.0	-1.0	1.0	-1.0
296	O2	bc1010	Metabolite	0.1525294697219451	0.1525294697219451	1.0	0.3905502140851354	0.3905502140851354
