	Source	Target	SourceType	Weight	ABS_Weight	Sign_Weight	ABSRootWeight	SignedRootWeight
21	Enterococcus_faecalis_KB1	PAN	Microbe	-0.9999999998206455	0.9999999998206455	-1.0	0.9999999999103227	-0.9999999999103227
27	PAN	Clostridium_innocuum_I46	Metabolite	126.68907411774465	126.68907411774465	1.0	11.255624110538902	11.255624110538902
61	Clostridium_innocuum_I46	PAN	Microbe	-0.9999999999999554	0.9999999999999554	-1.0	0.9999999999999777	-0.9999999999999777
65	Riboflavin-e0	Enterococcus_faecalis_KB1	Metabolite	96.7961464994837	96.7961464994837	1.0	9.838503265206741	9.838503265206741
69	Enterococcus_faecalis_KB1	Riboflavin-e0	Microbe	-1.000000000000079	1.000000000000079	-1.0	1.0000000000000395	-1.0000000000000395
