	Source	Target	SourceType	Weight	ABS_Weight	Sign_Weight	ABSRootWeight	SignedRootWeight
17	Enterococcus_faecalis_KB1	PAN	Microbe	-1.0000000000645624	1.0000000000645624	-1.0	1.000000000032281	-1.000000000032281
52	Riboflavin-e0	Enterococcus_faecalis_KB1	Metabolite	96.79614652274958	96.79614652274958	1.0	9.83850326638913	9.83850326638913
55	Enterocloster_clostridioformis_YL32	PAN	Microbe	-1.0000000000001201	1.0000000000001201	-1.0	1.00000000000006	-1.00000000000006
58	Enterococcus_faecalis_KB1	Riboflavin-e0	Microbe	-0.999999999999995	0.999999999999995	-1.0	0.9999999999999974	-0.9999999999999974
87	PAN	Enterocloster_clostridioformis_YL32	Metabolite	126.6890741198708	126.6890741198708	1.0	11.25562411063335	11.25562411063335
