	MetConSIN	DirectDFBA	Difference	ABS_Difference	SameSign
bc1002##H2O	3.605116841316636	-1e-08	3.605116851316636	3.605116851316636	-1.0
