	Source	Target	Weight	Metabolites	ABSWeight	SignWeight	ABSRootWeight	SignedRootWeight
bc1012->bc1011	bc1012	bc1011	-0.27015631706377535	D-Glucose	0.27015631706377535	-1.0	0.5197656366707742	-0.5197656366707742
bc1015->bc1011	bc1015	bc1011	-0.2701563170637772	D-Glucose	0.2701563170637772	-1.0	0.519765636670776	-0.519765636670776
bc1011->bc1012	bc1011	bc1012	-0.20720844969986463	O2.D-Glucose	0.20720844969986463	-1.0	0.45520154843746374	-0.45520154843746374
bc1015->bc1012	bc1015	bc1012	-0.21020901969282002	D-Glucose.O2	0.21020901969282002	-1.0	0.45848557195709005	-0.45848557195709005
bc1011->bc1015	bc1011	bc1015	-0.25030228184986536	D-Glucose	0.25030228184986536	-1.0	0.5003021905307485	-0.5003021905307485
bc1012->bc1015	bc1012	bc1015	-0.2503022818498661	D-Glucose	0.2503022818498661	-1.0	0.5003021905307492	-0.5003021905307492
