	Source	Target	SourceType	Weight	ABS_Weight	Sign_Weight	ABSRootWeight	SignedRootWeight
46	Flavonifractor_plautii_YL31	Riboflavin	Microbe	-1.0000000000000455	1.0000000000000455	-1.0	1.0000000000000226	-1.0000000000000226
51	Akkermansia_muciniphilaYL44	Riboflavin	Microbe	-0.9999999999999917	0.9999999999999917	-1.0	0.9999999999999958	-0.9999999999999958
91	Riboflavin	Flavonifractor_plautii_YL31	Metabolite	126.68907411801885	126.68907411801885	1.0	11.255624110551082	11.255624110551082
104	Riboflavin	Akkermansia_muciniphilaYL44	Metabolite	126.68907411814851	126.68907411814851	1.0	11.255624110556843	11.255624110556843
