	Source	Target	SourceType	Weight	ABS_Weight	Sign_Weight	ABSRootWeight	SignedRootWeight
18	Clostridium_innocuum_I46	N-Acetyl-D-glucosamine-e0	Microbe	-0.999999999999992	0.999999999999992	-1.0	0.999999999999996	-0.999999999999996
37	N-Acetyl-D-glucosamine-e0	Clostridium_innocuum_I46	Metabolite	18.117340654708876	18.117340654708876	1.0	4.256446951943472	4.256446951943472
69	Clostridium_innocuum_I46	PAN	Microbe	-0.14300633879268793	0.14300633879268793	-1.0	0.37816178917586046	-0.37816178917586046
74	Enterocloster_clostridioformis_YL32	PAN	Microbe	-1.000000000000287	1.000000000000287	-1.0	1.0000000000001434	-1.0000000000001434
100	PAN	Enterocloster_clostridioformis_YL32	Metabolite	126.68907411983177	126.68907411983177	1.0	11.255624110631617	11.255624110631617
