	Source	Target	Weight	Metabolites	ABSWeight	SignWeight	ABSRootWeight	SignedRootWeight
bc1008->bc1012	bc1008	bc1012	-3.0965517013144095	D-Glucose.O2	3.0965517013144095	-1.0	1.7597021626725387	-1.7597021626725387
bc1010->bc1012	bc1010	bc1012	-0.2049203983386148	D-Glucose.O2.Fumarate	0.2049203983386148	-1.0	0.4526813430423379	-0.4526813430423379
bc1008->bc1010	bc1008	bc1010	-0.0034192590176268323	O2	0.0034192590176268323	-1.0	0.058474430460046654	-0.058474430460046654
bc1012->bc1010	bc1012	bc1010	-0.15252946972195233	O2	0.15252946972195233	-1.0	0.3905502140851447	-0.3905502140851447
bc1010->bc1008	bc1010	bc1008	-0.03249226046660573	D-Glucose	0.03249226046660573	-1.0	0.18025609689163286	-0.18025609689163286
bc1012->bc1008	bc1012	bc1008	-0.05745328811846115	D-Glucose	0.05745328811846115	-1.0	0.23969415536984032	-0.23969415536984032
