	Source	Target	SourceType	Weight	ABS_Weight	Sign_Weight	ABSRootWeight	SignedRootWeight
22	PAN	Clostridium_innocuum_I46	Metabolite	126.68907411825079	126.68907411825079	1.0	11.255624110561385	11.255624110561385
31	Flavonifractor_plautii_YL31	PAN	Microbe	-0.999999999991921	0.999999999991921	-1.0	0.9999999999959605	-0.9999999999959605
42	Flavonifractor_plautii_YL31	Riboflavin	Microbe	-0.9999999999999831	0.9999999999999831	-1.0	0.9999999999999916	-0.9999999999999916
50	Clostridium_innocuum_I46	Riboflavin	Microbe	-0.9999999999999996	0.9999999999999996	-1.0	0.9999999999999998	-0.9999999999999998
65	Clostridium_innocuum_I46	PAN	Microbe	-1.0000000000000968	1.0000000000000968	-1.0	1.0000000000000484	-1.0000000000000484
87	Riboflavin	Flavonifractor_plautii_YL31	Metabolite	126.68907411776773	126.68907411776773	1.0	11.255624110539927	11.255624110539927
