	Source	Target	SourceType	Weight	ABS_Weight	Sign_Weight	ABSRootWeight	SignedRootWeight
14	PAN	Blautia_coccoides_YL58	Metabolite	96.79614652216222	96.79614652216222	1.0	9.83850326635928	9.83850326635928
32	Akkermansia_muciniphilaYL44	PAN	Microbe	-1.0000000000158566	1.0000000000158566	-1.0	1.0000000000079283	-1.0000000000079283
37	Blautia_coccoides_YL58	PAN	Microbe	-1.0000000000000093	1.0000000000000093	-1.0	1.0000000000000047	-1.0000000000000047
43	Akkermansia_muciniphilaYL44	Riboflavin	Microbe	-0.9999999999999882	0.9999999999999882	-1.0	0.9999999999999941	-0.9999999999999941
49	Blautia_coccoides_YL58	Riboflavin	Microbe	-1.0000000000000013	1.0000000000000013	-1.0	1.0000000000000007	-1.0000000000000007
84	Riboflavin	Akkermansia_muciniphilaYL44	Metabolite	126.6890741178849	126.6890741178849	1.0	11.255624110545133	11.255624110545133
