	Source	Target	SourceType	Weight	ABS_Weight	Sign_Weight	ABSRootWeight	SignedRootWeight
0	Riboflavin	Bifidobacterium_animalis_YL2	Metabolite	96.79614651726389	96.79614651726389	1.0	9.838503266110344	9.838503266110344
23	Clostridium_innocuum_I46	Folate-e0	Microbe	-0.9999999999999565	0.9999999999999565	-1.0	0.9999999999999782	-0.9999999999999782
25	Folate-e0	Clostridium_innocuum_I46	Metabolite	84.45938274382674	84.45938274382674	1.0	9.190178602389985	9.190178602389985
49	Clostridium_innocuum_I46	Riboflavin	Microbe	-0.6666666666362678	0.6666666666362678	-1.0	0.8164965809091106	-0.8164965809091106
89	Bifidobacterium_animalis_YL2	Riboflavin	Microbe	-1.0000000000001228	1.0000000000001228	-1.0	1.0000000000000613	-1.0000000000000613
