	Source	Target	SourceType	Weight	ABS_Weight	Sign_Weight	ABSRootWeight	SignedRootWeight
1	PAN	Bacteroides_caecimuris_I48	Metabolite	126.68907411565306	126.68907411565306	1.0	11.25562411044599	11.25562411044599
21	Bacteroides_caecimuris_I48	PAN	Microbe	-1.0000000000000249	1.0000000000000249	-1.0	1.0000000000000124	-1.0000000000000124
