	Source	Target	SourceType	Weight	ABS_Weight	Sign_Weight	ABSRootWeight	SignedRootWeight
24	Clostridium_innocuum_I46	Folate-e0	Microbe	-0.9999999999999268	0.9999999999999268	-1.0	0.9999999999999634	-0.9999999999999634
25	Folate-e0	Clostridium_innocuum_I46	Metabolite	169.3309720442103	169.3309720442103	1.0	13.01272346759933	13.01272346759933
44	Flavonifractor_plautii_YL31	Riboflavin	Microbe	-1.0000000000000036	1.0000000000000036	-1.0	1.0000000000000018	-1.0000000000000018
90	Riboflavin	Flavonifractor_plautii_YL31	Metabolite	126.68907411873926	126.68907411873926	1.0	11.255624110583085	11.255624110583085
95	Flavonifractor_plautii_YL31	Folate-e0	Microbe	-0.9999999999999988	0.9999999999999988	-1.0	0.9999999999999993	-0.9999999999999993
