	Source	Target	SourceType	Weight	ABS_Weight	Sign_Weight	ABSRootWeight	SignedRootWeight
29	O2	bc1011	Metabolite	0.15278557913560206	0.15278557913560206	1.0	0.3908779593883519	0.3908779593883519
66	bc1003	O2	Microbe	-1.000000000000005	1.000000000000005	-1.0	1.0000000000000024	-1.0000000000000024
81	bc1011	O2	Microbe	-0.9999999999999967	0.9999999999999967	-1.0	0.9999999999999983	-0.9999999999999983
112	O2	bc1003	Metabolite	0.15297633046741732	0.15297633046741732	1.0	0.39112188697056743	0.39112188697056743
190	bc1009	O2	Microbe	-1.0000000000000036	1.0000000000000036	-1.0	1.0000000000000018	-1.0000000000000018
201	O2	bc1009	Metabolite	0.15319477863953596	0.15319477863953596	1.0	0.3914010457823739	0.3914010457823739
