	Source	Target	SourceType	Weight	ABS_Weight	Sign_Weight	ABSRootWeight	SignedRootWeight
25	PAN	Clostridium_innocuum_I46	Metabolite	126.68907412292333	126.68907412292333	1.0	11.25562411076895	11.25562411076895
70	Clostridium_innocuum_I46	PAN	Microbe	-1.000000000000041	1.000000000000041	-1.0	1.0000000000000204	-1.0000000000000204
75	Enterocloster_clostridioformis_YL32	PAN	Microbe	-0.9999999999999062	0.9999999999999062	-1.0	0.999999999999953	-0.999999999999953
100	PAN	Enterocloster_clostridioformis_YL32	Metabolite	126.68907411977642	126.68907411977642	1.0	11.255624110629158	11.255624110629158
