	Source	Target	SourceType	Weight	ABS_Weight	Sign_Weight	ABSRootWeight	SignedRootWeight
21	Muribaculum_intestinale_YL27	Riboflavin	Microbe	-1.0000000000001132	1.0000000000001132	-1.0	1.0000000000000566	-1.0000000000000566
39	Muribaculum_intestinale_YL27	PAN	Microbe	-1.0000000000124578	1.0000000000124578	-1.0	1.0000000000062288	-1.0000000000062288
55	Riboflavin	Muribaculum_intestinale_YL27	Metabolite	126.68907411865708	126.68907411865708	1.0	11.255624110579435	11.255624110579435
66	Enterocloster_clostridioformis_YL32	PAN	Microbe	-0.9999999999999506	0.9999999999999506	-1.0	0.9999999999999752	-0.9999999999999752
92	PAN	Enterocloster_clostridioformis_YL32	Metabolite	126.68907411980524	126.68907411980524	1.0	11.255624110630437	11.255624110630437
