	Source	Target	SourceType	Weight	ABS_Weight	Sign_Weight	ABSRootWeight	SignedRootWeight
1	Folate	Muribaculum_intestinale_YL27	Metabolite	1.3082056730686016	1.3082056730686016	1.0	1.1437681902678538	1.1437681902678538
3	Glutamine	Muribaculum_intestinale_YL27	Metabolite	0.28032978708614564	0.28032978708614564	1.0	0.5294617900152434	0.5294617900152434
22	PAN	Clostridium_innocuum_I46	Metabolite	126.68907411766521	126.68907411766521	1.0	11.255624110535374	11.255624110535374
46	Muribaculum_intestinale_YL27	PAN	Microbe	-0.014751589750462386	0.014751589750462386	-1.0	0.12145612273764705	-0.12145612273764705
68	Clostridium_innocuum_I46	PAN	Microbe	-0.999999999999986	0.999999999999986	-1.0	0.999999999999993	-0.999999999999993
70	Muribaculum_intestinale_YL27	Folate	Microbe	-0.9999999999999982	0.9999999999999982	-1.0	0.9999999999999991	-0.9999999999999991
72	Neu5Ac-e0	Muribaculum_intestinale_YL27	Metabolite	0.28032978708614104	0.28032978708614104	1.0	0.529461790015239	0.529461790015239
87	Muribaculum_intestinale_YL27	Glutamine	Microbe	-0.9999999999999996	0.9999999999999996	-1.0	0.9999999999999998	-0.9999999999999998
93	Muribaculum_intestinale_YL27	Neu5Ac-e0	Microbe	-0.9999999999999982	0.9999999999999982	-1.0	0.9999999999999991	-0.9999999999999991
