	Source	Target	SourceType	Weight	ABS_Weight	Sign_Weight	ABSRootWeight	SignedRootWeight
31	Akkermansia_muciniphilaYL44	Riboflavin	Microbe	-0.9999999999997451	0.9999999999997451	-1.0	0.9999999999998725	-0.9999999999998725
34	Riboflavin	Akkermansia_muciniphilaYL44	Metabolite	126.68907411780111	126.68907411780111	1.0	11.25562411054141	11.25562411054141
