	Source	Target	Weight	Metabolites	ABSWeight	SignWeight	ABSRootWeight	SignedRootWeight
bc1011->bc1015	bc1011	bc1015	-0.2709749205113724	O2	0.2709749205113724	-1.0	0.520552514652818	-0.520552514652818
bc1015->bc1011	bc1015	bc1011	-0.1485376288309881	D-Glucose	0.1485376288309881	-1.0	0.38540579760946525	-0.38540579760946525
