	Source	Target	SourceType	Weight	ABS_Weight	Sign_Weight	ABSRootWeight	SignedRootWeight
64	Enterocloster_clostridioformis_YL32	PAN	Microbe	-1.0000000000002238	1.0000000000002238	-1.0	1.000000000000112	-1.000000000000112
68	Bifidobacterium_animalis_YL2	PAN	Microbe	-0.9999999999999069	0.9999999999999069	-1.0	0.9999999999999534	-0.9999999999999534
73	PAN	Bifidobacterium_animalis_YL2	Metabolite	96.79614651702502	96.79614651702502	1.0	9.838503266098204	9.838503266098204
92	PAN	Enterocloster_clostridioformis_YL32	Metabolite	126.68907411987142	126.68907411987142	1.0	11.255624110633377	11.255624110633377
