	Source	Target	SourceType	Weight	ABS_Weight	Sign_Weight	ABSRootWeight	SignedRootWeight
12	Thiamine	Limosilactobacillus_reuteri_I49	Metabolite	31.044084709226848	31.044084709226848	1.0	5.571721880103748	5.571721880103748
27	Folate-e0	Limosilactobacillus_reuteri_I49	Metabolite	31.0440847092208	31.0440847092208	1.0	5.571721880103206	5.571721880103206
35	Limosilactobacillus_reuteri_I49	Folate-e0	Microbe	-0.999999999999993	0.999999999999993	-1.0	0.9999999999999964	-0.9999999999999964
43	Limosilactobacillus_reuteri_I49	Thiamine	Microbe	-0.9999999999999952	0.9999999999999952	-1.0	0.9999999999999976	-0.9999999999999976
46	Akkermansia_muciniphilaYL44	Riboflavin	Microbe	-0.999999999999968	0.999999999999968	-1.0	0.999999999999984	-0.999999999999984
57	Riboflavin	Limosilactobacillus_reuteri_I49	Metabolite	93.13225412765102	93.13225412765102	1.0	9.65050538198135	9.65050538198135
60	Limosilactobacillus_reuteri_I49	Riboflavin	Microbe	-1.0000000000000207	1.0000000000000207	-1.0	1.0000000000000102	-1.0000000000000102
95	Riboflavin	Akkermansia_muciniphilaYL44	Metabolite	126.68907411746463	126.68907411746463	1.0	11.255624110526464	11.255624110526464
