	Source	Target	SourceType	Weight	ABS_Weight	Sign_Weight	ABSRootWeight	SignedRootWeight
20	PAN	Blautia_coccoides_YL58	Metabolite	96.79614652174774	96.79614652174774	1.0	9.838503266338217	9.838503266338217
31	Flavonifractor_plautii_YL31	PAN	Microbe	-0.03691250604711722	0.03691250604711722	-1.0	0.19212627630575996	-0.19212627630575996
39	Blautia_coccoides_YL58	PAN	Microbe	-0.9999999999998702	0.9999999999998702	-1.0	0.999999999999935	-0.999999999999935
72	Flavonifractor_plautii_YL31	5'-Deoxyadenosine-e0	Microbe	-0.999999999999985	0.999999999999985	-1.0	0.9999999999999925	-0.9999999999999925
81	Blautia_coccoides_YL58	5'-Deoxyadenosine-e0	Microbe	0.5000000000810343	0.5000000000810343	1.0	0.7071067812438474	0.7071067812438474
89	5'-Deoxyadenosine-e0	Flavonifractor_plautii_YL31	Metabolite	4.676411214382701	4.676411214382701	1.0	2.162501147833846	2.162501147833846
