	IntegralDiff	MaxDiff	MaxTime
bc1002	0.00010561885582890425	0.0012071724405311836	0.03622162216221622
bc1016	5.6077073618575685e-05	4.7041766650567126e-05	0.16458945894589458
