	Source	Target	SourceType	Weight	ABS_Weight	Sign_Weight	ABSRootWeight	SignedRootWeight
29	Flavonifractor_plautii_YL31	PAN	Microbe	-0.9999999999760719	0.9999999999760719	-1.0	0.9999999999880359	-0.9999999999880359
39	Flavonifractor_plautii_YL31	Riboflavin	Microbe	-0.999999999999957	0.999999999999957	-1.0	0.9999999999999785	-0.9999999999999785
69	Enterocloster_clostridioformis_YL32	PAN	Microbe	-1.000000000000266	1.000000000000266	-1.0	1.000000000000133	-1.000000000000133
82	Riboflavin	Flavonifractor_plautii_YL31	Metabolite	126.68907411819897	126.68907411819897	1.0	11.255624110559085	11.255624110559085
99	PAN	Enterocloster_clostridioformis_YL32	Metabolite	126.68907411984387	126.68907411984387	1.0	11.255624110632153	11.255624110632153
