	Source	Target	SourceType	Weight	ABS_Weight	Sign_Weight	ABSRootWeight	SignedRootWeight
20	Flavonifractor_plautii_YL31	PAN	Microbe	-0.999999999975444	0.999999999975444	-1.0	0.9999999999877219	-0.9999999999877219
34	Flavonifractor_plautii_YL31	Riboflavin	Microbe	-0.9999999999999667	0.9999999999999667	-1.0	0.9999999999999833	-0.9999999999999833
64	Bacteroides_caecimuris_I48	Riboflavin	Microbe	-0.9999999999999997	0.9999999999999997	-1.0	0.9999999999999998	-0.9999999999999998
75	PAN	Bacteroides_caecimuris_I48	Metabolite	126.68907411731155	126.68907411731155	1.0	11.255624110519662	11.255624110519662
81	Riboflavin	Flavonifractor_plautii_YL31	Metabolite	126.68907411806434	126.68907411806434	1.0	11.255624110553104	11.255624110553104
83	Bacteroides_caecimuris_I48	PAN	Microbe	-1.0000000000001326	1.0000000000001326	-1.0	1.0000000000000662	-1.0000000000000662
