	Source	Target	SourceType	Weight	ABS_Weight	Sign_Weight	ABSRootWeight	SignedRootWeight
27	Akkermansia_muciniphilaYL44	PAN	Microbe	-0.9999999999913189	0.9999999999913189	-1.0	0.9999999999956595	-0.9999999999956595
34	Akkermansia_muciniphilaYL44	Riboflavin	Microbe	-1.0000000000001932	1.0000000000001932	-1.0	1.0000000000000966	-1.0000000000000966
53	Bacteroides_caecimuris_I48	Riboflavin	Microbe	-0.9999999999999991	0.9999999999999991	-1.0	0.9999999999999996	-0.9999999999999996
59	PAN	Bacteroides_caecimuris_I48	Metabolite	126.68907411730311	126.68907411730311	1.0	11.255624110519287	11.255624110519287
67	Bacteroides_caecimuris_I48	PAN	Microbe	-1.000000000000282	1.000000000000282	-1.0	1.000000000000141	-1.000000000000141
75	Riboflavin	Akkermansia_muciniphilaYL44	Metabolite	126.6890741174977	126.6890741174977	1.0	11.255624110527933	11.255624110527933
