	Source	Target	SourceType	Weight	ABS_Weight	Sign_Weight	ABSRootWeight	SignedRootWeight
8	Melitose-e0	Limosilactobacillus_reuteri_I49	Metabolite	3.0903794260330573	3.0903794260330573	1.0	1.757947503776224	1.757947503776224
48	Akkermansia_muciniphilaYL44	Riboflavin	Microbe	-0.999999999999968	0.999999999999968	-1.0	0.999999999999984	-0.999999999999984
61	Limosilactobacillus_reuteri_I49	Riboflavin	Microbe	-0.999999999999999	0.999999999999999	-1.0	0.9999999999999994	-0.9999999999999994
77	Limosilactobacillus_reuteri_I49	Melitose-e0	Microbe	-0.9999999999999986	0.9999999999999986	-1.0	0.9999999999999992	-0.9999999999999992
98	Riboflavin	Akkermansia_muciniphilaYL44	Metabolite	126.68907411746463	126.68907411746463	1.0	11.255624110526464	11.255624110526464
