	Source	Target	SourceType	Weight	ABS_Weight	Sign_Weight	ABSRootWeight	SignedRootWeight
0	Riboflavin	Bifidobacterium_animalis_YL2	Metabolite	96.79614651726389	96.79614651726389	1.0	9.838503266110344	9.838503266110344
48	Clostridium_innocuum_I46	Riboflavin	Microbe	-0.9999999999991249	0.9999999999991249	-1.0	0.9999999999995625	-0.9999999999995625
83	Riboflavin	Clostridium_innocuum_I46	Metabolite	126.68907414351257	126.68907414351257	1.0	11.25562411168357	11.25562411168357
90	Bifidobacterium_animalis_YL2	Riboflavin	Microbe	-1.0000000000001228	1.0000000000001228	-1.0	1.0000000000000613	-1.0000000000000613
