	Source	Target	SourceType	Weight	ABS_Weight	Sign_Weight	ABSRootWeight	SignedRootWeight
37	Flavonifractor_plautii_YL31	Riboflavin	Microbe	-1.0000000000001235	1.0000000000001235	-1.0	1.0000000000000617	-1.0000000000000617
42	Akkermansia_muciniphilaYL44	Riboflavin	Microbe	-0.9999999999997177	0.9999999999997177	-1.0	0.9999999999998588	-0.9999999999998588
79	Riboflavin	Flavonifractor_plautii_YL31	Metabolite	126.68907411732982	126.68907411732982	1.0	11.255624110520474	11.255624110520474
90	Riboflavin	Akkermansia_muciniphilaYL44	Metabolite	126.6890741174256	126.6890741174256	1.0	11.25562411052473	11.25562411052473
