	Source	Target	SourceType	Weight	ABS_Weight	Sign_Weight	ABSRootWeight	SignedRootWeight
62	Riboflavin-e0	Enterococcus_faecalis_KB1	Metabolite	96.79614653230246	96.79614653230246	1.0	9.838503266874614	9.838503266874614
66	Enterococcus_faecalis_KB1	Riboflavin-e0	Microbe	-1.0000000000000673	1.0000000000000673	-1.0	1.0000000000000335	-1.0000000000000335
70	Acutalibacter_muris_KB1	Pyridoxal	Microbe	-0.9999999999990588	0.9999999999990588	-1.0	0.9999999999995294	-0.9999999999995294
83	Pyridoxal	Acutalibacter_muris_KB1	Metabolite	193.59229303344998	193.59229303344998	1.0	13.913744752346508	13.913744752346508
88	Enterococcus_faecalis_KB1	Pyridoxal	Microbe	-0.5000000000823729	0.5000000000823729	-1.0	0.707106781244794	-0.707106781244794
