	Source	Target	SourceType	Weight	ABS_Weight	Sign_Weight	ABSRootWeight	SignedRootWeight
19	Clostridium_innocuum_I46	N-Acetyl-D-glucosamine-e0	Microbe	-0.9999999999999933	0.9999999999999933	-1.0	0.9999999999999967	-0.9999999999999967
38	N-Acetyl-D-glucosamine-e0	Clostridium_innocuum_I46	Metabolite	18.1173406547107	18.1173406547107	1.0	4.256446951943686	4.256446951943686
70	Clostridium_innocuum_I46	PAN	Microbe	-0.14300633879254607	0.14300633879254607	-1.0	0.3781617891756729	-0.3781617891756729
74	Enterocloster_clostridioformis_YL32	PAN	Microbe	-1.000000000000287	1.000000000000287	-1.0	1.0000000000001434	-1.0000000000001434
98	PAN	Enterocloster_clostridioformis_YL32	Metabolite	126.68907411983177	126.68907411983177	1.0	11.255624110631617	11.255624110631617
