	Source	Target	Weight	Metabolites	ABSWeight	SignWeight	ABSRootWeight	SignedRootWeight
bc1015->bc1016	bc1015	bc1016	-0.031589026742308735	D-Glucose	0.031589026742308735	-1.0	0.17773302096771082	-0.17773302096771082
bc1016->bc1015	bc1016	bc1015	-0.003435378336115343	O2	0.003435378336115343	-1.0	0.0586121005946327	-0.0586121005946327
