	IntegralDiff	MaxDiff	MaxTime
bc1002	7.987065605498882e-05	0.0006962372455370769	0.03244024402440244
bc1010	0.006422402333496255	0.005393448409904041	1.363883388338834
