	Source	Target	SourceType	Weight	ABS_Weight	Sign_Weight	ABSRootWeight	SignedRootWeight
4	Riboflavin	Bacteroides_caecimuris_I48	Metabolite	126.68907411745595	126.68907411745595	1.0	11.255624110526076	11.255624110526076
15	Clostridium_innocuum_I46	Folate-e0	Microbe	-1.0000000000024922	1.0000000000024922	-1.0	1.0000000000012461	-1.0000000000012461
18	Folate-e0	Clostridium_innocuum_I46	Metabolite	84.45938273844165	84.45938273844165	1.0	9.190178602097005	9.190178602097005
46	Clostridium_innocuum_I46	Riboflavin	Microbe	-0.6666666666059518	0.6666666666059518	-1.0	0.8164965808905459	-0.8164965808905459
70	Bacteroides_caecimuris_I48	Riboflavin	Microbe	-1.0000000000000133	1.0000000000000133	-1.0	1.0000000000000067	-1.0000000000000067
