	Source	Target	SourceType	Weight	ABS_Weight	Sign_Weight	ABSRootWeight	SignedRootWeight
16	Enterococcus_faecalis_KB1	PAN	Microbe	-0.9999999978981183	0.9999999978981183	-1.0	0.9999999989490591	-0.9999999989490591
41	Muribaculum_intestinale_YL27	PAN	Microbe	-1.000000000000022	1.000000000000022	-1.0	1.0000000000000109	-1.0000000000000109
65	Riboflavin-e0	Enterococcus_faecalis_KB1	Metabolite	96.79614631476632	96.79614631476632	1.0	9.838503255819267	9.838503255819267
68	Enterococcus_faecalis_KB1	Riboflavin-e0	Microbe	-1.0000000000000042	1.0000000000000042	-1.0	1.000000000000002	-1.000000000000002
105	PAN	Muribaculum_intestinale_YL27	Metabolite	126.68907411776819	126.68907411776819	1.0	11.255624110539948	11.255624110539948
