	Source	Target	SourceType	Weight	ABS_Weight	Sign_Weight	ABSRootWeight	SignedRootWeight
18	PAN	Blautia_coccoides_YL58	Metabolite	96.79614651616475	96.79614651616475	1.0	9.838503266054484	9.838503266054484
20	Thiamine	Limosilactobacillus_reuteri_I49	Metabolite	193.59229303118718	193.59229303118718	1.0	13.913744752265192	13.913744752265192
44	Blautia_coccoides_YL58	PAN	Microbe	-0.9999999999997745	0.9999999999997745	-1.0	0.9999999999998872	-0.9999999999998872
49	Limosilactobacillus_reuteri_I49	Thiamine	Microbe	-1.000000000000128	1.000000000000128	-1.0	1.000000000000064	-1.000000000000064
53	Limosilactobacillus_reuteri_I49	PAN	Microbe	-1.9999999999712144	1.9999999999712144	-1.0	1.4142135623629177	-1.4142135623629177
