	Source	Target	SourceType	Weight	ABS_Weight	Sign_Weight	ABSRootWeight	SignedRootWeight
18	Clostridium_innocuum_I46	N-Acetyl-D-glucosamine-e0	Microbe	-1.0000000000000047	1.0000000000000047	-1.0	1.0000000000000022	-1.0000000000000022
37	N-Acetyl-D-glucosamine-e0	Clostridium_innocuum_I46	Metabolite	18.117340654649126	18.117340654649126	1.0	4.256446951936454	4.256446951936454
43	Flavonifractor_plautii_YL31	Riboflavin	Microbe	-1.0000000000000833	1.0000000000000833	-1.0	1.0000000000000415	-1.0000000000000415
88	Riboflavin	Flavonifractor_plautii_YL31	Metabolite	126.68907411875313	126.68907411875313	1.0	11.255624110583701	11.255624110583701
