	Source	Target	SourceType	Weight	ABS_Weight	Sign_Weight	ABSRootWeight	SignedRootWeight
24	Muribaculum_intestinale_YL27	Riboflavin	Microbe	-1.0000000000001201	1.0000000000001201	-1.0	1.00000000000006	-1.00000000000006
43	Muribaculum_intestinale_YL27	PAN	Microbe	-0.999999999992678	0.999999999992678	-1.0	0.9999999999963389	-0.9999999999963389
61	Riboflavin	Muribaculum_intestinale_YL27	Metabolite	126.68907411661475	126.68907411661475	1.0	11.255624110488709	11.255624110488709
73	Enterocloster_clostridioformis_YL32	PAN	Microbe	-0.9999999999999506	0.9999999999999506	-1.0	0.9999999999999752	-0.9999999999999752
99	PAN	Enterocloster_clostridioformis_YL32	Metabolite	126.68907411980524	126.68907411980524	1.0	11.255624110630437	11.255624110630437
