	Source	Target	SourceType	Weight	ABS_Weight	Sign_Weight	ABSRootWeight	SignedRootWeight
44	Flavonifractor_plautii_YL31	Riboflavin	Microbe	-0.9999999999998995	0.9999999999998995	-1.0	0.9999999999999497	-0.9999999999999497
49	Akkermansia_muciniphilaYL44	Riboflavin	Microbe	-1.0000000000001354	1.0000000000001354	-1.0	1.0000000000000677	-1.0000000000000677
85	Riboflavin	Flavonifractor_plautii_YL31	Metabolite	126.68907411860741	126.68907411860741	1.0	11.255624110577228	11.255624110577228
96	Riboflavin	Akkermansia_muciniphilaYL44	Metabolite	126.68907411827321	126.68907411827321	1.0	11.255624110562382	11.255624110562382
