	Source	Target	Weight	Metabolites	ABSWeight	SignWeight	ABSRootWeight	SignedRootWeight
bc1001->bc1009	bc1001	bc1009	-0.2782946202590475	D-Glucose.O2	0.2782946202590475	-1.0	0.5275363686600645	-0.5275363686600645
bc1015->bc1009	bc1015	bc1009	-0.28419022865436894	D-Glucose.O2	0.28419022865436894	-1.0	0.5330949527564193	-0.5330949527564193
bc1001->bc1015	bc1001	bc1015	-0.2787243911686635	D-Glucose	0.2787243911686635	-1.0	0.5279435492253537	-0.5279435492253537
bc1009->bc1015	bc1009	bc1015	-0.27872439116873426	D-Glucose	0.27872439116873426	-1.0	0.5279435492254207	-0.5279435492254207
bc1009->bc1001	bc1009	bc1001	-0.27768364970877396	D-Glucose	0.27768364970877396	-1.0	0.5269569714016259	-0.5269569714016259
bc1015->bc1001	bc1015	bc1001	-0.2776836497087055	D-Glucose	0.2776836497087055	-1.0	0.526956971401561	-0.526956971401561
