	Source	Target	SourceType	Weight	ABS_Weight	Sign_Weight	ABSRootWeight	SignedRootWeight
29	Flavonifractor_plautii_YL31	PAN	Microbe	-0.9999999999724762	0.9999999999724762	-1.0	0.9999999999862381	-0.9999999999862381
40	Flavonifractor_plautii_YL31	Riboflavin	Microbe	-1.0000000000003895	1.0000000000003895	-1.0	1.0000000000001947	-1.0000000000001947
68	Enterocloster_clostridioformis_YL32	PAN	Microbe	-1.000000000000266	1.000000000000266	-1.0	1.000000000000133	-1.000000000000133
79	Riboflavin	Flavonifractor_plautii_YL31	Metabolite	126.68907411767479	126.68907411767479	1.0	11.255624110535798	11.255624110535798
95	PAN	Enterocloster_clostridioformis_YL32	Metabolite	126.68907411984387	126.68907411984387	1.0	11.255624110632153	11.255624110632153
