	Source	Target	SourceType	Weight	ABS_Weight	Sign_Weight	ABSRootWeight	SignedRootWeight
33	Akkermansia_muciniphilaYL44	PAN	Microbe	-1.000000000020118	1.000000000020118	-1.0	1.0000000000100588	-1.0000000000100588
44	Akkermansia_muciniphilaYL44	Riboflavin	Microbe	-0.9999999999999131	0.9999999999999131	-1.0	0.9999999999999565	-0.9999999999999565
61	Enterocloster_clostridioformis_YL32	PAN	Microbe	-1.0000000000005405	1.0000000000005405	-1.0	1.0000000000002702	-1.0000000000002702
82	Riboflavin	Akkermansia_muciniphilaYL44	Metabolite	126.68907411804412	126.68907411804412	1.0	11.255624110552205	11.255624110552205
85	PAN	Enterocloster_clostridioformis_YL32	Metabolite	126.68907411986153	126.68907411986153	1.0	11.255624110632938	11.255624110632938
