	Source	Target	SourceType	Weight	Variance	ABS_Weight	Sign_Weight	ABSRootWeight	SignedRootWeight
2	Riboflavin	Bifidobacterium_animalis_YL2	Metabolite	46.10041645007815	2311.159956205043	46.10041645007815	1.0	6.789728746428546	6.789728746428546
69	Enterocloster_clostridioformis_YL32	PAN	Microbe	-0.9877970442563105	0.00014709496076991804	0.9877970442563105	-1.0	0.993879793665366	-0.993879793665366
73	Bifidobacterium_animalis_YL2	PAN	Microbe	-0.9877970442570329	0.00014709496077013138	0.9877970442570329	-1.0	0.9938797936657294	-0.9938797936657294
83	Bifidobacterium_animalis_YL2	Riboflavin	Microbe	-0.9877970442585078	0.00014709496077056698	0.9877970442585078	-1.0	0.9938797936664714	-0.9938797936664714
98	PAN	Enterocloster_clostridioformis_YL32	Metabolite	125.14309295513154	2.3608919925918173	125.14309295513154	1.0	11.18673736864916	11.18673736864916
104	PAN	Bifidobacterium_animalis_YL2	Metabolite	49.5145309751485	2311.209167673505	49.5145309751485	1.0	7.036656235396788	7.036656235396788
