	Source	Target	SourceType	Weight	ABS_Weight	Sign_Weight	ABSRootWeight	SignedRootWeight
46	Flavonifractor_plautii_YL31	Riboflavin	Microbe	-1.000000000000073	1.000000000000073	-1.0	1.0000000000000364	-1.0000000000000364
51	Akkermansia_muciniphilaYL44	Riboflavin	Microbe	-0.9999999999999704	0.9999999999999704	-1.0	0.9999999999999851	-0.9999999999999851
90	Riboflavin	Flavonifractor_plautii_YL31	Metabolite	126.68907411799592	126.68907411799592	1.0	11.255624110550064	11.255624110550064
103	Riboflavin	Akkermansia_muciniphilaYL44	Metabolite	126.6890741181453	126.6890741181453	1.0	11.255624110556699	11.255624110556699
