	Source	Target	SourceType	Weight	ABS_Weight	Sign_Weight	ABSRootWeight	SignedRootWeight
21	Enterococcus_faecalis_KB1	PAN	Microbe	-1.0000000001376175	1.0000000001376175	-1.0	1.0000000000688087	-1.0000000000688087
27	PAN	Clostridium_innocuum_I46	Metabolite	126.6890741177103	126.6890741177103	1.0	11.255624110537376	11.255624110537376
63	Clostridium_innocuum_I46	PAN	Microbe	-0.9999999999999729	0.9999999999999729	-1.0	0.9999999999999865	-0.9999999999999865
68	Riboflavin-e0	Enterococcus_faecalis_KB1	Metabolite	96.79614653301091	96.79614653301091	1.0	9.83850326691062	9.83850326691062
72	Enterococcus_faecalis_KB1	Riboflavin-e0	Microbe	-0.9999999999999919	0.9999999999999919	-1.0	0.9999999999999959	-0.9999999999999959
