	Source	Target	SourceType	Weight	ABS_Weight	Sign_Weight	ABSRootWeight	SignedRootWeight
19	Clostridium_innocuum_I46	N-Acetyl-D-glucosamine-e0	Microbe	-0.9999999999999827	0.9999999999999827	-1.0	0.9999999999999913	-0.9999999999999913
37	N-Acetyl-D-glucosamine-e0	Clostridium_innocuum_I46	Metabolite	18.117340654683158	18.117340654683158	1.0	4.256446951940451	4.256446951940451
67	Clostridium_innocuum_I46	PAN	Microbe	-0.14300633879212044	0.14300633879212044	-1.0	0.3781617891751101	-0.3781617891751101
72	Enterocloster_clostridioformis_YL32	PAN	Microbe	-1.0000000000003166	1.0000000000003166	-1.0	1.0000000000001583	-1.0000000000001583
99	PAN	Enterocloster_clostridioformis_YL32	Metabolite	126.68907411985191	126.68907411985191	1.0	11.255624110632512	11.255624110632512
