	Source	Target	Weight	Metabolites	ABSWeight	SignWeight	ABSRootWeight	SignedRootWeight
bc1010->bc1008	bc1010	bc1008	-0.03249226046660573	D-Glucose	0.03249226046660573	-1.0	0.18025609689163286	-0.18025609689163286
bc1012->bc1008	bc1012	bc1008	-0.05745328811842349	D-Glucose	0.05745328811842349	-1.0	0.23969415536976177	-0.23969415536976177
bc1008->bc1012	bc1008	bc1012	-3.096551701303971	D-Glucose.O2	3.096551701303971	-1.0	1.7597021626695726	-1.7597021626695726
bc1010->bc1012	bc1010	bc1012	-0.20492039833845976	D-Glucose.Fumarate.O2	0.20492039833845976	-1.0	0.4526813430421667	-0.4526813430421667
bc1008->bc1010	bc1008	bc1010	-0.0034192590176268323	O2	0.0034192590176268323	-1.0	0.058474430460046654	-0.058474430460046654
bc1012->bc1010	bc1012	bc1010	-0.1525294697219525	O2	0.1525294697219525	-1.0	0.3905502140851449	-0.3905502140851449
