	Source	Target	SourceType	Weight	ABS_Weight	Sign_Weight	ABSRootWeight	SignedRootWeight
30	PAN	Clostridium_innocuum_I46	Metabolite	126.6890741242912	126.6890741242912	1.0	11.255624110829714	11.255624110829714
33	PAN	Limosilactobacillus_reuteri_I49	Metabolite	96.79614651833764	96.79614651833764	1.0	9.838503266164912	9.838503266164912
59	Limosilactobacillus_reuteri_I49	PAN	Microbe	-1.000000000000252	1.000000000000252	-1.0	1.000000000000126	-1.000000000000126
81	Clostridium_innocuum_I46	PAN	Microbe	-0.999999999997575	0.999999999997575	-1.0	0.9999999999987875	-0.9999999999987875
