	MetConSIN	DirectDFBA	Difference	ABS_Difference	SameSign
bc1015##H2O	3.673141533930486	-1e-08	3.6731415439304858	3.6731415439304858	-1.0
bc1009##H2O	3.503342349634889	-1e-08	3.503342359634889	3.503342359634889	-1.0
