	Source	Target	Weight	Metabolites	ABSWeight	SignWeight	ABSRootWeight	SignedRootWeight
bc1016->bc1002	bc1016	bc1002	-0.003427576412305233	O2	0.003427576412305233	-1.0	0.05854550719145947	-0.05854550719145947
bc1002->bc1016	bc1002	bc1016	-0.032431085991787345	D-Glucose	0.032431085991787345	-1.0	0.1800863292751211	-0.1800863292751211
