	Source	Target	SourceType	Weight	Variance	ABS_Weight	Sign_Weight	ABSRootWeight	SignedRootWeight
3	Riboflavin	Bifidobacterium_animalis_YL2	Metabolite	94.44700089970621	5.384557019723278	94.44700089970621	1.0	9.71838468572356	9.71838468572356
34	Flavonifractor_plautii_YL31	Riboflavin	Microbe	-0.975731000644745	0.0005746902693883972	0.975731000644745	-1.0	0.9877909701170309	-0.9877909701170309
85	Bifidobacterium_animalis_YL2	Riboflavin	Microbe	-0.9757310006447937	0.0005746902693884549	0.9757310006447937	-1.0	0.9877909701170555	-0.9877909701170555
86	Riboflavin	Flavonifractor_plautii_YL31	Metabolite	123.61445705966733	9.223848649018437	123.61445705966733	1.0	11.118203859422048	11.118203859422048
