	Source	Target	SourceType	Weight	ABS_Weight	Sign_Weight	ABSRootWeight	SignedRootWeight
7	Riboflavin	Turicimonas_muris_YL45	Metabolite	126.68907411739079	126.68907411739079	1.0	11.255624110523183	11.255624110523183
22	Muribaculum_intestinale_YL27	Riboflavin	Microbe	-0.9999999999999994	0.9999999999999994	-1.0	0.9999999999999997	-0.9999999999999997
31	Turicimonas_muris_YL45	PAN	Microbe	-1.0000000000479423	1.0000000000479423	-1.0	1.000000000023971	-1.000000000023971
39	Muribaculum_intestinale_YL27	PAN	Microbe	-0.999999999999919	0.999999999999919	-1.0	0.9999999999999595	-0.9999999999999595
44	Turicimonas_muris_YL45	Riboflavin	Microbe	-0.9999999999997204	0.9999999999997204	-1.0	0.9999999999998602	-0.9999999999998602
88	PAN	Muribaculum_intestinale_YL27	Metabolite	126.68907411838202	126.68907411838202	1.0	11.255624110567215	11.255624110567215
