	Source	Target	SourceType	Weight	ABS_Weight	Sign_Weight	ABSRootWeight	SignedRootWeight
13	Riboflavin	Flavonifractor_plautii_YL31	Metabolite	126.68907412074456	126.68907412074456	1.0	11.255624110672166	11.255624110672166
25	Flavonifractor_plautii_YL31	Riboflavin	Microbe	-1.000000000000342	1.000000000000342	-1.0	1.000000000000171	-1.000000000000171
