	Source	Target	SourceType	Weight	ABS_Weight	Sign_Weight	ABSRootWeight	SignedRootWeight
35	Akkermansia_muciniphilaYL44	PAN	Microbe	-1.0000000000108862	1.0000000000108862	-1.0	1.000000000005443	-1.000000000005443
46	Akkermansia_muciniphilaYL44	Riboflavin	Microbe	-0.9999999999998058	0.9999999999998058	-1.0	0.9999999999999029	-0.9999999999999029
64	Enterocloster_clostridioformis_YL32	PAN	Microbe	-1.0000000000005405	1.0000000000005405	-1.0	1.0000000000002702	-1.0000000000002702
86	Riboflavin	Akkermansia_muciniphilaYL44	Metabolite	126.68907411814955	126.68907411814955	1.0	11.255624110556889	11.255624110556889
89	PAN	Enterocloster_clostridioformis_YL32	Metabolite	126.68907411986153	126.68907411986153	1.0	11.255624110632938	11.255624110632938
