	Source	Target	SourceType	Weight	ABS_Weight	Sign_Weight	ABSRootWeight	SignedRootWeight
2	Riboflavin	Bifidobacterium_animalis_YL2	Metabolite	96.79614651724023	96.79614651724023	1.0	9.838503266109141	9.838503266109141
12	Thiamine	Limosilactobacillus_reuteri_I49	Metabolite	135.56370855232046	135.56370855232046	1.0	11.643182921878385	11.643182921878385
28	Folate-e0	Limosilactobacillus_reuteri_I49	Metabolite	67.78185427612956	67.78185427612956	1.0	8.232973598653743	8.232973598653743
35	Limosilactobacillus_reuteri_I49	Folate-e0	Microbe	-0.9999999999999857	0.9999999999999857	-1.0	0.9999999999999928	-0.9999999999999928
43	Limosilactobacillus_reuteri_I49	Thiamine	Microbe	-1.0000000000000053	1.0000000000000053	-1.0	1.0000000000000027	-1.0000000000000027
60	Riboflavin	Limosilactobacillus_reuteri_I49	Metabolite	203.34556282852054	203.34556282852054	1.0	14.259928570246085	14.259928570246085
64	Limosilactobacillus_reuteri_I49	Riboflavin	Microbe	-0.99999999999986	0.99999999999986	-1.0	0.99999999999993	-0.99999999999993
97	Bifidobacterium_animalis_YL2	Riboflavin	Microbe	-0.9999999999999636	0.9999999999999636	-1.0	0.9999999999999818	-0.9999999999999818
