	Source	Target	SourceType	Weight	ABS_Weight	Sign_Weight	ABSRootWeight	SignedRootWeight
23	D-Glucose	bc1015	Metabolite	0.2787243911686641	0.2787243911686641	1.0	0.5279435492253542	0.5279435492253542
32	bc1015	D-Glucose	Microbe	-1.0000000000000053	1.0000000000000053	-1.0	1.0000000000000027	-1.0000000000000027
60	bc1012	O2	Microbe	-0.9999999999999978	0.9999999999999978	-1.0	0.9999999999999989	-0.9999999999999989
76	O2	bc1012	Metabolite	0.027163276724813598	0.027163276724813598	1.0	0.16481285363955567	0.16481285363955567
78	D-Glucose	bc1012	Metabolite	0.13038372827877068	0.13038372827877068	1.0	0.3610868708202649	0.3610868708202649
115	bc1012	D-Glucose	Microbe	-1.0000000000000027	1.0000000000000027	-1.0	1.0000000000000013	-1.0000000000000013
132	bc1015	O2	Microbe	-1.818773594206017	1.818773594206017	-1.0	1.3486191434967907	-1.3486191434967907
