	Source	Target	SourceType	Weight	ABS_Weight	Sign_Weight	ABSRootWeight	SignedRootWeight
14	Thiamine	Limosilactobacillus_reuteri_I49	Metabolite	135.5637085156834	135.5637085156834	1.0	11.643182920305057	11.643182920305057
32	Folate-e0	Limosilactobacillus_reuteri_I49	Metabolite	67.7818542578349	67.7818542578349	1.0	8.232973597542681	8.232973597542681
39	Limosilactobacillus_reuteri_I49	Folate-e0	Microbe	-0.999999999998947	0.999999999998947	-1.0	0.9999999999994734	-0.9999999999994734
48	Limosilactobacillus_reuteri_I49	Thiamine	Microbe	-0.999999999996961	0.999999999996961	-1.0	0.9999999999984804	-0.9999999999984804
60	Riboflavin	Limosilactobacillus_reuteri_I49	Metabolite	203.3455627735043	203.3455627735043	1.0	14.259928568317035	14.259928568317035
65	Limosilactobacillus_reuteri_I49	Riboflavin	Microbe	-0.9999999999949513	0.9999999999949513	-1.0	0.9999999999974756	-0.9999999999974756
78	Riboflavin-e0	Enterococcus_faecalis_KB1	Metabolite	96.79614651985041	96.79614651985041	1.0	9.838503266241792	9.838503266241792
81	Enterococcus_faecalis_KB1	Riboflavin-e0	Microbe	-0.9999999999998528	0.9999999999998528	-1.0	0.9999999999999264	-0.9999999999999264
96	Enterococcus_faecalis_KB1	Folate-e0	Microbe	-0.999999999999999	0.999999999999999	-1.0	0.9999999999999994	-0.9999999999999994
