	Source	Target	SourceType	Weight	ABS_Weight	Sign_Weight	ABSRootWeight	SignedRootWeight
8	Riboflavin	Turicimonas_muris_YL45	Metabolite	126.68907411739079	126.68907411739079	1.0	11.255624110523183	11.255624110523183
49	Turicimonas_muris_YL45	Riboflavin	Microbe	-0.9999999999997204	0.9999999999997204	-1.0	0.9999999999998602	-0.9999999999998602
87	Enterocloster_clostridioformis_YL32	Thiamin-e0	Microbe	-1.0000000000000737	1.0000000000000737	-1.0	1.0000000000000369	-1.0000000000000369
97	Thiamin-e0	Enterocloster_clostridioformis_YL32	Metabolite	253.37814825880034	253.37814825880034	1.0	15.91785627082995	15.91785627082995
