	Source	Target	SourceType	Weight	ABS_Weight	Sign_Weight	ABSRootWeight	SignedRootWeight
39	Muribaculum_intestinale_YL27	PAN	Microbe	-0.9999999999999526	0.9999999999999526	-1.0	0.9999999999999762	-0.9999999999999762
72	PAN	Bacteroides_caecimuris_I48	Metabolite	126.68907411617695	126.68907411617695	1.0	11.255624110469261	11.255624110469261
77	Bacteroides_caecimuris_I48	PAN	Microbe	-0.9999999999999823	0.9999999999999823	-1.0	0.9999999999999911	-0.9999999999999911
99	PAN	Muribaculum_intestinale_YL27	Metabolite	126.68907411667462	126.68907411667462	1.0	11.255624110491368	11.255624110491368
