	Source	Target	SourceType	Weight	ABS_Weight	Sign_Weight	ABSRootWeight	SignedRootWeight
20	Flavonifractor_plautii_YL31	PAN	Microbe	-0.9999999999851822	0.9999999999851822	-1.0	0.999999999992591	-0.999999999992591
33	Flavonifractor_plautii_YL31	Riboflavin	Microbe	-0.9999999999997294	0.9999999999997294	-1.0	0.9999999999998647	-0.9999999999998647
63	Bacteroides_caecimuris_I48	Riboflavin	Microbe	-0.9999999999999984	0.9999999999999984	-1.0	0.9999999999999992	-0.9999999999999992
74	PAN	Bacteroides_caecimuris_I48	Metabolite	126.68907411673533	126.68907411673533	1.0	11.255624110494066	11.255624110494066
80	Riboflavin	Flavonifractor_plautii_YL31	Metabolite	126.68907411919037	126.68907411919037	1.0	11.255624110603124	11.255624110603124
82	Bacteroides_caecimuris_I48	PAN	Microbe	-1.0000000000000204	1.0000000000000204	-1.0	1.0000000000000102	-1.0000000000000102
