	Source	Target	SourceType	Weight	ABS_Weight	Sign_Weight	ABSRootWeight	SignedRootWeight
9	Riboflavin	Turicimonas_muris_YL45	Metabolite	126.68907411710214	126.68907411710214	1.0	11.255624110510361	11.255624110510361
51	Clostridium_innocuum_I46	Riboflavin	Microbe	-1.0000000000000333	1.0000000000000333	-1.0	1.0000000000000167	-1.0000000000000167
55	Turicimonas_muris_YL45	Riboflavin	Microbe	-0.9999999999999767	0.9999999999999767	-1.0	0.9999999999999883	-0.9999999999999883
82	Riboflavin	Clostridium_innocuum_I46	Metabolite	126.68907411794655	126.68907411794655	1.0	11.25562411054787	11.25562411054787
