	Source	Target	SourceType	Weight	ABS_Weight	Sign_Weight	ABSRootWeight	SignedRootWeight
29	Flavonifractor_plautii_YL31	PAN	Microbe	-0.9999999999748623	0.9999999999748623	-1.0	0.9999999999874312	-0.9999999999874312
40	Flavonifractor_plautii_YL31	Riboflavin	Microbe	-0.9999999999996526	0.9999999999996526	-1.0	0.9999999999998263	-0.9999999999998263
68	Enterocloster_clostridioformis_YL32	PAN	Microbe	-1.000000000000266	1.000000000000266	-1.0	1.000000000000133	-1.000000000000133
81	Riboflavin	Flavonifractor_plautii_YL31	Metabolite	126.68907411560505	126.68907411560505	1.0	11.255624110443856	11.255624110443856
97	PAN	Enterocloster_clostridioformis_YL32	Metabolite	126.68907411984387	126.68907411984387	1.0	11.255624110632153	11.255624110632153
