	Source	Target	SourceType	Weight	ABS_Weight	Sign_Weight	ABSRootWeight	SignedRootWeight
6	Riboflavin	Turicimonas_muris_YL45	Metabolite	126.68907411755728	126.68907411755728	1.0	11.25562411053058	11.25562411053058
45	Akkermansia_muciniphilaYL44	Riboflavin	Microbe	-0.6666666666797179	0.6666666666797179	-1.0	0.8164965809357182	-0.8164965809357182
46	Folate	Akkermansia_muciniphilaYL44	Metabolite	84.45938274678183	84.45938274678183	1.0	9.190178602550759	9.190178602550759
51	Turicimonas_muris_YL45	Riboflavin	Microbe	-1.0000000000009006	1.0000000000009006	-1.0	1.0000000000004503	-1.0000000000004503
77	Akkermansia_muciniphilaYL44	Folate	Microbe	-1.0000000000003135	1.0000000000003135	-1.0	1.0000000000001568	-1.0000000000001568
86	Turicimonas_muris_YL45	Folate	Microbe	-0.9999999999999993	0.9999999999999993	-1.0	0.9999999999999997	-0.9999999999999997
