	Source	Target	SourceType	Weight	ABS_Weight	Sign_Weight	ABSRootWeight	SignedRootWeight
18	PAN	Blautia_coccoides_YL58	Metabolite	96.79614652122343	96.79614652122343	1.0	9.83850326631157	9.83850326631157
23	Clostridium_innocuum_I46	N-Acetyl-D-glucosamine-e0	Microbe	-1.000000000000012	1.000000000000012	-1.0	1.000000000000006	-1.000000000000006
39	N-Acetyl-D-glucosamine-e0	Clostridium_innocuum_I46	Metabolite	18.117340654667125	18.117340654667125	1.0	4.2564469519385675	4.2564469519385675
46	Blautia_coccoides_YL58	PAN	Microbe	-1.0000000000000862	1.0000000000000862	-1.0	1.000000000000043	-1.000000000000043
71	Clostridium_innocuum_I46	PAN	Microbe	-0.14300633879250124	0.14300633879250124	-1.0	0.3781617891756136	-0.3781617891756136
