	Source	Target	SourceType	Weight	ABS_Weight	Sign_Weight	ABSRootWeight	SignedRootWeight
8	Riboflavin	Turicimonas_muris_YL45	Metabolite	126.68907411760752	126.68907411760752	1.0	11.25562411053281	11.25562411053281
26	Muribaculum_intestinale_YL27	Riboflavin	Microbe	-0.9999999999998561	0.9999999999998561	-1.0	0.9999999999999281	-0.9999999999999281
53	Turicimonas_muris_YL45	Riboflavin	Microbe	-1.0000000000012945	1.0000000000012945	-1.0	1.0000000000006473	-1.0000000000006473
63	Riboflavin	Muribaculum_intestinale_YL27	Metabolite	126.68907412146426	126.68907412146426	1.0	11.255624110704135	11.255624110704135
