	Source	Target	SourceType	Weight	ABS_Weight	Sign_Weight	ABSRootWeight	SignedRootWeight
15	PAN	Limosilactobacillus_reuteri_I49	Metabolite	96.79614651735757	96.79614651735757	1.0	9.838503266115104	9.838503266115104
43	Limosilactobacillus_reuteri_I49	PAN	Microbe	-1.0000000000000386	1.0000000000000386	-1.0	1.0000000000000193	-1.0000000000000193
85	PAN	Bacteroides_caecimuris_I48	Metabolite	126.6890741173128	126.6890741173128	1.0	11.255624110519719	11.255624110519719
88	Bacteroides_caecimuris_I48	PAN	Microbe	-1.0000000000000044	1.0000000000000044	-1.0	1.0000000000000022	-1.0000000000000022
