	Source	Target	SourceType	Weight	ABS_Weight	Sign_Weight	ABSRootWeight	SignedRootWeight
20	Flavonifractor_plautii_YL31	PAN	Microbe	-0.9999999999786127	0.9999999999786127	-1.0	0.9999999999893063	-0.9999999999893063
33	Flavonifractor_plautii_YL31	Riboflavin	Microbe	-0.999999999999699	0.999999999999699	-1.0	0.9999999999998495	-0.9999999999998495
63	Bacteroides_caecimuris_I48	Riboflavin	Microbe	-0.9999999999999984	0.9999999999999984	-1.0	0.9999999999999992	-0.9999999999999992
75	PAN	Bacteroides_caecimuris_I48	Metabolite	126.68907411673533	126.68907411673533	1.0	11.255624110494066	11.255624110494066
81	Riboflavin	Flavonifractor_plautii_YL31	Metabolite	126.68907411816767	126.68907411816767	1.0	11.255624110557694	11.255624110557694
83	Bacteroides_caecimuris_I48	PAN	Microbe	-1.0000000000000204	1.0000000000000204	-1.0	1.0000000000000102	-1.0000000000000102
