	Source	Target	SourceType	Weight	ABS_Weight	Sign_Weight	ABSRootWeight	SignedRootWeight
58	Riboflavin-e0	Enterococcus_faecalis_KB1	Metabolite	96.79614649740785	96.79614649740785	1.0	9.838503265101245	9.838503265101245
62	Enterococcus_faecalis_KB1	Riboflavin-e0	Microbe	-0.9999999999999098	0.9999999999999098	-1.0	0.9999999999999549	-0.9999999999999549
66	Acutalibacter_muris_KB1	Pyridoxal	Microbe	-0.9999999999990588	0.9999999999990588	-1.0	0.9999999999995294	-0.9999999999995294
80	Pyridoxal	Acutalibacter_muris_KB1	Metabolite	193.59229303344998	193.59229303344998	1.0	13.913744752346508	13.913744752346508
84	Enterococcus_faecalis_KB1	Pyridoxal	Microbe	-0.499999999900665	0.499999999900665	-1.0	0.7071067811163071	-0.7071067811163071
