	Source	Target	SourceType	Weight	ABS_Weight	Sign_Weight	ABSRootWeight	SignedRootWeight
8	Riboflavin	Turicimonas_muris_YL45	Metabolite	126.68907411739079	126.68907411739079	1.0	11.255624110523183	11.255624110523183
48	N-acetyl-D-gluosamine	Enterocloster_clostridioformis_YL32	Metabolite	18.117340654779568	18.117340654779568	1.0	4.2564469519517765	4.2564469519517765
50	Turicimonas_muris_YL45	Riboflavin	Microbe	-0.9999999999997204	0.9999999999997204	-1.0	0.9999999999998602	-0.9999999999998602
96	Enterocloster_clostridioformis_YL32	N-acetyl-D-gluosamine	Microbe	-1.0000000000000018	1.0000000000000018	-1.0	1.0000000000000009	-1.0000000000000009
