	Source	Target	SourceType	Weight	ABS_Weight	Sign_Weight	ABSRootWeight	SignedRootWeight
7	Riboflavin	Turicimonas_muris_YL45	Metabolite	126.68907411739643	126.68907411739643	1.0	11.255624110523433	11.255624110523433
25	PAN	Limosilactobacillus_reuteri_I49	Metabolite	96.7961465163802	96.7961465163802	1.0	9.838503266065434	9.838503266065434
41	Turicimonas_muris_YL45	PAN	Microbe	-1.000000000048264	1.000000000048264	-1.0	1.000000000024132	-1.000000000024132
49	Limosilactobacillus_reuteri_I49	PAN	Microbe	-1.0000000000000715	1.0000000000000715	-1.0	1.0000000000000357	-1.0000000000000357
54	Turicimonas_muris_YL45	Riboflavin	Microbe	-0.9999999999997401	0.9999999999997401	-1.0	0.99999999999987	-0.99999999999987
62	Limosilactobacillus_reuteri_I49	Riboflavin	Microbe	-0.9999999999999983	0.9999999999999983	-1.0	0.9999999999999991	-0.9999999999999991
