	Source	Target	SourceType	Weight	ABS_Weight	Sign_Weight	ABSRootWeight	SignedRootWeight
28	Akkermansia_muciniphilaYL44	PAN	Microbe	-1.0000000000026705	1.0000000000026705	-1.0	1.0000000000013352	-1.0000000000013352
36	Akkermansia_muciniphilaYL44	Riboflavin	Microbe	-0.9999999999999906	0.9999999999999906	-1.0	0.9999999999999952	-0.9999999999999952
57	Bacteroides_caecimuris_I48	Riboflavin	Microbe	-1.0000000000000002	1.0000000000000002	-1.0	1.0	-1.0
65	PAN	Bacteroides_caecimuris_I48	Metabolite	126.6890741173375	126.6890741173375	1.0	11.255624110520815	11.255624110520815
73	Bacteroides_caecimuris_I48	PAN	Microbe	-1.0000000000000078	1.0000000000000078	-1.0	1.0000000000000038	-1.0000000000000038
83	Riboflavin	Akkermansia_muciniphilaYL44	Metabolite	126.68907411692184	126.68907411692184	1.0	11.255624110502351	11.255624110502351
