	Source	Target	SourceType	Weight	ABS_Weight	Sign_Weight	ABSRootWeight	SignedRootWeight
6	Riboflavin	Turicimonas_muris_YL45	Metabolite	126.68907411739079	126.68907411739079	1.0	11.255624110523183	11.255624110523183
45	Akkermansia_muciniphilaYL44	Riboflavin	Microbe	-0.6666666666587999	0.6666666666587999	-1.0	0.8164965809229087	-0.8164965809229087
46	Folate	Akkermansia_muciniphilaYL44	Metabolite	84.45938274397221	84.45938274397221	1.0	9.1901786023979	9.1901786023979
51	Turicimonas_muris_YL45	Riboflavin	Microbe	-0.9999999999997204	0.9999999999997204	-1.0	0.9999999999998602	-0.9999999999998602
75	Akkermansia_muciniphilaYL44	Folate	Microbe	-0.9999999999999305	0.9999999999999305	-1.0	0.9999999999999653	-0.9999999999999653
84	Turicimonas_muris_YL45	Folate	Microbe	-0.9999999999999978	0.9999999999999978	-1.0	0.9999999999999989	-0.9999999999999989
