	Source	Target	Metabolites	Weight	Variance	ABS_Weight	Sign_Weight	ABSRootWeight	SignedRootWeight
0	Flavonifractor_plautii_YL31	Bacteroides_caecimuris_I48	PAN	-2.1726718150466637	270.3898004065434	2.1726718150466637	-1.0	1.4739985804086324	-1.4739985804086324
1	Bacteroides_caecimuris_I48	Flavonifractor_plautii_YL31	Riboflavin	-122.83842154544145	14.376849841614904	122.83842154544145	-1.0	11.083249593212338	-11.083249593212338
2	Flavonifractor_plautii_YL31	Bacteroides_caecimuris_I48	D-Glucose-e0.O2-e0.Riboflavin.Spermidine-e0.L-Aspartate-e0	0.04094281359291507	4.606084220895917	0.04094281359291507	1.0	0.2023433062715816	0.2023433062715816
3	Flavonifractor_plautii_YL31	Bacteroides_caecimuris_I48	Riboflavin	-107.68866537024694	1693.6481050999494	107.68866537024694	-1.0	10.377314940303535	-10.377314940303535
