	Source	Target	SourceType	Weight	ABS_Weight	Sign_Weight	ABSRootWeight	SignedRootWeight
14	PAN	Blautia_coccoides_YL58	Metabolite	96.79614652216222	96.79614652216222	1.0	9.83850326635928	9.83850326635928
33	Akkermansia_muciniphilaYL44	PAN	Microbe	-1.0000000000137614	1.0000000000137614	-1.0	1.0000000000068807	-1.0000000000068807
38	Blautia_coccoides_YL58	PAN	Microbe	-1.0000000000000093	1.0000000000000093	-1.0	1.0000000000000047	-1.0000000000000047
44	Akkermansia_muciniphilaYL44	Riboflavin	Microbe	-0.9999999999999187	0.9999999999999187	-1.0	0.9999999999999594	-0.9999999999999594
50	Blautia_coccoides_YL58	Riboflavin	Microbe	-1.0000000000000013	1.0000000000000013	-1.0	1.0000000000000007	-1.0000000000000007
88	Riboflavin	Akkermansia_muciniphilaYL44	Metabolite	126.68907411807709	126.68907411807709	1.0	11.25562411055367	11.25562411055367
