	Source	Target	SourceType	Weight	ABS_Weight	Sign_Weight	ABSRootWeight	SignedRootWeight
15	Akkermansia_muciniphilaYL44	Adenosine-e0	Microbe	1.000000000001129	1.000000000001129	1.0	1.0000000000005644	1.0000000000005644
39	Akkermansia_muciniphilaYL44	Riboflavin	Microbe	-1.0000000000000917	1.0000000000000917	-1.0	1.0000000000000457	-1.0000000000000457
61	Bacteroides_caecimuris_I48	Riboflavin	Microbe	-0.04650752775986761	0.04650752775986761	-1.0	0.21565604039735964	-0.21565604039735964
66	Bacteroides_caecimuris_I48	Adenosine-e0	Microbe	-0.9999999999999976	0.9999999999999976	-1.0	0.9999999999999988	-0.9999999999999988
68	Adenosine-e0	Bacteroides_caecimuris_I48	Metabolite	6.159102378838286	6.159102378838286	1.0	2.481753891673847	2.481753891673847
88	Spermidine-e0	Bacteroides_caecimuris_I48	Metabolite	-0.2671067474415345	0.2671067474415345	-1.0	0.5168237102160992	-0.5168237102160992
90	Riboflavin	Akkermansia_muciniphilaYL44	Metabolite	126.68907411814773	126.68907411814773	1.0	11.255624110556807	11.255624110556807
97	Bacteroides_caecimuris_I48	Spermidine-e0	Microbe	-1.0000000000000013	1.0000000000000013	-1.0	1.0000000000000007	-1.0000000000000007
