	Source	Target	SourceType	Weight	ABS_Weight	Sign_Weight	ABSRootWeight	SignedRootWeight
20	PAN	Blautia_coccoides_YL58	Metabolite	96.79614652174774	96.79614652174774	1.0	9.838503266338217	9.838503266338217
32	Flavonifractor_plautii_YL31	PAN	Microbe	-1.0000000000329812	1.0000000000329812	-1.0	1.0000000000164906	-1.0000000000164906
40	Blautia_coccoides_YL58	PAN	Microbe	-0.9999999999998702	0.9999999999998702	-1.0	0.999999999999935	-0.999999999999935
41	Flavonifractor_plautii_YL31	Riboflavin	Microbe	-1.000000000000045	1.000000000000045	-1.0	1.0000000000000224	-1.0000000000000224
54	Blautia_coccoides_YL58	Riboflavin	Microbe	-0.9999999999999997	0.9999999999999997	-1.0	0.9999999999999998	-0.9999999999999998
83	Riboflavin	Flavonifractor_plautii_YL31	Metabolite	126.68907412124562	126.68907412124562	1.0	11.255624110694423	11.255624110694423
