	Source	Target	SourceType	Weight	Variance	ABS_Weight	Sign_Weight	ABSRootWeight	SignedRootWeight
6	Acutalibacter_muris_KB1	PAN	Microbe	-1.330117841003323	0.2211400520572882	1.330117841003323	-1.0	1.153307348889845	-1.153307348889845
64	Enterocloster_clostridioformis_YL32	PAN	Microbe	-1.0000000000000997	2.0040028430062757e-26	1.0000000000000997	-1.0	1.0000000000000497	-1.0000000000000497
67	Acutalibacter_muris_KB1	Pyridoxal	Microbe	-0.6650589204992486	0.05528501301416056	0.6650589204992486	-1.0	0.8155114471908096	-0.8155114471908096
77	Pyridoxal	Acutalibacter_muris_KB1	Metabolite	63.9082698107106	8287.881546273999	63.9082698107106	1.0	7.994264807392272	7.994264807392272
94	PAN	Enterocloster_clostridioformis_YL32	Metabolite	126.68907411985124	2.380928514974396e-22	126.68907411985124	1.0	11.255624110632482	11.255624110632482
98	PAN	Acutalibacter_muris_KB1	Metabolite	64.84201161116825	2071.97038654727	64.84201161116825	1.0	8.052453763367303	8.052453763367303
