	Source	Target	SourceType	Weight	ABS_Weight	Sign_Weight	ABSRootWeight	SignedRootWeight
43	Flavonifractor_plautii_YL31	Riboflavin	Microbe	-0.9999999999987317	0.9999999999987317	-1.0	0.9999999999993658	-0.9999999999993658
66	Riboflavin-e0	Enterococcus_faecalis_KB1	Metabolite	96.79614652082984	96.79614652082984	1.0	9.838503266291568	9.838503266291568
72	Enterococcus_faecalis_KB1	Riboflavin-e0	Microbe	-0.9999999999999305	0.9999999999999305	-1.0	0.9999999999999653	-0.9999999999999653
90	Riboflavin	Flavonifractor_plautii_YL31	Metabolite	126.68907410930456	126.68907410930456	1.0	11.255624110163975	11.255624110163975
