	Source	Target	SourceType	Weight	ABS_Weight	Sign_Weight	ABSRootWeight	SignedRootWeight
35	Akkermansia_muciniphilaYL44	PAN	Microbe	-0.999999999990836	0.999999999990836	-1.0	0.999999999995418	-0.999999999995418
46	Akkermansia_muciniphilaYL44	Riboflavin	Microbe	-1.0000000000000642	1.0000000000000642	-1.0	1.000000000000032	-1.000000000000032
64	Enterocloster_clostridioformis_YL32	PAN	Microbe	-1.0000000000005405	1.0000000000005405	-1.0	1.0000000000002702	-1.0000000000002702
86	Riboflavin	Akkermansia_muciniphilaYL44	Metabolite	126.68907411749326	126.68907411749326	1.0	11.255624110527735	11.255624110527735
89	PAN	Enterocloster_clostridioformis_YL32	Metabolite	126.68907411986153	126.68907411986153	1.0	11.255624110632938	11.255624110632938
