	Source	Target	SourceType	Weight	ABS_Weight	Sign_Weight	ABSRootWeight	SignedRootWeight
18	PAN	Blautia_coccoides_YL58	Metabolite	96.79614651616475	96.79614651616475	1.0	9.838503266054484	9.838503266054484
20	Thiamine	Limosilactobacillus_reuteri_I49	Metabolite	193.5922930321682	193.5922930321682	1.0	13.913744752300445	13.913744752300445
44	Blautia_coccoides_YL58	PAN	Microbe	-0.9999999999997745	0.9999999999997745	-1.0	0.9999999999998872	-0.9999999999998872
49	Limosilactobacillus_reuteri_I49	Thiamine	Microbe	-0.9999999999998267	0.9999999999998267	-1.0	0.9999999999999133	-0.9999999999999133
53	Limosilactobacillus_reuteri_I49	PAN	Microbe	-2.000000000001147	2.000000000001147	-1.0	1.4142135623735006	-1.4142135623735006
