	Source	Target	SourceType	Weight	ABS_Weight	Sign_Weight	ABSRootWeight	SignedRootWeight
14	PAN	Clostridium_innocuum_I46	Metabolite	126.68907411693637	126.68907411693637	1.0	11.255624110502996	11.255624110502996
63	Clostridium_innocuum_I46	PAN	Microbe	-1.0000000000000884	1.0000000000000884	-1.0	1.0000000000000442	-1.0000000000000442
75	PAN	Bacteroides_caecimuris_I48	Metabolite	126.68907411723146	126.68907411723146	1.0	11.255624110516106	11.255624110516106
82	Bacteroides_caecimuris_I48	PAN	Microbe	-0.9999999999997212	0.9999999999997212	-1.0	0.9999999999998606	-0.9999999999998606
