	Source	Target	SourceType	Weight	ABS_Weight	Sign_Weight	ABSRootWeight	SignedRootWeight
65	Enterocloster_clostridioformis_YL32	PAN	Microbe	-0.9999999999999394	0.9999999999999394	-1.0	0.9999999999999697	-0.9999999999999697
71	PAN	Bacteroides_caecimuris_I48	Metabolite	126.68907411573066	126.68907411573066	1.0	11.255624110449435	11.255624110449435
77	Bacteroides_caecimuris_I48	PAN	Microbe	-1.0000000000001026	1.0000000000001026	-1.0	1.0000000000000513	-1.0000000000000513
91	PAN	Enterocloster_clostridioformis_YL32	Metabolite	126.68907411979959	126.68907411979959	1.0	11.255624110630187	11.255624110630187
