	Source	Target	SourceType	Weight	ABS_Weight	Sign_Weight	ABSRootWeight	SignedRootWeight
7	Riboflavin	Turicimonas_muris_YL45	Metabolite	126.68907411739643	126.68907411739643	1.0	11.255624110523433	11.255624110523433
25	PAN	Limosilactobacillus_reuteri_I49	Metabolite	96.79614651699809	96.79614651699809	1.0	9.838503266096835	9.838503266096835
41	Turicimonas_muris_YL45	PAN	Microbe	-1.000000000048264	1.000000000048264	-1.0	1.000000000024132	-1.000000000024132
50	Limosilactobacillus_reuteri_I49	PAN	Microbe	-1.0000000000023321	1.0000000000023321	-1.0	1.000000000001166	-1.000000000001166
55	Turicimonas_muris_YL45	Riboflavin	Microbe	-0.9999999999997401	0.9999999999997401	-1.0	0.99999999999987	-0.99999999999987
63	Limosilactobacillus_reuteri_I49	Riboflavin	Microbe	-1.0000000000000029	1.0000000000000029	-1.0	1.0000000000000013	-1.0000000000000013
