	Source	Target	Weight	Metabolites	ABSWeight	SignWeight	ABSRootWeight	SignedRootWeight
bc1002->bc1012	bc1002	bc1012	-0.17850482891327418	O2.D-Glucose	0.17850482891327418	-1.0	0.422498318237214	-0.422498318237214
bc1012->bc1002	bc1012	bc1002	-0.27087086964738305	D-Glucose	0.27087086964738305	-1.0	0.5204525623410677	-0.5204525623410677
