	Source	Target	SourceType	Weight	ABS_Weight	Sign_Weight	ABSRootWeight	SignedRootWeight
40	Limosilactobacillus_reuteri_I49	PAN	Microbe	-0.9999999999998929	0.9999999999998929	-1.0	0.9999999999999464	-0.9999999999999464
51	PAN	Limosilactobacillus_reuteri_I49	Metabolite	96.79614651701245	96.79614651701245	1.0	9.838503266097565	9.838503266097565
