	Source	Target	SourceType	Weight	ABS_Weight	Sign_Weight	ABSRootWeight	SignedRootWeight
19	Clostridium_innocuum_I46	N-Acetyl-D-glucosamine-e0	Microbe	-0.9999999999999992	0.9999999999999992	-1.0	0.9999999999999996	-0.9999999999999996
38	N-Acetyl-D-glucosamine-e0	Clostridium_innocuum_I46	Metabolite	18.117340654848082	18.117340654848082	1.0	4.256446951959824	4.256446951959824
71	Clostridium_innocuum_I46	PAN	Microbe	-0.14300633879802666	0.14300633879802666	-1.0	0.37816178918291926	-0.37816178918291926
76	Enterocloster_clostridioformis_YL32	PAN	Microbe	-1.0000000000001645	1.0000000000001645	-1.0	1.0000000000000822	-1.0000000000000822
103	PAN	Enterocloster_clostridioformis_YL32	Metabolite	126.68907411979171	126.68907411979171	1.0	11.255624110629837	11.255624110629837
