	Source	Target	SourceType	Weight	ABS_Weight	Sign_Weight	ABSRootWeight	SignedRootWeight
3	Riboflavin	Bacteroides_caecimuris_I48	Metabolite	126.68907411745595	126.68907411745595	1.0	11.255624110526076	11.255624110526076
14	Clostridium_innocuum_I46	Folate-e0	Microbe	-0.9999999999993625	0.9999999999993625	-1.0	0.9999999999996813	-0.9999999999996813
17	Folate-e0	Clostridium_innocuum_I46	Metabolite	84.45938274451468	84.45938274451468	1.0	9.190178602427414	9.190178602427414
45	Clostridium_innocuum_I46	Riboflavin	Microbe	-0.6666666666519342	0.6666666666519342	-1.0	0.8164965809187043	-0.8164965809187043
71	Bacteroides_caecimuris_I48	Riboflavin	Microbe	-1.0000000000000133	1.0000000000000133	-1.0	1.0000000000000067	-1.0000000000000067
