	Source	Target	Weight	Metabolites	ABSWeight	SignWeight	ABSRootWeight	SignedRootWeight
bc1012->bc1015	bc1012	bc1015	-0.15324853629753324	O2	0.15324853629753324	-1.0	0.3914697131292959	-0.3914697131292959
bc1015->bc1012	bc1015	bc1012	-0.15602222284598688	D-Glucose.O2	0.15602222284598688	-1.0	0.3949964845995302	-0.3949964845995302
