	Source	Target	SourceType	Weight	ABS_Weight	Sign_Weight	ABSRootWeight	SignedRootWeight
0	Riboflavin	Bifidobacterium_animalis_YL2	Metabolite	96.79614651724023	96.79614651724023	1.0	9.838503266109141	9.838503266109141
47	Clostridium_innocuum_I46	Riboflavin	Microbe	-0.9999999999999941	0.9999999999999941	-1.0	0.999999999999997	-0.999999999999997
83	Riboflavin	Clostridium_innocuum_I46	Metabolite	126.68907411810696	126.68907411810696	1.0	11.255624110554997	11.255624110554997
90	Bifidobacterium_animalis_YL2	Riboflavin	Microbe	-0.9999999999999636	0.9999999999999636	-1.0	0.9999999999999818	-0.9999999999999818
