	Source	Target	Weight	Metabolites	ABSWeight	SignWeight	ABSRootWeight	SignedRootWeight
bc1008->bc1012	bc1008	bc1012	-0.17146149851900122	D-Glucose	0.17146149851900122	-1.0	0.414079096935599	-0.414079096935599
bc1010->bc1012	bc1010	bc1012	-0.17146149851900253	D-Glucose	0.17146149851900253	-1.0	0.41407909693560063	-0.41407909693560063
bc1008->bc1010	bc1008	bc1010	-0.269704829539217	D-Glucose	0.269704829539217	-1.0	0.5193311366933596	-0.5193311366933596
bc1012->bc1010	bc1012	bc1010	-0.2697048295392197	D-Glucose	0.2697048295392197	-1.0	0.5193311366933623	-0.5193311366933623
bc1010->bc1008	bc1010	bc1008	-0.05745328811845302	D-Glucose	0.05745328811845302	-1.0	0.23969415536982336	-0.23969415536982336
bc1012->bc1008	bc1012	bc1008	-0.05745328811845316	D-Glucose	0.05745328811845316	-1.0	0.23969415536982366	-0.23969415536982366
