	Source	Target	SourceType	Weight	ABS_Weight	Sign_Weight	ABSRootWeight	SignedRootWeight
4	Riboflavin	Bifidobacterium_animalis_YL2	Metabolite	96.79614651699673	96.79614651699673	1.0	9.838503266096765	9.838503266096765
13	PAN	Blautia_coccoides_YL58	Metabolite	96.79614652051093	96.79614652051093	1.0	9.83850326627536	9.83850326627536
36	Blautia_coccoides_YL58	PAN	Microbe	-0.9999999999999503	0.9999999999999503	-1.0	0.9999999999999751	-0.9999999999999751
50	Blautia_coccoides_YL58	Riboflavin	Microbe	-1.0000000000000007	1.0000000000000007	-1.0	1.0000000000000002	-1.0000000000000002
70	Bifidobacterium_animalis_YL2	PAN	Microbe	-0.9999999999958493	0.9999999999958493	-1.0	0.9999999999979247	-0.9999999999979247
80	Bifidobacterium_animalis_YL2	Riboflavin	Microbe	-1.0000000000001483	1.0000000000001483	-1.0	1.0000000000000742	-1.0000000000000742
