	Source	Target	SourceType	Weight	ABS_Weight	Sign_Weight	ABSRootWeight	SignedRootWeight
16	Thiamine	Limosilactobacillus_reuteri_I49	Metabolite	135.56370855445633	135.56370855445633	1.0	11.643182921970105	11.643182921970105
28	Folate-e0	Limosilactobacillus_reuteri_I49	Metabolite	67.78185427720176	67.78185427720176	1.0	8.232973598718859	8.232973598718859
39	Limosilactobacillus_reuteri_I49	Folate-e0	Microbe	-1.0000000000000182	1.0000000000000182	-1.0	1.000000000000009	-1.000000000000009
44	Flavonifractor_plautii_YL31	Riboflavin	Microbe	-0.6666666666648497	0.6666666666648497	-1.0	0.8164965809266134	-0.8164965809266134
46	Limosilactobacillus_reuteri_I49	Thiamine	Microbe	-1.0000000000001281	1.0000000000001281	-1.0	1.000000000000064	-1.000000000000064
62	Riboflavin	Limosilactobacillus_reuteri_I49	Metabolite	203.34556283175232	203.34556283175232	1.0	14.259928570359401	14.259928570359401
65	Limosilactobacillus_reuteri_I49	Riboflavin	Microbe	-0.9999999999999242	0.9999999999999242	-1.0	0.999999999999962	-0.999999999999962
66	Folate-e0	Flavonifractor_plautii_YL31	Metabolite	84.45938274524326	84.45938274524326	1.0	9.190178602467052	9.190178602467052
103	Flavonifractor_plautii_YL31	Folate-e0	Microbe	-1.0000000000002995	1.0000000000002995	-1.0	1.0000000000001497	-1.0000000000001497
