	Source	Target	SourceType	Weight	ABS_Weight	Sign_Weight	ABSRootWeight	SignedRootWeight
5	Riboflavin	Bacteroides_caecimuris_I48	Metabolite	126.68907411739525	126.68907411739525	1.0	11.255624110523382	11.255624110523382
65	Bacteroides_caecimuris_I48	Riboflavin	Microbe	-1.000000000000225	1.000000000000225	-1.0	1.0000000000001124	-1.0000000000001124
68	Enterocloster_clostridioformis_YL32	PAN	Microbe	-1.000000000000322	1.000000000000322	-1.0	1.000000000000161	-1.000000000000161
79	Bacteroides_caecimuris_I48	PAN	Microbe	-1.0000000000016653	1.0000000000016653	-1.0	1.0000000000008327	-1.0000000000008327
95	PAN	Enterocloster_clostridioformis_YL32	Metabolite	126.68907411986531	126.68907411986531	1.0	11.255624110633107	11.255624110633107
