	Source	Target	SourceType	Weight	ABS_Weight	Sign_Weight	ABSRootWeight	SignedRootWeight
6	Acutalibacter_muris_KB1	PAN	Microbe	-2.0000000000035927	2.0000000000035927	-1.0	1.4142135623743652	-1.4142135623743652
38	Muribaculum_intestinale_YL27	PAN	Microbe	-0.9999999999999468	0.9999999999999468	-1.0	0.9999999999999734	-0.9999999999999734
70	Acutalibacter_muris_KB1	Pyridoxal	Microbe	-0.9999999999990588	0.9999999999990588	-1.0	0.9999999999995294	-0.9999999999995294
80	Pyridoxal	Acutalibacter_muris_KB1	Metabolite	193.59229303344998	193.59229303344998	1.0	13.913744752346508	13.913744752346508
102	PAN	Muribaculum_intestinale_YL27	Metabolite	126.68907411794035	126.68907411794035	1.0	11.255624110547595	11.255624110547595
