	Source	Target	SourceType	Weight	ABS_Weight	Sign_Weight	ABSRootWeight	SignedRootWeight
16	Thiamine	Limosilactobacillus_reuteri_I49	Metabolite	135.56370856698473	135.56370856698473	1.0	11.643182922508121	11.643182922508121
28	Folate-e0	Limosilactobacillus_reuteri_I49	Metabolite	67.78185428344203	67.78185428344203	1.0	8.23297359909784	8.23297359909784
39	Limosilactobacillus_reuteri_I49	Folate-e0	Microbe	-0.9999999999999741	0.9999999999999741	-1.0	0.999999999999987	-0.999999999999987
44	Flavonifractor_plautii_YL31	Riboflavin	Microbe	-0.6666666666690239	0.6666666666690239	-1.0	0.8164965809291695	-0.8164965809291695
46	Limosilactobacillus_reuteri_I49	Thiamine	Microbe	-1.0000000000000198	1.0000000000000198	-1.0	1.0000000000000098	-1.0000000000000098
61	Riboflavin	Limosilactobacillus_reuteri_I49	Metabolite	203.3455628506295	203.3455628506295	1.0	14.259928571021298	14.259928571021298
64	Limosilactobacillus_reuteri_I49	Riboflavin	Microbe	-0.9999999999998912	0.9999999999998912	-1.0	0.9999999999999456	-0.9999999999999456
65	Folate-e0	Flavonifractor_plautii_YL31	Metabolite	84.4593827452798	84.4593827452798	1.0	9.19017860246904	9.19017860246904
102	Flavonifractor_plautii_YL31	Folate-e0	Microbe	-0.9999999999999196	0.9999999999999196	-1.0	0.9999999999999598	-0.9999999999999598
