	Source	Target	SourceType	Weight	ABS_Weight	Sign_Weight	ABSRootWeight	SignedRootWeight
32	Akkermansia_muciniphilaYL44	PAN	Microbe	-1.0000000000030527	1.0000000000030527	-1.0	1.0000000000015263	-1.0000000000015263
43	Akkermansia_muciniphilaYL44	Riboflavin	Microbe	-0.9999999999998549	0.9999999999998549	-1.0	0.9999999999999274	-0.9999999999999274
60	Enterocloster_clostridioformis_YL32	PAN	Microbe	-1.0000000000005405	1.0000000000005405	-1.0	1.0000000000002702	-1.0000000000002702
81	Riboflavin	Akkermansia_muciniphilaYL44	Metabolite	126.6890741172843	126.6890741172843	1.0	11.255624110518452	11.255624110518452
84	PAN	Enterocloster_clostridioformis_YL32	Metabolite	126.68907411986153	126.68907411986153	1.0	11.255624110632938	11.255624110632938
