	Source	Target	SourceType	Weight	ABS_Weight	Sign_Weight	ABSRootWeight	SignedRootWeight
2	Riboflavin	Bacteroides_caecimuris_I48	Metabolite	126.68907411756285	126.68907411756285	1.0	11.255624110530826	11.255624110530826
45	Clostridium_innocuum_I46	Riboflavin	Microbe	-1.0000000000000207	1.0000000000000207	-1.0	1.0000000000000102	-1.0000000000000102
69	Bacteroides_caecimuris_I48	Riboflavin	Microbe	-0.999999999999877	0.999999999999877	-1.0	0.9999999999999385	-0.9999999999999385
79	Riboflavin	Clostridium_innocuum_I46	Metabolite	126.68907411853239	126.68907411853239	1.0	11.255624110573896	11.255624110573896
