	Source	Target	SourceType	Weight	ABS_Weight	Sign_Weight	ABSRootWeight	SignedRootWeight
15	PAN	Blautia_coccoides_YL58	Metabolite	96.79614652216222	96.79614652216222	1.0	9.83850326635928	9.83850326635928
33	Blautia_coccoides_YL58	PAN	Microbe	-1.0000000000000093	1.0000000000000093	-1.0	1.0000000000000047	-1.0000000000000047
42	Muribaculum_intestinale_YL27	PAN	Microbe	-0.999999999999868	0.999999999999868	-1.0	0.9999999999999339	-0.9999999999999339
97	PAN	Muribaculum_intestinale_YL27	Metabolite	126.68907411707123	126.68907411707123	1.0	11.255624110508988	11.255624110508988
