	Source	Target	SourceType	Weight	ABS_Weight	Sign_Weight	ABSRootWeight	SignedRootWeight
4	Riboflavin	Bifidobacterium_animalis_YL2	Metabolite	96.79614651697348	96.79614651697348	1.0	9.838503266095584	9.838503266095584
13	PAN	Blautia_coccoides_YL58	Metabolite	96.79614652051093	96.79614652051093	1.0	9.83850326627536	9.83850326627536
36	Blautia_coccoides_YL58	PAN	Microbe	-0.9999999999999503	0.9999999999999503	-1.0	0.9999999999999751	-0.9999999999999751
50	Blautia_coccoides_YL58	Riboflavin	Microbe	-1.0000000000000007	1.0000000000000007	-1.0	1.0000000000000002	-1.0000000000000002
70	Bifidobacterium_animalis_YL2	PAN	Microbe	-0.999999999995473	0.999999999995473	-1.0	0.9999999999977365	-0.9999999999977365
80	Bifidobacterium_animalis_YL2	Riboflavin	Microbe	-0.9999999999997934	0.9999999999997934	-1.0	0.9999999999998966	-0.9999999999998966
