	Source	Target	SourceType	Weight	ABS_Weight	Sign_Weight	ABSRootWeight	SignedRootWeight
18	Acutalibacter_muris_KB1	Riboflavin	Microbe	2.4292613645425543	2.4292613645425543	1.0	1.55860879137215	1.55860879137215
36	Akkermansia_muciniphilaYL44	Riboflavin	Microbe	-1.0000000000001341	1.0000000000001341	-1.0	1.000000000000067	-1.000000000000067
62	Acutalibacter_muris_KB1	Pyridoxal	Microbe	-0.9999999999999445	0.9999999999999445	-1.0	0.9999999999999722	-0.9999999999999722
75	Pyridoxal	Acutalibacter_muris_KB1	Metabolite	193.5922930335841	193.5922930335841	1.0	13.913744752351327	13.913744752351327
87	Riboflavin	Akkermansia_muciniphilaYL44	Metabolite	126.68907411748881	126.68907411748881	1.0	11.255624110527537	11.255624110527537
