	Source	Target	Weight	Metabolites	ABSWeight	SignWeight	ABSRootWeight	SignedRootWeight
bc1011->bc1012	bc1011	bc1012	-0.2052644763920335	O2.D-Glucose	0.2052644763920335	-1.0	0.4530612280829529	-0.4530612280829529
bc1012->bc1011	bc1012	bc1011	-0.15278557913560895	O2	0.15278557913560895	-1.0	0.3908779593883607	-0.3908779593883607
