	Source	Target	SourceType	Weight	ABS_Weight	Sign_Weight	ABSRootWeight	SignedRootWeight
16	PAN	Blautia_coccoides_YL58	Metabolite	96.79614652167574	96.79614652167574	1.0	9.838503266334557	9.838503266334557
38	Blautia_coccoides_YL58	PAN	Microbe	-0.9999999999999984	0.9999999999999984	-1.0	0.9999999999999992	-0.9999999999999992
49	N-acetyl-D-gluosamine	Enterocloster_clostridioformis_YL32	Metabolite	18.117340654804437	18.117340654804437	1.0	4.256446951954698	4.256446951954698
67	Enterocloster_clostridioformis_YL32	PAN	Microbe	-0.1430063387909815	0.1430063387909815	-1.0	0.37816178917360427	-0.37816178917360427
93	Enterocloster_clostridioformis_YL32	N-acetyl-D-gluosamine	Microbe	-0.9999999999999922	0.9999999999999922	-1.0	0.9999999999999961	-0.9999999999999961
