	Source	Target	SourceType	Weight	ABS_Weight	Sign_Weight	ABSRootWeight	SignedRootWeight
18	Clostridium_innocuum_I46	N-Acetyl-D-glucosamine-e0	Microbe	-0.9999999999999908	0.9999999999999908	-1.0	0.9999999999999953	-0.9999999999999953
38	N-Acetyl-D-glucosamine-e0	Clostridium_innocuum_I46	Metabolite	18.11734065467125	18.11734065467125	1.0	4.256446951939052	4.256446951939052
44	Flavonifractor_plautii_YL31	Riboflavin	Microbe	-1.0000000000000036	1.0000000000000036	-1.0	1.0000000000000018	-1.0000000000000018
90	Riboflavin	Flavonifractor_plautii_YL31	Metabolite	126.68907411873926	126.68907411873926	1.0	11.255624110583085	11.255624110583085
