	Source	Target	SourceType	Weight	ABS_Weight	Sign_Weight	ABSRootWeight	SignedRootWeight
4	D-Glucose	bc1001	Metabolite	0.277683649708704	0.277683649708704	1.0	0.5269569714015595	0.5269569714015595
34	bc1001	D-Glucose	Microbe	-0.9999999999999978	0.9999999999999978	-1.0	0.9999999999999989	-0.9999999999999989
59	bc1012	O2	Microbe	-0.9999999999999928	0.9999999999999928	-1.0	0.9999999999999963	-0.9999999999999963
75	O2	bc1012	Metabolite	0.04345627411196768	0.04345627411196768	1.0	0.20846168499742987	0.20846168499742987
78	D-Glucose	bc1012	Metabolite	0.130368822335666	0.130368822335666	1.0	0.36106622984663905	0.36106622984663905
112	bc1012	D-Glucose	Microbe	-0.9999999999999998	0.9999999999999998	-1.0	0.9999999999999999	-0.9999999999999999
129	bc1001	O2	Microbe	-1.822533188350078	1.822533188350078	-1.0	1.3500122919255506	-1.3500122919255506
