	Source	Target	SourceType	Weight	ABS_Weight	Sign_Weight	ABSRootWeight	SignedRootWeight
16	PAN	Blautia_coccoides_YL58	Metabolite	96.7961465214494	96.7961465214494	1.0	9.838503266323054	9.838503266323054
26	PAN	Clostridium_innocuum_I46	Metabolite	126.689074118433	126.689074118433	1.0	11.25562411056948	11.25562411056948
44	Blautia_coccoides_YL58	PAN	Microbe	-0.9999999999998969	0.9999999999998969	-1.0	0.9999999999999484	-0.9999999999999484
69	Clostridium_innocuum_I46	PAN	Microbe	-0.9999999999999681	0.9999999999999681	-1.0	0.999999999999984	-0.999999999999984
