	Source	Target	SourceType	Weight	ABS_Weight	Sign_Weight	ABSRootWeight	SignedRootWeight
18	PAN	Blautia_coccoides_YL58	Metabolite	96.79614652093773	96.79614652093773	1.0	9.83850326629705	9.83850326629705
28	PAN	Clostridium_innocuum_I46	Metabolite	126.68907411929548	126.68907411929548	1.0	11.255624110607794	11.255624110607794
44	Blautia_coccoides_YL58	PAN	Microbe	-1.000000000000086	1.000000000000086	-1.0	1.0000000000000429	-1.0000000000000429
69	Clostridium_innocuum_I46	PAN	Microbe	-1.0000000000001381	1.0000000000001381	-1.0	1.000000000000069	-1.000000000000069
