	Source	Target	SourceType	Weight	ABS_Weight	Sign_Weight	ABSRootWeight	SignedRootWeight
7	Riboflavin	Turicimonas_muris_YL45	Metabolite	126.68907411760752	126.68907411760752	1.0	11.25562411053281	11.25562411053281
24	Muribaculum_intestinale_YL27	Riboflavin	Microbe	-0.9999999999999992	0.9999999999999992	-1.0	0.9999999999999996	-0.9999999999999996
32	D-Glyceraldehyde-e0	Muribaculum_intestinale_YL27	Metabolite	5.339588852292022	5.339588852292022	1.0	2.310755039438846	2.310755039438846
33	Muribaculum_intestinale_YL27	D-Glyceraldehyde-e0	Microbe	-1.000000000000001	1.000000000000001	-1.0	1.0000000000000004	-1.0000000000000004
53	Turicimonas_muris_YL45	Riboflavin	Microbe	-1.0000000000012945	1.0000000000012945	-1.0	1.0000000000006473	-1.0000000000006473
65	Turicimonas_muris_YL45	D-Glyceraldehyde-e0	Microbe	3.9543954170479645	3.9543954170479645	1.0	1.9885661711514566	1.9885661711514566
