	Source	Target	SourceType	Weight	ABS_Weight	Sign_Weight	ABSRootWeight	SignedRootWeight
8	Melitose-e0	Limosilactobacillus_reuteri_I49	Metabolite	3.0903794260473374	3.0903794260473374	1.0	1.7579475037802856	1.7579475037802856
49	Akkermansia_muciniphilaYL44	Riboflavin	Microbe	-0.999999999999968	0.999999999999968	-1.0	0.999999999999984	-0.999999999999984
62	Limosilactobacillus_reuteri_I49	Riboflavin	Microbe	-0.9999999999999999	0.9999999999999999	-1.0	0.9999999999999999	-0.9999999999999999
78	Limosilactobacillus_reuteri_I49	Melitose-e0	Microbe	-0.9999999999999907	0.9999999999999907	-1.0	0.9999999999999953	-0.9999999999999953
98	Riboflavin	Akkermansia_muciniphilaYL44	Metabolite	126.68907411746463	126.68907411746463	1.0	11.255624110526464	11.255624110526464
