	Source	Target	SourceType	Weight	ABS_Weight	Sign_Weight	ABSRootWeight	SignedRootWeight
22	PAN	Clostridium_innocuum_I46	Metabolite	126.68907411697612	126.68907411697612	1.0	11.255624110504762	11.255624110504762
32	Flavonifractor_plautii_YL31	PAN	Microbe	-0.9999999999868835	0.9999999999868835	-1.0	0.9999999999934417	-0.9999999999934417
43	Flavonifractor_plautii_YL31	Riboflavin	Microbe	-1.000000000000033	1.000000000000033	-1.0	1.0000000000000164	-1.0000000000000164
51	Clostridium_innocuum_I46	Riboflavin	Microbe	-0.9999999999999989	0.9999999999999989	-1.0	0.9999999999999994	-0.9999999999999994
67	Clostridium_innocuum_I46	PAN	Microbe	-0.9999999999999738	0.9999999999999738	-1.0	0.9999999999999869	-0.9999999999999869
88	Riboflavin	Flavonifractor_plautii_YL31	Metabolite	126.68907411823126	126.68907411823126	1.0	11.255624110560518	11.255624110560518
