	Source	Target	Metabolites	Weight	Variance	ABS_Weight	Sign_Weight	ABSRootWeight	SignedRootWeight
0	Bifidobacterium_animalis_YL2	Muribaculum_intestinale_YL27	PAN	-0.5125904505874213	64.6747000116802	0.5125904505874213	-1.0	0.7159542238072356	-0.7159542238072356
1	Muribaculum_intestinale_YL27	Bifidobacterium_animalis_YL2	Riboflavin	-96.00018426701055	0.6283461219351019	96.00018426701055	-1.0	9.797968374464705	-9.797968374464705
2	Bifidobacterium_animalis_YL2	Muribaculum_intestinale_YL27	Folate.Glycerol-e0.Fumarate-e0.D-Glucose-e0.Riboflavin	-0.14574053229288803	344.6476797410548	0.14574053229288803	-1.0	0.3817597834933481	-0.3817597834933481
3	Bifidobacterium_animalis_YL2	Muribaculum_intestinale_YL27	Riboflavin	-123.60524718507794	255.54289248142786	123.60524718507794	-1.0	11.117789671741319	-11.117789671741319
4	Bifidobacterium_animalis_YL2	Muribaculum_intestinale_YL27	Folate.Fumarate-e0	0.84534161865775	61.55524966754346	0.84534161865775	1.0	0.9194246128192077	0.9194246128192077
