	Source	Target	SourceType	Weight	ABS_Weight	Sign_Weight	ABSRootWeight	SignedRootWeight
25	Enterococcus_faecalis_KB1	PAN	Microbe	-1.000000000057351	1.000000000057351	-1.0	1.0000000000286755	-1.0000000000286755
27	PAN	Limosilactobacillus_reuteri_I49	Metabolite	96.79614651719008	96.79614651719008	1.0	9.838503266106592	9.838503266106592
46	Limosilactobacillus_reuteri_I49	PAN	Microbe	-0.9999999999996372	0.9999999999996372	-1.0	0.9999999999998186	-0.9999999999998186
69	Riboflavin-e0	Enterococcus_faecalis_KB1	Metabolite	96.79614652206305	96.79614652206305	1.0	9.838503266354241	9.838503266354241
72	Enterococcus_faecalis_KB1	Riboflavin-e0	Microbe	-0.9999999999999089	0.9999999999999089	-1.0	0.9999999999999544	-0.9999999999999544
