	Source	Target	SourceType	Weight	ABS_Weight	Sign_Weight	ABSRootWeight	SignedRootWeight
18	PAN	Blautia_coccoides_YL58	Metabolite	96.79614652291203	96.79614652291203	1.0	9.838503266397385	9.838503266397385
31	Flavonifractor_plautii_YL31	PAN	Microbe	-0.9999999999899837	0.9999999999899837	-1.0	0.9999999999949918	-0.9999999999949918
38	Blautia_coccoides_YL58	PAN	Microbe	-0.9999999999998593	0.9999999999998593	-1.0	0.9999999999999296	-0.9999999999999296
39	Flavonifractor_plautii_YL31	Riboflavin	Microbe	-1.000000000000055	1.000000000000055	-1.0	1.0000000000000275	-1.0000000000000275
52	Blautia_coccoides_YL58	Riboflavin	Microbe	-1.0000000000000013	1.0000000000000013	-1.0	1.0000000000000007	-1.0000000000000007
84	Riboflavin	Flavonifractor_plautii_YL31	Metabolite	126.6890741184713	126.6890741184713	1.0	11.255624110571182	11.255624110571182
