	Source	Target	SourceType	Weight	ABS_Weight	Sign_Weight	ABSRootWeight	SignedRootWeight
27	Flavonifractor_plautii_YL31	PAN	Microbe	-1.0000000000005633	1.0000000000005633	-1.0	1.0000000000002816	-1.0000000000002816
53	PAN	Flavonifractor_plautii_YL31	Metabolite	126.68907412166342	126.68907412166342	1.0	11.255624110712983	11.255624110712983
65	Enterocloster_clostridioformis_YL32	PAN	Microbe	-1.0000000000002238	1.0000000000002238	-1.0	1.000000000000112	-1.000000000000112
90	PAN	Enterocloster_clostridioformis_YL32	Metabolite	126.68907411987142	126.68907411987142	1.0	11.255624110633377	11.255624110633377
