	Source	Target	SourceType	Weight	ABS_Weight	Sign_Weight	ABSRootWeight	SignedRootWeight
19	Clostridium_innocuum_I46	N-Acetyl-D-glucosamine-e0	Microbe	-0.9999999999999893	0.9999999999999893	-1.0	0.9999999999999947	-0.9999999999999947
38	N-Acetyl-D-glucosamine-e0	Clostridium_innocuum_I46	Metabolite	18.117340654709984	18.117340654709984	1.0	4.256446951943603	4.256446951943603
70	Clostridium_innocuum_I46	PAN	Microbe	-0.14300633879401042	0.14300633879401042	-1.0	0.37816178917760906	-0.37816178917760906
74	Enterocloster_clostridioformis_YL32	PAN	Microbe	-1.000000000000287	1.000000000000287	-1.0	1.0000000000001434	-1.0000000000001434
97	PAN	Enterocloster_clostridioformis_YL32	Metabolite	126.68907411983177	126.68907411983177	1.0	11.255624110631617	11.255624110631617
