	Source	Target	SourceType	Weight	ABS_Weight	Sign_Weight	ABSRootWeight	SignedRootWeight
40	Muribaculum_intestinale_YL27	PAN	Microbe	-0.9999999999999211	0.9999999999999211	-1.0	0.9999999999999605	-0.9999999999999605
69	Enterocloster_clostridioformis_YL32	PAN	Microbe	-0.9999999999999403	0.9999999999999403	-1.0	0.9999999999999701	-0.9999999999999701
94	PAN	Enterocloster_clostridioformis_YL32	Metabolite	126.68907411979822	126.68907411979822	1.0	11.255624110630126	11.255624110630126
97	PAN	Muribaculum_intestinale_YL27	Metabolite	126.68907411692179	126.68907411692179	1.0	11.255624110502348	11.255624110502348
