	MetConSIN	DirectDFBA	Difference	ABS_Difference	SameSign
bc1003##H2O	3.6746527745200437	-1e-08	3.6746527845200436	3.6746527845200436	-1.0
bc1012##H2O	3.0913788928361345	-1e-08	3.0913789028361345	3.0913789028361345	-1.0
bc1011##H2O	3.611925806999925	-1e-08	3.611925816999925	3.611925816999925	-1.0
