	Source	Target	SourceType	Weight	ABS_Weight	Sign_Weight	ABSRootWeight	SignedRootWeight
19	Muribaculum_intestinale_YL27	Riboflavin	Microbe	-1.0000000000000004	1.0000000000000004	-1.0	1.0000000000000002	-1.0000000000000002
25	Flavonifractor_plautii_YL31	PAN	Microbe	-0.9999999999622816	0.9999999999622816	-1.0	0.9999999999811408	-0.9999999999811408
33	Flavonifractor_plautii_YL31	Riboflavin	Microbe	-0.9999999999999527	0.9999999999999527	-1.0	0.9999999999999764	-0.9999999999999764
39	Muribaculum_intestinale_YL27	PAN	Microbe	-1.0000000000001148	1.0000000000001148	-1.0	1.0000000000000573	-1.0000000000000573
79	Riboflavin	Flavonifractor_plautii_YL31	Metabolite	126.68907411646104	126.68907411646104	1.0	11.25562411048188	11.25562411048188
100	PAN	Muribaculum_intestinale_YL27	Metabolite	126.68907411775712	126.68907411775712	1.0	11.255624110539456	11.255624110539456
