	Source	Target	SourceType	Weight	ABS_Weight	Sign_Weight	ABSRootWeight	SignedRootWeight
21	Enterococcus_faecalis_KB1	PAN	Microbe	-0.9999999978309778	0.9999999978309778	-1.0	0.9999999989154889	-0.9999999989154889
27	PAN	Clostridium_innocuum_I46	Metabolite	126.6890741177103	126.6890741177103	1.0	11.255624110537376	11.255624110537376
63	Clostridium_innocuum_I46	PAN	Microbe	-0.9999999999999729	0.9999999999999729	-1.0	0.9999999999999865	-0.9999999999999865
69	Riboflavin-e0	Enterococcus_faecalis_KB1	Metabolite	96.79614630824894	96.79614630824894	1.0	9.83850325548805	9.83850325548805
73	Enterococcus_faecalis_KB1	Riboflavin-e0	Microbe	-0.9999999999999792	0.9999999999999792	-1.0	0.9999999999999896	-0.9999999999999896
