	Source	Target	SourceType	Weight	ABS_Weight	Sign_Weight	ABSRootWeight	SignedRootWeight
23	Clostridium_innocuum_I46	Folate-e0	Microbe	-0.9999999999999998	0.9999999999999998	-1.0	0.9999999999999999	-0.9999999999999999
57	Thiamin-e0	Clostridium_innocuum_I46	Metabolite	253.37814823553413	253.37814823553413	1.0	15.917856270099128	15.917856270099128
62	Folate-e0	Flavonifractor_plautii_YL31	Metabolite	84.45938273843333	84.45938273843333	1.0	9.190178602096552	9.190178602096552
89	Clostridium_innocuum_I46	Thiamin-e0	Microbe	-0.9999999999988497	0.9999999999988497	-1.0	0.9999999999994248	-0.9999999999994248
97	Flavonifractor_plautii_YL31	Folate-e0	Microbe	-0.9999999999999982	0.9999999999999982	-1.0	0.9999999999999991	-0.9999999999999991
