	Source	Target	SourceType	Weight	ABS_Weight	Sign_Weight	ABSRootWeight	SignedRootWeight
22	PAN	Limosilactobacillus_reuteri_I49	Metabolite	96.79614651615705	96.79614651615705	1.0	9.838503266054094	9.838503266054094
50	Muribaculum_intestinale_YL27	PAN	Microbe	-0.9999999999999799	0.9999999999999799	-1.0	0.9999999999999899	-0.9999999999999899
54	Limosilactobacillus_reuteri_I49	PAN	Microbe	-0.9999999999999967	0.9999999999999967	-1.0	0.9999999999999983	-0.9999999999999983
118	PAN	Muribaculum_intestinale_YL27	Metabolite	126.6890741164436	126.6890741164436	1.0	11.255624110481106	11.255624110481106
