	Source	Target	Weight	Metabolites	ABSWeight	SignWeight	ABSRootWeight	SignedRootWeight
bc1011->bc1015	bc1011	bc1015	-0.25030228184986536	D-Glucose	0.25030228184986536	-1.0	0.5003021905307485	-0.5003021905307485
bc1015->bc1011	bc1015	bc1011	-0.2701563170637772	D-Glucose	0.2701563170637772	-1.0	0.519765636670776	-0.519765636670776
