	Source	Target	Weight	Metabolites	ABSWeight	SignWeight	ABSRootWeight	SignedRootWeight
bc1008->bc1002	bc1008	bc1002	-0.003427576436975438	O2	0.003427576436975438	-1.0	0.05854550740215203	-0.05854550740215203
bc1002->bc1008	bc1002	bc1008	-0.032431086224845515	D-Glucose	0.032431086224845515	-1.0	0.1800863299221946	-0.1800863299221946
