	Source	Target	Weight	Metabolites	ABSWeight	SignWeight	ABSRootWeight	SignedRootWeight
bc1011->bc1012	bc1011	bc1012	-0.17841398637562095	O2.D-Glucose	0.17841398637562095	-1.0	0.42239079816636743	-0.42239079816636743
bc1012->bc1011	bc1012	bc1011	-0.27015631706377613	D-Glucose	0.27015631706377613	-1.0	0.519765636670775	-0.519765636670775
