	Source	Target	Weight	Metabolites	ABSWeight	SignWeight	ABSRootWeight	SignedRootWeight
bc1001->bc1008	bc1001	bc1008	-0.03152386386470406	D-Glucose	0.03152386386470406	-1.0	0.17754960958758556	-0.17754960958758556
bc1009->bc1008	bc1009	bc1008	-0.05745328811846746	D-Glucose	0.05745328811846746	-1.0	0.23969415536985347	-0.23969415536985347
bc1008->bc1001	bc1008	bc1001	-0.0034154906736765835	O2	0.0034154906736765835	-1.0	0.05844219942538596	-0.05844219942538596
bc1009->bc1001	bc1009	bc1001	-0.1523613679485772	O2	0.1523613679485772	-1.0	0.39033494328406876	-0.39033494328406876
bc1001->bc1009	bc1001	bc1009	-0.15269659945725755	D-Glucose.O2	0.15269659945725755	-1.0	0.39076412253078907	-0.39076412253078907
bc1008->bc1009	bc1008	bc1009	-3.1011471617927886	D-Glucose.O2	3.1011471617927886	-1.0	1.7610074280913153	-1.7610074280913153
