	Source	Target	Weight	Metabolites	ABSWeight	SignWeight	ABSRootWeight	SignedRootWeight
bc1012->bc1015	bc1012	bc1015	-0.15324853629752494	O2	0.15324853629752494	-1.0	0.3914697131292853	-0.3914697131292853
bc1015->bc1012	bc1015	bc1012	-0.152993124996932	O2	0.152993124996932	-1.0	0.3911433560690147	-0.3911433560690147
