	Source	Target	Weight	Metabolites	ABSWeight	SignWeight	ABSRootWeight	SignedRootWeight
bc1010->bc1002	bc1010	bc1002	-0.15290050085943976	O2	0.15290050085943976	-1.0	0.3910249363652397	-0.3910249363652397
bc1002->bc1010	bc1002	bc1010	-0.15252946972194545	O2	0.15252946972194545	-1.0	0.39055021408513585	-0.39055021408513585
