	Source	Target	SourceType	Weight	ABS_Weight	Sign_Weight	ABSRootWeight	SignedRootWeight
24	PAN	Clostridium_innocuum_I46	Metabolite	126.68907411978684	126.68907411978684	1.0	11.25562411062962	11.25562411062962
27	PAN	Limosilactobacillus_reuteri_I49	Metabolite	96.79614651716369	96.79614651716369	1.0	9.838503266105251	9.838503266105251
52	Limosilactobacillus_reuteri_I49	PAN	Microbe	-0.9999999999998995	0.9999999999998995	-1.0	0.9999999999999497	-0.9999999999999497
73	Clostridium_innocuum_I46	PAN	Microbe	-1.0000000000002869	1.0000000000002869	-1.0	1.0000000000001434	-1.0000000000001434
