	Source	Target	SourceType	Weight	ABS_Weight	Sign_Weight	ABSRootWeight	SignedRootWeight
0	Riboflavin	Bifidobacterium_animalis_YL2	Metabolite	96.79614651724023	96.79614651724023	1.0	9.838503266109141	9.838503266109141
15	Clostridium_innocuum_I46	N-Acetyl-D-glucosamine-e0	Microbe	-1.000000000000012	1.000000000000012	-1.0	1.000000000000006	-1.000000000000006
33	N-Acetyl-D-glucosamine-e0	Clostridium_innocuum_I46	Metabolite	18.11734065438776	18.11734065438776	1.0	4.256446951905751	4.256446951905751
48	Clostridium_innocuum_I46	Riboflavin	Microbe	-1.0000000000000013	1.0000000000000013	-1.0	1.0000000000000007	-1.0000000000000007
90	Bifidobacterium_animalis_YL2	Riboflavin	Microbe	-0.9999999999999636	0.9999999999999636	-1.0	0.9999999999999818	-0.9999999999999818
