	Source	Target	SourceType	Weight	ABS_Weight	Sign_Weight	ABSRootWeight	SignedRootWeight
14	PAN	Blautia_coccoides_YL58	Metabolite	96.79614652216222	96.79614652216222	1.0	9.83850326635928	9.83850326635928
35	Akkermansia_muciniphilaYL44	PAN	Microbe	-0.9999999999908576	0.9999999999908576	-1.0	0.9999999999954288	-0.9999999999954288
40	Blautia_coccoides_YL58	PAN	Microbe	-1.0000000000000093	1.0000000000000093	-1.0	1.0000000000000047	-1.0000000000000047
46	Akkermansia_muciniphilaYL44	Riboflavin	Microbe	-0.9999999999997852	0.9999999999997852	-1.0	0.9999999999998925	-0.9999999999998925
52	Blautia_coccoides_YL58	Riboflavin	Microbe	-1.0000000000000013	1.0000000000000013	-1.0	1.0000000000000007	-1.0000000000000007
90	Riboflavin	Akkermansia_muciniphilaYL44	Metabolite	126.68907411711476	126.68907411711476	1.0	11.25562411051092	11.25562411051092
