	Source	Target	SourceType	Weight	ABS_Weight	Sign_Weight	ABSRootWeight	SignedRootWeight
37	Akkermansia_muciniphilaYL44	Riboflavin	Microbe	-0.9999999999994187	0.9999999999994187	-1.0	0.9999999999997093	-0.9999999999997093
53	Riboflavin-e0	Enterococcus_faecalis_KB1	Metabolite	96.79614654367401	96.79614654367401	1.0	9.838503267452525	9.838503267452525
57	Enterococcus_faecalis_KB1	Riboflavin-e0	Microbe	-0.9999999999999937	0.9999999999999937	-1.0	0.9999999999999968	-0.9999999999999968
84	Riboflavin	Akkermansia_muciniphilaYL44	Metabolite	126.68907411739914	126.68907411739914	1.0	11.255624110523554	11.255624110523554
