	Source	Target	SourceType	Weight	ABS_Weight	Sign_Weight	ABSRootWeight	SignedRootWeight
43	Flavonifractor_plautii_YL31	Riboflavin	Microbe	-0.9999999999999862	0.9999999999999862	-1.0	0.9999999999999931	-0.9999999999999931
66	Riboflavin-e0	Enterococcus_faecalis_KB1	Metabolite	96.79614652082984	96.79614652082984	1.0	9.838503266291568	9.838503266291568
71	Enterococcus_faecalis_KB1	Riboflavin-e0	Microbe	-0.9999999999999305	0.9999999999999305	-1.0	0.9999999999999653	-0.9999999999999653
89	Riboflavin	Flavonifractor_plautii_YL31	Metabolite	126.68907411741121	126.68907411741121	1.0	11.25562411052409	11.25562411052409
