	Source	Target	SourceType	Weight	ABS_Weight	Sign_Weight	ABSRootWeight	SignedRootWeight
19	Muribaculum_intestinale_YL27	Riboflavin	Microbe	-0.9999999999999998	0.9999999999999998	-1.0	0.9999999999999999	-0.9999999999999999
25	Flavonifractor_plautii_YL31	PAN	Microbe	-0.9999999999707956	0.9999999999707956	-1.0	0.9999999999853978	-0.9999999999853978
33	Flavonifractor_plautii_YL31	Riboflavin	Microbe	-1.0000000000000195	1.0000000000000195	-1.0	1.0000000000000098	-1.0000000000000098
39	Muribaculum_intestinale_YL27	PAN	Microbe	-0.9999999999997978	0.9999999999997978	-1.0	0.9999999999998989	-0.9999999999998989
78	Riboflavin	Flavonifractor_plautii_YL31	Metabolite	126.68907411699973	126.68907411699973	1.0	11.255624110505812	11.255624110505812
99	PAN	Muribaculum_intestinale_YL27	Metabolite	126.68907411814801	126.68907411814801	1.0	11.25562411055682	11.25562411055682
