	Source	Target	SourceType	Weight	ABS_Weight	Sign_Weight	ABSRootWeight	SignedRootWeight
4	Folate	Muribaculum_intestinale_YL27	Metabolite	84.45938274377856	84.45938274377856	1.0	9.190178602387364	9.190178602387364
58	Folate-e0	Flavonifractor_plautii_YL31	Metabolite	84.45938272269781	84.45938272269781	1.0	9.190178601240447	9.190178601240447
66	Muribaculum_intestinale_YL27	Folate	Microbe	-0.9999999999999238	0.9999999999999238	-1.0	0.9999999999999619	-0.9999999999999619
89	Flavonifractor_plautii_YL31	Folate-e0	Microbe	-1.000000000000161	1.000000000000161	-1.0	1.0000000000000804	-1.0000000000000804
