	Source	Target	SourceType	Weight	ABS_Weight	Sign_Weight	ABSRootWeight	SignedRootWeight
18	PAN	Blautia_coccoides_YL58	Metabolite	96.79614652122343	96.79614652122343	1.0	9.83850326631157	9.83850326631157
23	Clostridium_innocuum_I46	N-Acetyl-D-glucosamine-e0	Microbe	-0.999999999999996	0.999999999999996	-1.0	0.999999999999998	-0.999999999999998
39	N-Acetyl-D-glucosamine-e0	Clostridium_innocuum_I46	Metabolite	18.117340654686164	18.117340654686164	1.0	4.256446951940804	4.256446951940804
46	Blautia_coccoides_YL58	PAN	Microbe	-1.0000000000000862	1.0000000000000862	-1.0	1.000000000000043	-1.000000000000043
71	Clostridium_innocuum_I46	PAN	Microbe	-0.14300633879389651	0.14300633879389651	-1.0	0.3781617891774584	-0.3781617891774584
