	Source	Target	SourceType	Weight	ABS_Weight	Sign_Weight	ABSRootWeight	SignedRootWeight
25	Muribaculum_intestinale_YL27	Riboflavin	Microbe	-0.9999999999999999	0.9999999999999999	-1.0	0.9999999999999999	-0.9999999999999999
36	Blautia_coccoides_YL58	PAN	Microbe	-0.9999999999930038	0.9999999999930038	-1.0	0.9999999999965019	-0.9999999999965019
45	Muribaculum_intestinale_YL27	PAN	Microbe	-0.9999999999999498	0.9999999999999498	-1.0	0.9999999999999749	-0.9999999999999749
48	Riboflavin	Blautia_coccoides_YL58	Metabolite	96.79614651682972	96.79614651682972	1.0	9.838503266088278	9.838503266088278
55	Blautia_coccoides_YL58	Riboflavin	Microbe	-0.9999999999999691	0.9999999999999691	-1.0	0.9999999999999846	-0.9999999999999846
105	PAN	Muribaculum_intestinale_YL27	Metabolite	126.68907411690726	126.68907411690726	1.0	11.255624110501703	11.255624110501703
