	Source	Target	SourceType	Weight	ABS_Weight	Sign_Weight	ABSRootWeight	SignedRootWeight
4	Acutalibacter_muris_KB1	PAN	Microbe	-2.0000000000076352	2.0000000000076352	-1.0	1.4142135623757945	-1.4142135623757945
33	Muribaculum_intestinale_YL27	PAN	Microbe	-0.9999999999998802	0.9999999999998802	-1.0	0.99999999999994	-0.99999999999994
64	Acutalibacter_muris_KB1	Pyridoxal	Microbe	-1.0000000000009155	1.0000000000009155	-1.0	1.0000000000004576	-1.0000000000004576
74	Pyridoxal	Acutalibacter_muris_KB1	Metabolite	193.59229303371148	193.59229303371148	1.0	13.913744752355905	13.913744752355905
96	PAN	Muribaculum_intestinale_YL27	Metabolite	126.68907411700083	126.68907411700083	1.0	11.25562411050586	11.25562411050586
