	Source	Target	SourceType	Weight	ABS_Weight	Sign_Weight	ABSRootWeight	SignedRootWeight
17	Clostridium_innocuum_I46	N-Acetyl-D-glucosamine-e0	Microbe	-1.0000000000000078	1.0000000000000078	-1.0	1.0000000000000038	-1.0000000000000038
37	N-Acetyl-D-glucosamine-e0	Clostridium_innocuum_I46	Metabolite	18.117340654661124	18.117340654661124	1.0	4.256446951937863	4.256446951937863
43	Flavonifractor_plautii_YL31	Riboflavin	Microbe	-1.0000000000000235	1.0000000000000235	-1.0	1.0000000000000118	-1.0000000000000118
89	Riboflavin	Flavonifractor_plautii_YL31	Metabolite	126.68907411821378	126.68907411821378	1.0	11.255624110559742	11.255624110559742
