	Source	Target	Weight	Metabolites	ABSWeight	SignWeight	ABSRootWeight	SignedRootWeight
bc1008->bc1016	bc1008	bc1016	-0.057453287705578414	D-Glucose	0.057453287705578414	-1.0	0.2396941545085704	-0.2396941545085704
bc1009->bc1016	bc1009	bc1016	-0.05745328770557894	D-Glucose	0.05745328770557894	-1.0	0.23969415450857148	-0.23969415450857148
bc1009->bc1008	bc1009	bc1008	-0.057453288118453114	D-Glucose	0.057453288118453114	-1.0	0.23969415536982355	-0.23969415536982355
bc1016->bc1008	bc1016	bc1008	-0.05745328811845306	D-Glucose	0.05745328811845306	-1.0	0.23969415536982344	-0.23969415536982344
bc1008->bc1009	bc1008	bc1009	-0.25061370900613933	D-Glucose	0.25061370900613933	-1.0	0.5006133328289802	-0.5006133328289802
bc1016->bc1009	bc1016	bc1009	-0.2506137090061414	D-Glucose	0.2506137090061414	-1.0	0.5006133328289822	-0.5006133328289822
