	Source	Target	SourceType	Weight	ABS_Weight	Sign_Weight	ABSRootWeight	SignedRootWeight
6	Acutalibacter_muris_KB1	PAN	Microbe	-1.0000000000000233	1.0000000000000233	-1.0	1.0000000000000115	-1.0000000000000115
44	PAN	Acutalibacter_muris_KB1	Metabolite	96.79614651653262	96.79614651653262	1.0	9.838503266073179	9.838503266073179
65	Enterocloster_clostridioformis_YL32	PAN	Microbe	-1.0000000000002585	1.0000000000002585	-1.0	1.0000000000001292	-1.0000000000001292
94	PAN	Enterocloster_clostridioformis_YL32	Metabolite	126.68907411985938	126.68907411985938	1.0	11.255624110632843	11.255624110632843
