	Source	Target	SourceType	Weight	ABS_Weight	Sign_Weight	ABSRootWeight	SignedRootWeight
45	Flavonifractor_plautii_YL31	Riboflavin	Microbe	-0.9999999999994702	0.9999999999994702	-1.0	0.9999999999997351	-0.9999999999997351
50	Akkermansia_muciniphilaYL44	Riboflavin	Microbe	-0.9999999999999704	0.9999999999999704	-1.0	0.9999999999999851	-0.9999999999999851
87	Riboflavin	Flavonifractor_plautii_YL31	Metabolite	126.68907411755379	126.68907411755379	1.0	11.255624110530423	11.255624110530423
100	Riboflavin	Akkermansia_muciniphilaYL44	Metabolite	126.6890741181453	126.6890741181453	1.0	11.255624110556699	11.255624110556699
