	Source	Target	SourceType	Weight	ABS_Weight	Sign_Weight	ABSRootWeight	SignedRootWeight
27	PAN	Clostridium_innocuum_I46	Metabolite	126.68907411865506	126.68907411865506	1.0	11.255624110579344	11.255624110579344
71	Clostridium_innocuum_I46	PAN	Microbe	-1.000000000000151	1.000000000000151	-1.0	1.0000000000000755	-1.0000000000000755
76	Enterocloster_clostridioformis_YL32	PAN	Microbe	-1.0000000000001645	1.0000000000001645	-1.0	1.0000000000000822	-1.0000000000000822
102	PAN	Enterocloster_clostridioformis_YL32	Metabolite	126.68907411979171	126.68907411979171	1.0	11.255624110629837	11.255624110629837
