	Source	Target	SourceType	Weight	ABS_Weight	Sign_Weight	ABSRootWeight	SignedRootWeight
23	PAN	Blautia_coccoides_YL58	Metabolite	96.79614652097966	96.79614652097966	1.0	9.838503266299181	9.838503266299181
24	Blautia_coccoides_YL58	PAN	Microbe	-1.0000000000000235	1.0000000000000235	-1.0	1.0000000000000118	-1.0000000000000118
