	Source	Target	SourceType	Weight	ABS_Weight	Sign_Weight	ABSRootWeight	SignedRootWeight
16	Thiamine	Limosilactobacillus_reuteri_I49	Metabolite	135.56370855283274	135.56370855283274	1.0	11.643182921900383	11.643182921900383
28	Folate-e0	Limosilactobacillus_reuteri_I49	Metabolite	67.78185427638418	67.78185427638418	1.0	8.232973598669206	8.232973598669206
39	Limosilactobacillus_reuteri_I49	Folate-e0	Microbe	-0.9999999999999882	0.9999999999999882	-1.0	0.9999999999999941	-0.9999999999999941
44	Flavonifractor_plautii_YL31	Riboflavin	Microbe	-0.6666666666648497	0.6666666666648497	-1.0	0.8164965809266134	-0.8164965809266134
46	Limosilactobacillus_reuteri_I49	Thiamine	Microbe	-1.0000000000002116	1.0000000000002116	-1.0	1.0000000000001057	-1.0000000000001057
62	Riboflavin	Limosilactobacillus_reuteri_I49	Metabolite	203.34556282929347	203.34556282929347	1.0	14.259928570273185	14.259928570273185
65	Limosilactobacillus_reuteri_I49	Riboflavin	Microbe	-0.9999999999999823	0.9999999999999823	-1.0	0.9999999999999911	-0.9999999999999911
66	Folate-e0	Flavonifractor_plautii_YL31	Metabolite	84.45938274524326	84.45938274524326	1.0	9.190178602467052	9.190178602467052
103	Flavonifractor_plautii_YL31	Folate-e0	Microbe	-1.0000000000002995	1.0000000000002995	-1.0	1.0000000000001497	-1.0000000000001497
