	Source	Target	SourceType	Weight	ABS_Weight	Sign_Weight	ABSRootWeight	SignedRootWeight
19	Clostridium_innocuum_I46	N-Acetyl-D-glucosamine-e0	Microbe	-1.0000000000000275	1.0000000000000275	-1.0	1.0000000000000138	-1.0000000000000138
37	N-Acetyl-D-glucosamine-e0	Clostridium_innocuum_I46	Metabolite	18.1173406546975	18.1173406546975	1.0	4.256446951942136	4.256446951942136
68	Clostridium_innocuum_I46	PAN	Microbe	-0.14300633879219354	0.14300633879219354	-1.0	0.37816178917520676	-0.37816178917520676
73	Enterocloster_clostridioformis_YL32	PAN	Microbe	-1.0000000000003166	1.0000000000003166	-1.0	1.0000000000001583	-1.0000000000001583
99	PAN	Enterocloster_clostridioformis_YL32	Metabolite	126.68907411985191	126.68907411985191	1.0	11.255624110632512	11.255624110632512
