	Source	Target	SourceType	Weight	ABS_Weight	Sign_Weight	ABSRootWeight	SignedRootWeight
22	PAN	Clostridium_innocuum_I46	Metabolite	126.68907411532543	126.68907411532543	1.0	11.255624110431434	11.255624110431434
32	Flavonifractor_plautii_YL31	PAN	Microbe	-0.9999999999797894	0.9999999999797894	-1.0	0.9999999999898946	-0.9999999999898946
43	Flavonifractor_plautii_YL31	Riboflavin	Microbe	-0.9999999999999944	0.9999999999999944	-1.0	0.9999999999999972	-0.9999999999999972
51	Clostridium_innocuum_I46	Riboflavin	Microbe	-0.9999999999999991	0.9999999999999991	-1.0	0.9999999999999996	-0.9999999999999996
66	Clostridium_innocuum_I46	PAN	Microbe	-1.0000000000002875	1.0000000000002875	-1.0	1.0000000000001437	-1.0000000000001437
88	Riboflavin	Flavonifractor_plautii_YL31	Metabolite	126.6890741174909	126.6890741174909	1.0	11.25562411052763	11.25562411052763
