	MetConSIN	DirectDFBA	Difference	ABS_Difference	SameSign
bc1015##H2O	3.5025277911441015	1e-08	3.5025277811441016	3.5025277811441016	1.0
bc1012##H2O	3.0902782279065293	1e-08	3.0902782179065293	3.0902782179065293	1.0
bc1003##H2O	3.6746527745200437	1e-08	3.6746527645200437	3.6746527645200437	1.0
bc1008##H+	2.428694664394088	1e-08	2.428694654394088	2.428694654394088	1.0
