	Source	Target	SourceType	Weight	Variance	ABS_Weight	Sign_Weight	ABSRootWeight	SignedRootWeight
29	Flavonifractor_plautii_YL31	Riboflavin	Microbe	-0.9823253782592659	0.0003068708387549507	0.9823253782592659	-1.0	0.9911232911496258	-0.9911232911496258
34	Akkermansia_muciniphilaYL44	Riboflavin	Microbe	-0.9823253782593901	0.00030687083875502913	0.9823253782593901	-1.0	0.9911232911496884	-0.9911232911496884
70	Riboflavin	Flavonifractor_plautii_YL31	Metabolite	124.44989265418316	4.925314247084964	124.44989265418316	1.0	11.155711212387274	11.155711212387274
80	Riboflavin	Akkermansia_muciniphilaYL44	Metabolite	124.4498926544391	4.925314247105343	124.4498926544391	1.0	11.155711212398746	11.155711212398746
