	Source	Target	SourceType	Weight	ABS_Weight	Sign_Weight	ABSRootWeight	SignedRootWeight
19	Clostridium_innocuum_I46	N-Acetyl-D-glucosamine-e0	Microbe	-1.0000000000000318	1.0000000000000318	-1.0	1.0000000000000158	-1.0000000000000158
37	N-Acetyl-D-glucosamine-e0	Clostridium_innocuum_I46	Metabolite	18.117340654694853	18.117340654694853	1.0	4.256446951941825	4.256446951941825
67	Clostridium_innocuum_I46	PAN	Microbe	-0.14300633879206742	0.14300633879206742	-1.0	0.37816178917504	-0.37816178917504
72	Enterocloster_clostridioformis_YL32	PAN	Microbe	-0.9999999999998636	0.9999999999998636	-1.0	0.9999999999999317	-0.9999999999999317
99	PAN	Enterocloster_clostridioformis_YL32	Metabolite	126.68907411981291	126.68907411981291	1.0	11.255624110630778	11.255624110630778
