	Source	Target	SourceType	Weight	ABS_Weight	Sign_Weight	ABSRootWeight	SignedRootWeight
30	PAN	Clostridium_innocuum_I46	Metabolite	126.68907411902462	126.68907411902462	1.0	11.255624110595761	11.255624110595761
33	PAN	Limosilactobacillus_reuteri_I49	Metabolite	96.7961465214879	96.7961465214879	1.0	9.838503266325011	9.838503266325011
58	Limosilactobacillus_reuteri_I49	PAN	Microbe	-0.9999999999999173	0.9999999999999173	-1.0	0.9999999999999586	-0.9999999999999586
80	Clostridium_innocuum_I46	PAN	Microbe	-0.9999999999992201	0.9999999999992201	-1.0	0.99999999999961	-0.99999999999961
