	Source	Target	SourceType	Weight	ABS_Weight	Sign_Weight	ABSRootWeight	SignedRootWeight
15	PAN	Blautia_coccoides_YL58	Metabolite	96.796146516394	96.796146516394	1.0	9.838503266066136	9.838503266066136
21	Enterococcus_faecalis_KB1	PAN	Microbe	-0.9999999999998562	0.9999999999998562	-1.0	0.9999999999999281	-0.9999999999999281
33	PAN	Enterococcus_faecalis_KB1	Metabolite	96.79614651652125	96.79614651652125	1.0	9.838503266072602	9.838503266072602
44	Blautia_coccoides_YL58	PAN	Microbe	-1.0000000000003488	1.0000000000003488	-1.0	1.0000000000001743	-1.0000000000001743
