	Source	Target	SourceType	Weight	ABS_Weight	Sign_Weight	ABSRootWeight	SignedRootWeight
24	PAN	Clostridium_innocuum_I46	Metabolite	126.68907413209286	126.68907413209286	1.0	11.255624111176282	11.255624111176282
39	Akkermansia_muciniphilaYL44	PAN	Microbe	-1.0000000000214784	1.0000000000214784	-1.0	1.0000000000107392	-1.0000000000107392
49	Akkermansia_muciniphilaYL44	Riboflavin	Microbe	-1.0000000000001608	1.0000000000001608	-1.0	1.0000000000000804	-1.0000000000000804
50	Clostridium_innocuum_I46	Riboflavin	Microbe	-1.0000000000000002	1.0000000000000002	-1.0	1.0	-1.0
66	Clostridium_innocuum_I46	PAN	Microbe	-1.000000000001474	1.000000000001474	-1.0	1.000000000000737	-1.000000000000737
93	Riboflavin	Akkermansia_muciniphilaYL44	Metabolite	126.68907411830341	126.68907411830341	1.0	11.255624110563723	11.255624110563723
