	Source	Target	SourceType	Weight	ABS_Weight	Sign_Weight	ABSRootWeight	SignedRootWeight
21	D-Glucose	bc1009	Metabolite	3.1363004459461545	3.1363004459461545	1.0	1.7709603174397088	1.7709603174397088
22	D-Glucose	bc1015	Metabolite	0.2787243911686641	0.2787243911686641	1.0	0.5279435492253542	0.5279435492253542
32	bc1009	D-Glucose	Microbe	-1.0000000000002518	1.0000000000002518	-1.0	1.000000000000126	-1.000000000000126
40	bc1015	D-Glucose	Microbe	-1.0000000000000053	1.0000000000000053	-1.0	1.0000000000000027	-1.0000000000000027
131	bc1009	O2	Microbe	-0.9999999999999888	0.9999999999999888	-1.0	0.9999999999999943	-0.9999999999999943
133	bc1015	O2	Microbe	-1.818773594206017	1.818773594206017	-1.0	1.3486191434967907	-1.3486191434967907
134	O2	bc1009	Metabolite	-1.5681502229731277	1.5681502229731277	-1.0	1.252258049673919	-1.252258049673919
