	Source	Target	SourceType	Weight	ABS_Weight	Sign_Weight	ABSRootWeight	SignedRootWeight
48	Akkermansia_muciniphilaYL44	Riboflavin	Microbe	-1.0000000000000289	1.0000000000000289	-1.0	1.0000000000000144	-1.0000000000000144
49	Clostridium_innocuum_I46	Riboflavin	Microbe	-1.000000000000039	1.000000000000039	-1.0	1.0000000000000195	-1.0000000000000195
75	Riboflavin	Clostridium_innocuum_I46	Metabolite	126.68907412038436	126.68907412038436	1.0	11.255624110656164	11.255624110656164
94	Riboflavin	Akkermansia_muciniphilaYL44	Metabolite	126.68907411780984	126.68907411780984	1.0	11.255624110541797	11.255624110541797
