	Source	Target	SourceType	Weight	ABS_Weight	Sign_Weight	ABSRootWeight	SignedRootWeight
46	Flavonifractor_plautii_YL31	Riboflavin	Microbe	-0.9999999999997552	0.9999999999997552	-1.0	0.9999999999998775	-0.9999999999998775
51	Akkermansia_muciniphilaYL44	Riboflavin	Microbe	-0.9999999999999917	0.9999999999999917	-1.0	0.9999999999999958	-0.9999999999999958
90	Riboflavin	Flavonifractor_plautii_YL31	Metabolite	126.68907411779499	126.68907411779499	1.0	11.255624110541138	11.255624110541138
103	Riboflavin	Akkermansia_muciniphilaYL44	Metabolite	126.68907411814851	126.68907411814851	1.0	11.255624110556843	11.255624110556843
