	Source	Target	Weight	Metabolites	ABSWeight	SignWeight	ABSRootWeight	SignedRootWeight
bc1002->bc1010	bc1002	bc1010	-1.0000000000000001e-16	H2O	1.0000000000000001e-16	-1.0	1e-08	-1e-08
bc1010->bc1002	bc1010	bc1002	-1.0000000000000001e-16	H2O	1.0000000000000001e-16	-1.0	1e-08	-1e-08
