	Source	Target	SourceType	Weight	ABS_Weight	Sign_Weight	ABSRootWeight	SignedRootWeight
8	Riboflavin	Turicimonas_muris_YL45	Metabolite	126.6890741173095	126.6890741173095	1.0	11.255624110519571	11.255624110519571
51	Turicimonas_muris_YL45	Riboflavin	Microbe	-0.999999999999208	0.999999999999208	-1.0	0.999999999999604	-0.999999999999604
86	Enterocloster_clostridioformis_YL32	Thiamin-e0	Microbe	-1.0000000000001306	1.0000000000001306	-1.0	1.0000000000000653	-1.0000000000000653
98	Thiamin-e0	Enterocloster_clostridioformis_YL32	Metabolite	253.3781482472997	253.3781482472997	1.0	15.917856270468699	15.917856270468699
