	Source	Target	SourceType	Weight	ABS_Weight	Sign_Weight	ABSRootWeight	SignedRootWeight
5	Acutalibacter_muris_KB1	PAN	Microbe	-0.9999999999999675	0.9999999999999675	-1.0	0.9999999999999837	-0.9999999999999837
41	PAN	Acutalibacter_muris_KB1	Metabolite	96.79614651618928	96.79614651618928	1.0	9.838503266055731	9.838503266055731
62	Enterocloster_clostridioformis_YL32	PAN	Microbe	-0.9999999999999806	0.9999999999999806	-1.0	0.9999999999999902	-0.9999999999999902
90	PAN	Enterocloster_clostridioformis_YL32	Metabolite	126.68907411985454	126.68907411985454	1.0	11.255624110632628	11.255624110632628
