	Source	Target	SourceType	Weight	ABS_Weight	Sign_Weight	ABSRootWeight	SignedRootWeight
19	Clostridium_innocuum_I46	PAN	Microbe	-1.0000000000002038	1.0000000000002038	-1.0	1.000000000000102	-1.000000000000102
35	PAN	Clostridium_innocuum_I46	Metabolite	126.68907411744571	126.68907411744571	1.0	11.255624110525623	11.255624110525623
