	Source	Target	SourceType	Weight	ABS_Weight	Sign_Weight	ABSRootWeight	SignedRootWeight
54	Riboflavin-e0	Enterococcus_faecalis_KB1	Metabolite	96.79614652086046	96.79614652086046	1.0	9.838503266293124	9.838503266293124
58	Enterococcus_faecalis_KB1	Riboflavin-e0	Microbe	-0.999999999999935	0.999999999999935	-1.0	0.9999999999999675	-0.9999999999999675
62	Acutalibacter_muris_KB1	Pyridoxal	Microbe	-0.9999999999990588	0.9999999999990588	-1.0	0.9999999999995294	-0.9999999999995294
76	Pyridoxal	Acutalibacter_muris_KB1	Metabolite	193.59229303344998	193.59229303344998	1.0	13.913744752346508	13.913744752346508
80	Enterococcus_faecalis_KB1	Pyridoxal	Microbe	-0.500000000021638	0.500000000021638	-1.0	0.7071067812018479	-0.7071067812018479
