	Source	Target	Weight	Metabolites	ABSWeight	SignWeight	ABSRootWeight	SignedRootWeight
bc1012->bc1015	bc1012	bc1015	-0.153248536297526	O2	0.153248536297526	-1.0	0.3914697131292867	-0.3914697131292867
bc1015->bc1012	bc1015	bc1012	-0.09885099458817391	D-Glucose.O2	0.09885099458817391	-1.0	0.3144057801443445	-0.3144057801443445
