	Source	Target	SourceType	Weight	ABS_Weight	Sign_Weight	ABSRootWeight	SignedRootWeight
0	Riboflavin	Bifidobacterium_animalis_YL2	Metabolite	96.79614651724023	96.79614651724023	1.0	9.838503266109141	9.838503266109141
15	Clostridium_innocuum_I46	N-Acetyl-D-glucosamine-e0	Microbe	-0.9999999999999938	0.9999999999999938	-1.0	0.9999999999999969	-0.9999999999999969
33	N-Acetyl-D-glucosamine-e0	Clostridium_innocuum_I46	Metabolite	18.117340654654285	18.117340654654285	1.0	4.256446951937059	4.256446951937059
48	Clostridium_innocuum_I46	Riboflavin	Microbe	-0.9999999999999981	0.9999999999999981	-1.0	0.999999999999999	-0.999999999999999
90	Bifidobacterium_animalis_YL2	Riboflavin	Microbe	-0.9999999999999636	0.9999999999999636	-1.0	0.9999999999999818	-0.9999999999999818
