	Source	Target	SourceType	Weight	ABS_Weight	Sign_Weight	ABSRootWeight	SignedRootWeight
20	PAN	Blautia_coccoides_YL58	Metabolite	96.79614652174774	96.79614652174774	1.0	9.838503266338217	9.838503266338217
32	Flavonifractor_plautii_YL31	PAN	Microbe	-0.9999999999948278	0.9999999999948278	-1.0	0.9999999999974138	-0.9999999999974138
40	Blautia_coccoides_YL58	PAN	Microbe	-0.9999999999998702	0.9999999999998702	-1.0	0.999999999999935	-0.999999999999935
41	Flavonifractor_plautii_YL31	Riboflavin	Microbe	-1.0000000000001485	1.0000000000001485	-1.0	1.0000000000000742	-1.0000000000000742
54	Blautia_coccoides_YL58	Riboflavin	Microbe	-0.9999999999999997	0.9999999999999997	-1.0	0.9999999999999998	-0.9999999999999998
83	Riboflavin	Flavonifractor_plautii_YL31	Metabolite	126.68907411904055	126.68907411904055	1.0	11.25562411059647	11.25562411059647
