	Source	Target	SourceType	Weight	ABS_Weight	Sign_Weight	ABSRootWeight	SignedRootWeight
29	PAN	Limosilactobacillus_reuteri_I49	Metabolite	96.79614651499753	96.79614651499753	1.0	9.838503265995165	9.838503265995165
55	Limosilactobacillus_reuteri_I49	PAN	Microbe	-1.0000000000001645	1.0000000000001645	-1.0	1.0000000000000822	-1.0000000000000822
81	Enterocloster_clostridioformis_YL32	PAN	Microbe	-1.0000000000000777	1.0000000000000777	-1.0	1.0000000000000389	-1.0000000000000389
109	PAN	Enterocloster_clostridioformis_YL32	Metabolite	126.68907411963694	126.68907411963694	1.0	11.255624110622962	11.255624110622962
