	Source	Target	SourceType	Weight	Variance	ABS_Weight	Sign_Weight	ABSRootWeight	SignedRootWeight
14	Enterococcus_faecalis_KB1	PAN	Microbe	-0.9939429616605181	3.646549603853466e-05	0.9939429616605181	-1.0	0.9969668809245963	-0.9969668809245963
19	PAN	Clostridium_innocuum_I46	Metabolite	125.92171352286073	0.5852756418593538	125.92171352286073	1.0	11.22148446164146	11.22148446164146
49	Clostridium_innocuum_I46	PAN	Microbe	-0.993942961538056	3.6465496029550236e-05	0.993942961538056	-1.0	0.9969668808631789	-0.9969668808631789
53	Riboflavin-e0	Enterococcus_faecalis_KB1	Metabolite	96.20984854910459	0.34166324564945966	96.20984854910459	1.0	9.808661914303325	9.808661914303325
57	Enterococcus_faecalis_KB1	Riboflavin-e0	Microbe	-0.9939429615380558	3.6465496029550656e-05	0.9939429615380558	-1.0	0.9969668808631789	-0.9969668808631789
