	Source	Target	SourceType	Weight	ABS_Weight	Sign_Weight	ABSRootWeight	SignedRootWeight
1	Riboflavin	Bifidobacterium_animalis_YL2	Metabolite	96.79614651724023	96.79614651724023	1.0	9.838503266109141	9.838503266109141
27	Bifidobacterium_animalis_YL2	Uracil-e0	Microbe	-12.165428977298582	12.165428977298582	-1.0	3.4878975009737	-3.4878975009737
61	Limosilactobacillus_reuteri_I49	Riboflavin	Microbe	-0.9999999999999992	0.9999999999999992	-1.0	0.9999999999999996	-0.9999999999999996
75	Uracil-e0	Limosilactobacillus_reuteri_I49	Metabolite	0.5498248331018021	0.5498248331018021	1.0	0.741501741806317	0.741501741806317
96	Bifidobacterium_animalis_YL2	Riboflavin	Microbe	-0.9999999999999636	0.9999999999999636	-1.0	0.9999999999999818	-0.9999999999999818
113	Limosilactobacillus_reuteri_I49	Uracil-e0	Microbe	-1.0000000000000038	1.0000000000000038	-1.0	1.0000000000000018	-1.0000000000000018
