	Source	Target	SourceType	Weight	ABS_Weight	Sign_Weight	ABSRootWeight	SignedRootWeight
18	PAN	Clostridium_innocuum_I46	Metabolite	126.68907411931102	126.68907411931102	1.0	11.255624110608483	11.255624110608483
42	Muribaculum_intestinale_YL27	PAN	Microbe	-1.0000000000000815	1.0000000000000815	-1.0	1.0000000000000406	-1.0000000000000406
61	Clostridium_innocuum_I46	PAN	Microbe	-1.0000000000006333	1.0000000000006333	-1.0	1.0000000000003166	-1.0000000000003166
95	PAN	Muribaculum_intestinale_YL27	Metabolite	126.68907411844015	126.68907411844015	1.0	11.255624110569798	11.255624110569798
