	Source	Target	Weight	Metabolites	ABSWeight	SignWeight	ABSRootWeight	SignedRootWeight
bc1009->bc1001	bc1009	bc1001	-0.2776836497087047	D-Glucose	0.2776836497087047	-1.0	0.5269569714015602	-0.5269569714015602
bc1001->bc1009	bc1001	bc1009	-0.25061370900614066	D-Glucose	0.25061370900614066	-1.0	0.5006133328289816	-0.5006133328289816
