	Source	Target	SourceType	Weight	ABS_Weight	Sign_Weight	ABSRootWeight	SignedRootWeight
19	Muribaculum_intestinale_YL27	Riboflavin	Microbe	-0.9999999999999991	0.9999999999999991	-1.0	0.9999999999999996	-0.9999999999999996
25	Flavonifractor_plautii_YL31	PAN	Microbe	-0.9999999999973144	0.9999999999973144	-1.0	0.9999999999986572	-0.9999999999986572
33	Flavonifractor_plautii_YL31	Riboflavin	Microbe	-0.9999999999999656	0.9999999999999656	-1.0	0.9999999999999828	-0.9999999999999828
39	Muribaculum_intestinale_YL27	PAN	Microbe	-1.0000000000000524	1.0000000000000524	-1.0	1.0000000000000262	-1.0000000000000262
78	Riboflavin	Flavonifractor_plautii_YL31	Metabolite	126.68907411846752	126.68907411846752	1.0	11.255624110571013	11.255624110571013
99	PAN	Muribaculum_intestinale_YL27	Metabolite	126.68907411971267	126.68907411971267	1.0	11.255624110626327	11.255624110626327
