	Source	Target	SourceType	Weight	ABS_Weight	Sign_Weight	ABSRootWeight	SignedRootWeight
1	bc1002	O2	Microbe	-1.0000000000000024	1.0000000000000024	-1.0	1.000000000000001	-1.000000000000001
6	bc1012	Fumarate	Microbe	-0.9999999999999919	0.9999999999999919	-1.0	0.9999999999999959	-0.9999999999999959
20	bc1002	D-Glucose	Microbe	-0.5644774613766486	0.5644774613766486	-1.0	0.751317150993273	-0.751317150993273
27	Fumarate	bc1012	Metabolite	-0.7829132233182038	0.7829132233182038	-1.0	0.8848238374491296	-0.8848238374491296
30	O2	bc1002	Metabolite	0.15290050085943943	0.15290050085943943	1.0	0.3910249363652393	0.3910249363652393
58	bc1012	O2	Microbe	-1.000000000000045	1.000000000000045	-1.0	1.0000000000000224	-1.0000000000000224
77	O2	bc1012	Metabolite	-1.5658264466359455	1.5658264466359455	-1.0	1.2513298712313814	-1.2513298712313814
84	D-Glucose	bc1012	Metabolite	3.131652893272501	3.131652893272501	1.0	1.7696476748981707	1.7696476748981707
112	bc1012	D-Glucose	Microbe	-1.0000000000000775	1.0000000000000775	-1.0	1.0000000000000386	-1.0000000000000386
