	Source	Target	SourceType	Weight	Variance	ABS_Weight	Sign_Weight	ABSRootWeight	SignedRootWeight
23	Flavonifractor_plautii_YL31	PAN	Microbe	-0.9965661650991728	1.1750732865132415e-05	0.9965661650991728	-1.0	0.9982816061108072	-0.9982816061108072
31	Flavonifractor_plautii_YL31	Riboflavin	Microbe	-0.99656616512708	1.1750732865790751e-05	0.99656616512708	-1.0	0.9982816061247848	-0.9982816061247848
57	Enterocloster_clostridioformis_YL32	PAN	Microbe	-0.9965661651214507	1.1750732865658228e-05	0.9965661651214507	-1.0	0.9982816061219653	-0.9982816061219653
71	Riboflavin	Flavonifractor_plautii_YL31	Metabolite	102.21440463033478	2465.787803345467	102.21440463033478	1.0	10.110113977118893	10.110113977118893
87	PAN	Enterocloster_clostridioformis_YL32	Metabolite	126.25404475836973	0.18860069022355386	126.25404475836973	1.0	11.236282515065636	11.236282515065636
108	PAN	Flavonifractor_plautii_YL31	Metabolite	24.039640126967043	2465.671024536214	24.039640126967043	1.0	4.903023569897155	4.903023569897155
