	Source	Target	SourceType	Weight	ABS_Weight	Sign_Weight	ABSRootWeight	SignedRootWeight
8	Riboflavin	Turicimonas_muris_YL45	Metabolite	126.68907411760277	126.68907411760277	1.0	11.2556241105326	11.2556241105326
22	PAN	Clostridium_innocuum_I46	Metabolite	126.68907411326796	126.68907411326796	1.0	11.255624110340039	11.255624110340039
41	Turicimonas_muris_YL45	PAN	Microbe	-1.0000000000492226	1.0000000000492226	-1.0	1.0000000000246112	-1.0000000000246112
48	Clostridium_innocuum_I46	Riboflavin	Microbe	-1.000000000000005	1.000000000000005	-1.0	1.0000000000000024	-1.0000000000000024
52	Turicimonas_muris_YL45	Riboflavin	Microbe	-1.0000000000016553	1.0000000000016553	-1.0	1.0000000000008276	-1.0000000000008276
64	Clostridium_innocuum_I46	PAN	Microbe	-0.9999999999998459	0.9999999999998459	-1.0	0.999999999999923	-0.999999999999923
