	Source	Target	Weight	Metabolites	ABSWeight	SignWeight	ABSRootWeight	SignedRootWeight
bc1010->bc1008	bc1010	bc1008	-0.03249226046660573	D-Glucose	0.03249226046660573	-1.0	0.18025609689163286	-0.18025609689163286
bc1012->bc1008	bc1012	bc1008	-0.05745328811845333	D-Glucose	0.05745328811845333	-1.0	0.239694155369824	-0.239694155369824
bc1008->bc1012	bc1008	bc1012	-0.1308758524298279	D-Glucose.O2	0.1308758524298279	-1.0	0.36176767742548244	-0.36176767742548244
bc1010->bc1012	bc1010	bc1012	-0.09547176397716321	D-Glucose.O2	0.09547176397716321	-1.0	0.30898505461779735	-0.30898505461779735
bc1008->bc1010	bc1008	bc1010	-0.0034192590176268323	O2	0.0034192590176268323	-1.0	0.058474430460046654	-0.058474430460046654
bc1012->bc1010	bc1012	bc1010	-0.15252946972194528	O2	0.15252946972194528	-1.0	0.3905502140851356	-0.3905502140851356
