	Source	Target	SourceType	Weight	ABS_Weight	Sign_Weight	ABSRootWeight	SignedRootWeight
4	Folate	Muribaculum_intestinale_YL27	Metabolite	84.45938274444903	84.45938274444903	1.0	9.190178602423842	9.190178602423842
58	Folate-e0	Flavonifractor_plautii_YL31	Metabolite	84.45938272269781	84.45938272269781	1.0	9.190178601240447	9.190178601240447
66	Muribaculum_intestinale_YL27	Folate	Microbe	-1.0000000000000875	1.0000000000000875	-1.0	1.0000000000000437	-1.0000000000000437
90	Flavonifractor_plautii_YL31	Folate-e0	Microbe	-1.000000000000161	1.000000000000161	-1.0	1.0000000000000804	-1.0000000000000804
