	Source	Target	SourceType	Weight	ABS_Weight	Sign_Weight	ABSRootWeight	SignedRootWeight
3	Riboflavin	Bifidobacterium_animalis_YL2	Metabolite	96.79614651722424	96.79614651722424	1.0	9.838503266108328	9.838503266108328
34	Flavonifractor_plautii_YL31	Riboflavin	Microbe	-0.9999999999999968	0.9999999999999968	-1.0	0.9999999999999983	-0.9999999999999983
85	Bifidobacterium_animalis_YL2	Riboflavin	Microbe	-0.9999999999998503	0.9999999999998503	-1.0	0.9999999999999252	-0.9999999999999252
86	Riboflavin	Flavonifractor_plautii_YL31	Metabolite	126.68907411803914	126.68907411803914	1.0	11.255624110551985	11.255624110551985
