	Source	Target	SourceType	Weight	ABS_Weight	Sign_Weight	ABSRootWeight	SignedRootWeight
0	Enterococcus_faecalis_KB1	N-Acetyl-D-glucosamine-e0	Microbe	-1.0	1.0	-1.0	1.0	-1.0
37	N-Acetyl-D-glucosamine-e0	Enterococcus_faecalis_KB1	Metabolite	4.804135289553037	4.804135289553037	1.0	2.1918337732485638	2.1918337732485638
71	Acutalibacter_muris_KB1	Pyridoxal	Microbe	-1.0000000000001825	1.0000000000001825	-1.0	1.0000000000000913	-1.0000000000000913
84	Pyridoxal	Acutalibacter_muris_KB1	Metabolite	193.5922930336292	193.5922930336292	1.0	13.913744752352947	13.913744752352947
89	Enterococcus_faecalis_KB1	Pyridoxal	Microbe	-0.024815736278999637	0.024815736278999637	-1.0	0.1575301122928554	-0.1575301122928554
