	Source	Target	SourceType	Weight	ABS_Weight	Sign_Weight	ABSRootWeight	SignedRootWeight
29	Flavonifractor_plautii_YL31	PAN	Microbe	-0.9999999999751175	0.9999999999751175	-1.0	0.9999999999875587	-0.9999999999875587
39	Flavonifractor_plautii_YL31	Riboflavin	Microbe	-1.000000000000138	1.000000000000138	-1.0	1.0000000000000688	-1.0000000000000688
69	Enterocloster_clostridioformis_YL32	PAN	Microbe	-1.000000000000266	1.000000000000266	-1.0	1.000000000000133	-1.000000000000133
82	Riboflavin	Flavonifractor_plautii_YL31	Metabolite	126.68907411823041	126.68907411823041	1.0	11.25562411056048	11.25562411056048
99	PAN	Enterocloster_clostridioformis_YL32	Metabolite	126.68907411984387	126.68907411984387	1.0	11.255624110632153	11.255624110632153
