	Source	Target	SourceType	Weight	ABS_Weight	Sign_Weight	ABSRootWeight	SignedRootWeight
7	Riboflavin	Turicimonas_muris_YL45	Metabolite	126.68907411739643	126.68907411739643	1.0	11.255624110523433	11.255624110523433
25	PAN	Limosilactobacillus_reuteri_I49	Metabolite	96.79614651723818	96.79614651723818	1.0	9.838503266109036	9.838503266109036
41	Turicimonas_muris_YL45	PAN	Microbe	-1.000000000048264	1.000000000048264	-1.0	1.000000000024132	-1.000000000024132
50	Limosilactobacillus_reuteri_I49	PAN	Microbe	-1.0000000000000597	1.0000000000000597	-1.0	1.0000000000000298	-1.0000000000000298
55	Turicimonas_muris_YL45	Riboflavin	Microbe	-0.9999999999997401	0.9999999999997401	-1.0	0.99999999999987	-0.99999999999987
63	Limosilactobacillus_reuteri_I49	Riboflavin	Microbe	-151.41836207632335	151.41836207632335	-1.0	12.305216864254094	-12.305216864254094
