	Source	Target	SourceType	Weight	ABS_Weight	Sign_Weight	ABSRootWeight	SignedRootWeight
9	Putrescine-e0	Flavonifractor_plautii_YL31	Metabolite	126.689074116863	126.689074116863	1.0	11.255624110499737	11.255624110499737
21	PAN	Blautia_coccoides_YL58	Metabolite	96.79614652174774	96.79614652174774	1.0	9.838503266338217	9.838503266338217
33	Flavonifractor_plautii_YL31	PAN	Microbe	-1.9999999999528772	1.9999999999528772	-1.0	1.4142135623564347	-1.4142135623564347
41	Blautia_coccoides_YL58	PAN	Microbe	-0.9999999999998702	0.9999999999998702	-1.0	0.999999999999935	-0.999999999999935
51	Flavonifractor_plautii_YL31	Spermidine-e0	Microbe	-1.000000000000105	1.000000000000105	-1.0	1.0000000000000524	-1.0000000000000524
60	Blautia_coccoides_YL58	Spermidine-e0	Microbe	-0.9999999999999997	0.9999999999999997	-1.0	0.9999999999999998	-0.9999999999999998
65	Flavonifractor_plautii_YL31	Putrescine-e0	Microbe	-0.9999999999996096	0.9999999999996096	-1.0	0.9999999999998048	-0.9999999999998048
71	Spermidine-e0	Flavonifractor_plautii_YL31	Metabolite	126.6890741168637	126.6890741168637	1.0	11.255624110499769	11.255624110499769
