	Source	Target	SourceType	Weight	ABS_Weight	Sign_Weight	ABSRootWeight	SignedRootWeight
6	Limosilactobacillus_reuteri_I49	Putrescine-e0	Microbe	-0.9999999999997307	0.9999999999997307	-1.0	0.9999999999998653	-0.9999999999998653
8	Riboflavin	Turicimonas_muris_YL45	Metabolite	126.68907411842554	126.68907411842554	1.0	11.25562411056915	11.25562411056915
43	Spermidine-e0	Limosilactobacillus_reuteri_I49	Metabolite	96.79614652130338	96.79614652130338	1.0	9.838503266315634	9.838503266315634
59	Turicimonas_muris_YL45	Riboflavin	Microbe	-1.0000000000004512	1.0000000000004512	-1.0	1.0000000000002256	-1.0000000000002256
66	Turicimonas_muris_YL45	Spermidine-e0	Microbe	-1.000000000000002	1.000000000000002	-1.0	1.0000000000000009	-1.0000000000000009
72	Limosilactobacillus_reuteri_I49	Spermidine-e0	Microbe	-0.9999999999999788	0.9999999999999788	-1.0	0.9999999999999893	-0.9999999999999893
87	Turicimonas_muris_YL45	Putrescine-e0	Microbe	13.720830684481125	13.720830684481125	1.0	3.70416396565826	3.70416396565826
90	Putrescine-e0	Limosilactobacillus_reuteri_I49	Metabolite	96.79614652131158	96.79614652131158	1.0	9.83850326631605	9.83850326631605
