	Source	Target	SourceType	Weight	ABS_Weight	Sign_Weight	ABSRootWeight	SignedRootWeight
19	Clostridium_innocuum_I46	N-Acetyl-D-glucosamine-e0	Microbe	-1.0000000000000493	1.0000000000000493	-1.0	1.0000000000000246	-1.0000000000000246
35	N-Acetyl-D-glucosamine-e0	Clostridium_innocuum_I46	Metabolite	18.117340654746673	18.117340654746673	1.0	4.256446951947912	4.256446951947912
47	Akkermansia_muciniphilaYL44	Riboflavin	Microbe	-0.9999999999999134	0.9999999999999134	-1.0	0.9999999999999567	-0.9999999999999567
48	Clostridium_innocuum_I46	Riboflavin	Microbe	-1.0000000000000004	1.0000000000000004	-1.0	1.0000000000000002	-1.0000000000000002
87	Riboflavin	Akkermansia_muciniphilaYL44	Metabolite	126.6890741174535	126.6890741174535	1.0	11.255624110525968	11.255624110525968
