	Source	Target	SourceType	Weight	ABS_Weight	Sign_Weight	ABSRootWeight	SignedRootWeight
3	Riboflavin	Bacteroides_caecimuris_I48	Metabolite	126.68907411758086	126.68907411758086	1.0	11.255624110531626	11.255624110531626
14	Clostridium_innocuum_I46	Folate-e0	Microbe	-1.000000000000003	1.000000000000003	-1.0	1.0000000000000016	-1.0000000000000016
17	Folate-e0	Clostridium_innocuum_I46	Metabolite	84.45938274521839	84.45938274521839	1.0	9.1901786024657	9.1901786024657
45	Clostridium_innocuum_I46	Riboflavin	Microbe	-0.25060858115783435	0.25060858115783435	-1.0	0.5006082112369257	-0.5006082112369257
70	Bacteroides_caecimuris_I48	Riboflavin	Microbe	-1.0000000000000138	1.0000000000000138	-1.0	1.0000000000000069	-1.0000000000000069
