	Source	Target	SourceType	Weight	ABS_Weight	Sign_Weight	ABSRootWeight	SignedRootWeight
14	Blautia_coccoides_YL58	N-acetylneuraminate (as sialic residue)	Microbe	-0.9999999999999978	0.9999999999999978	-1.0	0.9999999999999989	-0.9999999999999989
18	PAN	Blautia_coccoides_YL58	Metabolite	0.01896774674222579	0.01896774674222579	1.0	0.13772344296533465	0.13772344296533465
22	Folate-e0	Blautia_coccoides_YL58	Metabolite	3.4849773492590637	3.4849773492590637	1.0	1.8668094035704512	1.8668094035704512
42	Blautia_coccoides_YL58	PAN	Microbe	-0.999999999999999	0.999999999999999	-1.0	0.9999999999999994	-0.9999999999999994
53	N-acetyl-D-gluosamine	Enterocloster_clostridioformis_YL32	Metabolite	18.117340654788386	18.117340654788386	1.0	4.256446951952812	4.256446951952812
74	Enterocloster_clostridioformis_YL32	PAN	Microbe	-0.14300633879648175	0.14300633879648175	-1.0	0.3781617891808766	-0.3781617891808766
102	Enterocloster_clostridioformis_YL32	N-acetyl-D-gluosamine	Microbe	-0.9999999999999651	0.9999999999999651	-1.0	0.9999999999999826	-0.9999999999999826
103	Blautia_coccoides_YL58	Folate-e0	Microbe	-0.9999999999999983	0.9999999999999983	-1.0	0.9999999999999991	-0.9999999999999991
104	N-acetylneuraminate (as sialic residue)	Blautia_coccoides_YL58	Metabolite	3.4849773492585028	3.4849773492585028	1.0	1.866809403570301	1.866809403570301
