	Source	Target	SourceType	Weight	ABS_Weight	Sign_Weight	ABSRootWeight	SignedRootWeight
44	Flavonifractor_plautii_YL31	Riboflavin	Microbe	-1.0000000000002696	1.0000000000002696	-1.0	1.0000000000001348	-1.0000000000001348
49	Akkermansia_muciniphilaYL44	Riboflavin	Microbe	-1.0000000000000036	1.0000000000000036	-1.0	1.0000000000000018	-1.0000000000000018
86	Riboflavin	Flavonifractor_plautii_YL31	Metabolite	126.68907411872505	126.68907411872505	1.0	11.255624110582453	11.255624110582453
98	Riboflavin	Akkermansia_muciniphilaYL44	Metabolite	126.68907411812158	126.68907411812158	1.0	11.255624110555646	11.255624110555646
