	Source	Target	SourceType	Weight	ABS_Weight	Sign_Weight	ABSRootWeight	SignedRootWeight
30	Flavonifractor_plautii_YL31	PAN	Microbe	-0.999999999947645	0.999999999947645	-1.0	0.9999999999738225	-0.9999999999738225
41	Flavonifractor_plautii_YL31	Riboflavin	Microbe	-0.9999999999998443	0.9999999999998443	-1.0	0.9999999999999222	-0.9999999999999222
67	Enterocloster_clostridioformis_YL32	PAN	Microbe	-1.000000000000266	1.000000000000266	-1.0	1.000000000000133	-1.000000000000133
78	Riboflavin	Flavonifractor_plautii_YL31	Metabolite	126.68907411389634	126.68907411389634	1.0	11.255624110367952	11.255624110367952
94	PAN	Enterocloster_clostridioformis_YL32	Metabolite	126.68907411984387	126.68907411984387	1.0	11.255624110632153	11.255624110632153
