	Source	Target	SourceType	Weight	ABS_Weight	Sign_Weight	ABSRootWeight	SignedRootWeight
62	Riboflavin-e0	Enterococcus_faecalis_KB1	Metabolite	96.79614652978702	96.79614652978702	1.0	9.838503266746779	9.838503266746779
66	Enterococcus_faecalis_KB1	Riboflavin-e0	Microbe	-0.9999999999999937	0.9999999999999937	-1.0	0.9999999999999968	-0.9999999999999968
70	Acutalibacter_muris_KB1	Pyridoxal	Microbe	-0.9999999999990588	0.9999999999990588	-1.0	0.9999999999995294	-0.9999999999995294
83	Pyridoxal	Acutalibacter_muris_KB1	Metabolite	193.59229303344998	193.59229303344998	1.0	13.913744752346508	13.913744752346508
88	Enterococcus_faecalis_KB1	Pyridoxal	Microbe	-0.5000000000684102	0.5000000000684102	-1.0	0.7071067812349208	-0.7071067812349208
