	Source	Target	SourceType	Weight	ABS_Weight	Sign_Weight	ABSRootWeight	SignedRootWeight
29	Akkermansia_muciniphilaYL44	PAN	Microbe	-0.9999999999443984	0.9999999999443984	-1.0	0.9999999999721991	-0.9999999999721991
37	Akkermansia_muciniphilaYL44	Riboflavin	Microbe	-1.000000000000274	1.000000000000274	-1.0	1.000000000000137	-1.000000000000137
58	Bacteroides_caecimuris_I48	Riboflavin	Microbe	-1.0000000000000002	1.0000000000000002	-1.0	1.0	-1.0
66	PAN	Bacteroides_caecimuris_I48	Metabolite	126.6890741173375	126.6890741173375	1.0	11.255624110520815	11.255624110520815
74	Bacteroides_caecimuris_I48	PAN	Microbe	-1.0000000000000078	1.0000000000000078	-1.0	1.0000000000000038	-1.0000000000000038
83	Riboflavin	Akkermansia_muciniphilaYL44	Metabolite	126.6890741215995	126.6890741215995	1.0	11.255624110710142	11.255624110710142
