	Source	Target	SourceType	Weight	Variance	ABS_Weight	Sign_Weight	ABSRootWeight	SignedRootWeight
0	Riboflavin	Bifidobacterium_animalis_YL2	Metabolite	94.20545649608147	6.532040882806263	94.20545649608147	1.0	9.705949541187687	9.705949541187687
62	Bacteroides_caecimuris_I48	Riboflavin	Microbe	-0.9732356078938115	0.0006971604759589826	0.9732356078938115	-1.0	0.9865270436707813	-0.9865270436707813
72	Bifidobacterium_animalis_YL2	PAN	Microbe	-0.9732356078789972	0.000697160475937762	0.9732356078789972	-1.0	0.9865270436632729	-0.9865270436632729
76	PAN	Bacteroides_caecimuris_I48	Metabolite	123.29831806065276	11.18951034437216	123.29831806065276	1.0	11.1039775783569	11.1039775783569
79	Bifidobacterium_animalis_YL2	Riboflavin	Microbe	-0.9732356078937426	0.000697160475958884	0.9732356078937426	-1.0	0.9865270436707463	-0.9865270436707463
81	Bacteroides_caecimuris_I48	PAN	Microbe	-0.9732356078937099	0.0006971604759588359	0.9732356078937099	-1.0	0.9865270436707297	-0.9865270436707297
