	Source	Target	SourceType	Weight	ABS_Weight	Sign_Weight	ABSRootWeight	SignedRootWeight
14	Riboflavin	Flavonifractor_plautii_YL31	Metabolite	126.68907411751475	126.68907411751475	1.0	11.25562411052869	11.25562411052869
26	Flavonifractor_plautii_YL31	Riboflavin	Microbe	-0.9999999999999322	0.9999999999999322	-1.0	0.999999999999966	-0.999999999999966
