	Source	Target	Weight	Metabolites	ABSWeight	SignWeight	ABSRootWeight	SignedRootWeight
bc1008->bc1002	bc1008	bc1002	-0.27087086964738133	D-Glucose	0.27087086964738133	-1.0	0.5204525623410662	-0.5204525623410662
bc1002->bc1008	bc1002	bc1008	-0.05745328811845321	D-Glucose	0.05745328811845321	-1.0	0.23969415536982375	-0.23969415536982375
