	Source	Target	SourceType	Weight	ABS_Weight	Sign_Weight	ABSRootWeight	SignedRootWeight
4	Acutalibacter_muris_KB1	PAN	Microbe	-2.0000000000076352	2.0000000000076352	-1.0	1.4142135623757945	-1.4142135623757945
33	Muribaculum_intestinale_YL27	PAN	Microbe	-0.9999999999998529	0.9999999999998529	-1.0	0.9999999999999264	-0.9999999999999264
64	Acutalibacter_muris_KB1	Pyridoxal	Microbe	-1.0000000000009155	1.0000000000009155	-1.0	1.0000000000004576	-1.0000000000004576
74	Pyridoxal	Acutalibacter_muris_KB1	Metabolite	193.59229303371148	193.59229303371148	1.0	13.913744752355905	13.913744752355905
96	PAN	Muribaculum_intestinale_YL27	Metabolite	126.68907411702115	126.68907411702115	1.0	11.255624110506762	11.255624110506762
