	Source	Target	Weight	Metabolites	ABSWeight	SignWeight	ABSRootWeight	SignedRootWeight
bc1016->bc1001	bc1016	bc1001	-3.094338875246786	D-Glucose.O2	3.094338875246786	-1.0	1.7590733001347005	-1.7590733001347005
bc1001->bc1016	bc1001	bc1016	-0.05745328770558293	D-Glucose	0.05745328770558293	-1.0	0.2396941545085798	-0.2396941545085798
