	Source	Target	Weight	Metabolites	ABSWeight	SignWeight	ABSRootWeight	SignedRootWeight
bc1002->bc1008	bc1002	bc1008	-0.05745328811845321	D-Glucose	0.05745328811845321	-1.0	0.23969415536982375	-0.23969415536982375
bc1012->bc1008	bc1012	bc1008	-0.05745328811845315	D-Glucose	0.05745328811845315	-1.0	0.23969415536982364	-0.23969415536982364
bc1002->bc1012	bc1002	bc1012	-0.17850482891327274	O2.D-Glucose	0.17850482891327274	-1.0	0.42249831823721234	-0.42249831823721234
bc1008->bc1012	bc1008	bc1012	-0.13099264850290038	D-Glucose.O2	0.13099264850290038	-1.0	0.3619290655679651	-0.3619290655679651
bc1008->bc1002	bc1008	bc1002	-0.27087086964738133	D-Glucose	0.27087086964738133	-1.0	0.5204525623410662	-0.5204525623410662
bc1012->bc1002	bc1012	bc1002	-0.270870869647384	D-Glucose	0.270870869647384	-1.0	0.5204525623410687	-0.5204525623410687
