	Source	Target	SourceType	Weight	ABS_Weight	Sign_Weight	ABSRootWeight	SignedRootWeight
22	Clostridium_innocuum_I46	PAN	Microbe	-1.0000000000000888	1.0000000000000888	-1.0	1.0000000000000444	-1.0000000000000444
39	PAN	Clostridium_innocuum_I46	Metabolite	126.68907411724493	126.68907411724493	1.0	11.255624110516703	11.255624110516703
