	Source	Target	SourceType	Weight	ABS_Weight	Sign_Weight	ABSRootWeight	SignedRootWeight
45	Flavonifractor_plautii_YL31	Riboflavin	Microbe	-0.9999999999999615	0.9999999999999615	-1.0	0.9999999999999807	-0.9999999999999807
50	Akkermansia_muciniphilaYL44	Riboflavin	Microbe	-1.0000000000000036	1.0000000000000036	-1.0	1.0000000000000018	-1.0000000000000018
87	Riboflavin	Flavonifractor_plautii_YL31	Metabolite	126.68907411795159	126.68907411795159	1.0	11.255624110548094	11.255624110548094
100	Riboflavin	Akkermansia_muciniphilaYL44	Metabolite	126.68907411812158	126.68907411812158	1.0	11.255624110555646	11.255624110555646
