	Source	Target	SourceType	Weight	ABS_Weight	Sign_Weight	ABSRootWeight	SignedRootWeight
42	Flavonifractor_plautii_YL31	Riboflavin	Microbe	-1.0000000000002367	1.0000000000002367	-1.0	1.0000000000001183	-1.0000000000001183
47	Akkermansia_muciniphilaYL44	Riboflavin	Microbe	-0.9999999999999333	0.9999999999999333	-1.0	0.9999999999999666	-0.9999999999999666
82	Riboflavin	Flavonifractor_plautii_YL31	Metabolite	126.68907411918109	126.68907411918109	1.0	11.255624110602712	11.255624110602712
94	Riboflavin	Akkermansia_muciniphilaYL44	Metabolite	126.6890741183036	126.6890741183036	1.0	11.255624110563732	11.255624110563732
