	Source	Target	SourceType	Weight	ABS_Weight	Sign_Weight	ABSRootWeight	SignedRootWeight
43	Flavonifractor_plautii_YL31	Riboflavin	Microbe	-0.9999999999998995	0.9999999999998995	-1.0	0.9999999999999497	-0.9999999999999497
48	Akkermansia_muciniphilaYL44	Riboflavin	Microbe	-1.0000000000000142	1.0000000000000142	-1.0	1.000000000000007	-1.000000000000007
83	Riboflavin	Flavonifractor_plautii_YL31	Metabolite	126.68907411860741	126.68907411860741	1.0	11.255624110577228	11.255624110577228
94	Riboflavin	Akkermansia_muciniphilaYL44	Metabolite	126.68907411803036	126.68907411803036	1.0	11.255624110551594	11.255624110551594
