	IntegralDiff	MaxDiff	MaxTime
bc1009	0.0015923458668817368	0.001238449903994415	1.2537803780378036
bc1001	4.7884025392340355e-05	0.0005684186238758428	0.03237323732373237
bc1008	9.95078046292499e-05	9.213265804444434e-05	0.6753525352535253
bc1002	4.685417648841464e-05	0.0005785376966242486	0.03237323732373237
