	Source	Target	Weight	Metabolites	ABSWeight	SignWeight	ABSRootWeight	SignedRootWeight
bc1012->bc1001	bc1012	bc1001	-0.15236136794857755	O2	0.15236136794857755	-1.0	0.39033494328406926	-0.39033494328406926
bc1015->bc1001	bc1015	bc1001	-0.1523613679485789	O2	0.1523613679485789	-1.0	0.390334943284071	-0.390334943284071
bc1001->bc1012	bc1001	bc1012	-0.15299312499693193	O2	0.15299312499693193	-1.0	0.39114335606901457	-0.39114335606901457
bc1015->bc1012	bc1015	bc1012	-0.152993124996932	O2	0.152993124996932	-1.0	0.3911433560690147	-0.3911433560690147
bc1001->bc1015	bc1001	bc1015	-0.15324853629752627	O2	0.15324853629752627	-1.0	0.391469713129287	-0.391469713129287
bc1012->bc1015	bc1012	bc1015	-0.15324853629752494	O2	0.15324853629752494	-1.0	0.3914697131292853	-0.3914697131292853
