	Source	Target	SourceType	Weight	ABS_Weight	Sign_Weight	ABSRootWeight	SignedRootWeight
6	Riboflavin	Bacteroides_caecimuris_I48	Metabolite	126.68907411823199	126.68907411823199	1.0	11.25562411056055	11.25562411056055
13	PAN	Blautia_coccoides_YL58	Metabolite	96.79614652167574	96.79614652167574	1.0	9.838503266334557	9.838503266334557
34	Blautia_coccoides_YL58	PAN	Microbe	-0.9999999999999984	0.9999999999999984	-1.0	0.9999999999999992	-0.9999999999999992
45	Blautia_coccoides_YL58	Riboflavin	Microbe	-1.0000000000000018	1.0000000000000018	-1.0	1.0000000000000009	-1.0000000000000009
63	Bacteroides_caecimuris_I48	Riboflavin	Microbe	-1.0000000000000497	1.0000000000000497	-1.0	1.0000000000000249	-1.0000000000000249
76	Bacteroides_caecimuris_I48	PAN	Microbe	-1.0000000000345144	1.0000000000345144	-1.0	1.000000000017257	-1.000000000017257
