	Source	Target	SourceType	Weight	ABS_Weight	Sign_Weight	ABSRootWeight	SignedRootWeight
30	Flavonifractor_plautii_YL31	PAN	Microbe	-0.9999999999374115	0.9999999999374115	-1.0	0.9999999999687057	-0.9999999999687057
41	Flavonifractor_plautii_YL31	Riboflavin	Microbe	-1.0000000000001978	1.0000000000001978	-1.0	1.0000000000000988	-1.0000000000000988
68	Enterocloster_clostridioformis_YL32	PAN	Microbe	-1.000000000000266	1.000000000000266	-1.0	1.000000000000133	-1.000000000000133
79	Riboflavin	Flavonifractor_plautii_YL31	Metabolite	126.68907411603281	126.68907411603281	1.0	11.255624110462858	11.255624110462858
95	PAN	Enterocloster_clostridioformis_YL32	Metabolite	126.68907411984387	126.68907411984387	1.0	11.255624110632153	11.255624110632153
