	Source	Target	Weight	Metabolites	ABSWeight	SignWeight	ABSRootWeight	SignedRootWeight
bc1010->bc1012	bc1010	bc1012	-0.20720883904285836	D-Glucose.O2	0.20720883904285836	-1.0	0.4552019760972687	-0.4552019760972687
bc1012->bc1010	bc1012	bc1010	-0.2697048295392182	D-Glucose	0.2697048295392182	-1.0	0.5193311366933608	-0.5193311366933608
