	Source	Target	SourceType	Weight	ABS_Weight	Sign_Weight	ABSRootWeight	SignedRootWeight
19	Clostridium_innocuum_I46	N-Acetyl-D-glucosamine-e0	Microbe	-1.0000000000000124	1.0000000000000124	-1.0	1.0000000000000062	-1.0000000000000062
38	N-Acetyl-D-glucosamine-e0	Clostridium_innocuum_I46	Metabolite	18.11734065469398	18.11734065469398	1.0	4.256446951941722	4.256446951941722
69	Clostridium_innocuum_I46	PAN	Microbe	-0.14300633879213936	0.14300633879213936	-1.0	0.37816178917513515	-0.37816178917513515
74	Enterocloster_clostridioformis_YL32	PAN	Microbe	-1.0000000000001645	1.0000000000001645	-1.0	1.0000000000000822	-1.0000000000000822
101	PAN	Enterocloster_clostridioformis_YL32	Metabolite	126.68907411979171	126.68907411979171	1.0	11.255624110629837	11.255624110629837
