	Source	Target	Weight	Metabolites	ABSWeight	SignWeight	ABSRootWeight	SignedRootWeight
bc1002->bc1012	bc1002	bc1012	-0.15299312499693235	O2	0.15299312499693235	-1.0	0.3911433560690151	-0.3911433560690151
bc1012->bc1002	bc1012	bc1002	-0.15290050085943804	O2	0.15290050085943804	-1.0	0.3910249363652375	-0.3910249363652375
