	Source	Target	SourceType	Weight	ABS_Weight	Sign_Weight	ABSRootWeight	SignedRootWeight
15	Riboflavin	Flavonifractor_plautii_YL31	Metabolite	126.68907411582589	126.68907411582589	1.0	11.255624110453667	11.255624110453667
26	Flavonifractor_plautii_YL31	Riboflavin	Microbe	-0.9999999999997957	0.9999999999997957	-1.0	0.9999999999998979	-0.9999999999998979
