	Source	Target	SourceType	Weight	ABS_Weight	Sign_Weight	ABSRootWeight	SignedRootWeight
23	Muribaculum_intestinale_YL27	Riboflavin	Microbe	-0.9999999999999994	0.9999999999999994	-1.0	0.9999999999999997	-0.9999999999999997
45	Muribaculum_intestinale_YL27	PAN	Microbe	-1.0000000000001423	1.0000000000001423	-1.0	1.000000000000071	-1.000000000000071
49	Limosilactobacillus_reuteri_I49	PAN	Microbe	-1.000000000000909	1.000000000000909	-1.0	1.0000000000004545	-1.0000000000004545
57	Riboflavin	Limosilactobacillus_reuteri_I49	Metabolite	96.79614651624983	96.79614651624983	1.0	9.838503266058808	9.838503266058808
60	Limosilactobacillus_reuteri_I49	Riboflavin	Microbe	-1.0000000000000309	1.0000000000000309	-1.0	1.0000000000000153	-1.0000000000000153
110	PAN	Muribaculum_intestinale_YL27	Metabolite	126.68907411733824	126.68907411733824	1.0	11.255624110520849	11.255624110520849
