	Source	Target	SourceType	Weight	ABS_Weight	Sign_Weight	ABSRootWeight	SignedRootWeight
17	PAN	Limosilactobacillus_reuteri_I49	Metabolite	96.79614652516508	96.79614652516508	1.0	9.838503266511887	9.838503266511887
46	Limosilactobacillus_reuteri_I49	PAN	Microbe	-1.0000000000001643	1.0000000000001643	-1.0	1.0000000000000822	-1.0000000000000822
89	PAN	Bacteroides_caecimuris_I48	Metabolite	126.68907411586125	126.68907411586125	1.0	11.255624110455237	11.255624110455237
92	Bacteroides_caecimuris_I48	PAN	Microbe	-0.9999999999999617	0.9999999999999617	-1.0	0.9999999999999808	-0.9999999999999808
