	Source	Target	Weight	Metabolites	ABSWeight	SignWeight	ABSRootWeight	SignedRootWeight
bc1012->bc1001	bc1012	bc1001	-1.5647074916534367	D-Glucose.O2	1.5647074916534367	-1.0	1.250882685008245	-1.250882685008245
bc1015->bc1001	bc1015	bc1001	-0.28356631483151595	D-Glucose.O2	0.28356631483151595	-1.0	0.532509450462164	-0.532509450462164
bc1001->bc1012	bc1001	bc1012	-0.1738250964476575	D-Glucose.O2	0.1738250964476575	-1.0	0.41692336999460405	-0.41692336999460405
bc1015->bc1012	bc1015	bc1012	-0.20940594619309355	D-Glucose.O2	0.20940594619309355	-1.0	0.45760894461657275	-0.45760894461657275
bc1001->bc1015	bc1001	bc1015	-0.278724391168684	D-Glucose	0.278724391168684	-1.0	0.5279435492253731	-0.5279435492253731
bc1012->bc1015	bc1012	bc1015	-0.2787243911686627	D-Glucose	0.2787243911686627	-1.0	0.527943549225353	-0.527943549225353
