	Source	Target	SourceType	Weight	ABS_Weight	Sign_Weight	ABSRootWeight	SignedRootWeight
22	PAN	Clostridium_innocuum_I46	Metabolite	126.68907411732673	126.68907411732673	1.0	11.255624110520337	11.255624110520337
32	Flavonifractor_plautii_YL31	PAN	Microbe	-0.9999999999872843	0.9999999999872843	-1.0	0.9999999999936421	-0.9999999999936421
43	Flavonifractor_plautii_YL31	Riboflavin	Microbe	-0.9999999999999929	0.9999999999999929	-1.0	0.9999999999999964	-0.9999999999999964
51	Clostridium_innocuum_I46	Riboflavin	Microbe	-0.9999999999999984	0.9999999999999984	-1.0	0.9999999999999992	-0.9999999999999992
68	Clostridium_innocuum_I46	PAN	Microbe	-0.9999999999998329	0.9999999999998329	-1.0	0.9999999999999164	-0.9999999999999164
92	Riboflavin	Flavonifractor_plautii_YL31	Metabolite	126.68907411797657	126.68907411797657	1.0	11.255624110549205	11.255624110549205
