	Source	Target	Weight	Metabolites	ABSWeight	SignWeight	ABSRootWeight	SignedRootWeight
bc1012->bc1001	bc1012	bc1001	-0.15236136794858576	O2	0.15236136794858576	-1.0	0.39033494328407975	-0.39033494328407975
bc1015->bc1001	bc1015	bc1001	-0.1523613679485789	O2	0.1523613679485789	-1.0	0.390334943284071	-0.390334943284071
bc1001->bc1012	bc1001	bc1012	-0.15247032474277078	D-Glucose.O2	0.15247032474277078	-1.0	0.3904744866732919	-0.3904744866732919
bc1015->bc1012	bc1015	bc1012	-0.15602222284598688	D-Glucose.O2	0.15602222284598688	-1.0	0.3949964845995302	-0.3949964845995302
bc1001->bc1015	bc1001	bc1015	-0.15324853629752627	O2	0.15324853629752627	-1.0	0.391469713129287	-0.391469713129287
bc1012->bc1015	bc1012	bc1015	-0.15324853629753324	O2	0.15324853629753324	-1.0	0.3914697131292959	-0.3914697131292959
