	Source	Target	SourceType	Weight	ABS_Weight	Sign_Weight	ABSRootWeight	SignedRootWeight
43	Flavonifractor_plautii_YL31	Riboflavin	Microbe	-0.9999999999998995	0.9999999999998995	-1.0	0.9999999999999497	-0.9999999999999497
48	Akkermansia_muciniphilaYL44	Riboflavin	Microbe	-0.9999999999999607	0.9999999999999607	-1.0	0.9999999999999803	-0.9999999999999803
84	Riboflavin	Flavonifractor_plautii_YL31	Metabolite	126.68907411860741	126.68907411860741	1.0	11.255624110577228	11.255624110577228
95	Riboflavin	Akkermansia_muciniphilaYL44	Metabolite	126.68907411814207	126.68907411814207	1.0	11.255624110556557	11.255624110556557
