	Source	Target	SourceType	Weight	ABS_Weight	Sign_Weight	ABSRootWeight	SignedRootWeight
8	Riboflavin	Turicimonas_muris_YL45	Metabolite	126.68907411829589	126.68907411829589	1.0	11.255624110563389	11.255624110563389
13	Melitose-e0	Limosilactobacillus_reuteri_I49	Metabolite	3.0903794260433455	3.0903794260433455	1.0	1.7579475037791503	1.7579475037791503
59	Turicimonas_muris_YL45	Riboflavin	Microbe	-0.9999999999993378	0.9999999999993378	-1.0	0.9999999999996688	-0.9999999999996688
85	Limosilactobacillus_reuteri_I49	Melitose-e0	Microbe	-1.0000000000000024	1.0000000000000024	-1.0	1.000000000000001	-1.000000000000001
