	Source	Target	SourceType	Weight	ABS_Weight	Sign_Weight	ABSRootWeight	SignedRootWeight
29	Flavonifractor_plautii_YL31	PAN	Microbe	-0.9999999999824231	0.9999999999824231	-1.0	0.9999999999912115	-0.9999999999912115
40	Flavonifractor_plautii_YL31	Riboflavin	Microbe	-1.000000000000271	1.000000000000271	-1.0	1.0000000000001354	-1.0000000000001354
67	Enterocloster_clostridioformis_YL32	PAN	Microbe	-1.000000000000266	1.000000000000266	-1.0	1.000000000000133	-1.000000000000133
78	Riboflavin	Flavonifractor_plautii_YL31	Metabolite	126.68907412122353	126.68907412122353	1.0	11.255624110693441	11.255624110693441
94	PAN	Enterocloster_clostridioformis_YL32	Metabolite	126.68907411984387	126.68907411984387	1.0	11.255624110632153	11.255624110632153
