	Source	Target	SourceType	Weight	ABS_Weight	Sign_Weight	ABSRootWeight	SignedRootWeight
14	PAN	Blautia_coccoides_YL58	Metabolite	96.79614652216222	96.79614652216222	1.0	9.83850326635928	9.83850326635928
34	Akkermansia_muciniphilaYL44	PAN	Microbe	-1.000000000031256	1.000000000031256	-1.0	1.000000000015628	-1.000000000015628
39	Blautia_coccoides_YL58	PAN	Microbe	-1.0000000000000093	1.0000000000000093	-1.0	1.0000000000000047	-1.0000000000000047
45	Akkermansia_muciniphilaYL44	Riboflavin	Microbe	-1.000000000000038	1.000000000000038	-1.0	1.0000000000000189	-1.0000000000000189
51	Blautia_coccoides_YL58	Riboflavin	Microbe	-1.0000000000000013	1.0000000000000013	-1.0	1.0000000000000007	-1.0000000000000007
89	Riboflavin	Akkermansia_muciniphilaYL44	Metabolite	126.68907411797971	126.68907411797971	1.0	11.255624110549345	11.255624110549345
