	Source	Target	SourceType	Weight	ABS_Weight	Sign_Weight	ABSRootWeight	SignedRootWeight
42	Flavonifractor_plautii_YL31	Riboflavin	Microbe	-1.0000000000000777	1.0000000000000777	-1.0	1.0000000000000389	-1.0000000000000389
47	Akkermansia_muciniphilaYL44	Riboflavin	Microbe	-0.9999999999999577	0.9999999999999577	-1.0	0.9999999999999788	-0.9999999999999788
83	Riboflavin	Flavonifractor_plautii_YL31	Metabolite	126.689074117743	126.689074117743	1.0	11.255624110538829	11.255624110538829
95	Riboflavin	Akkermansia_muciniphilaYL44	Metabolite	126.68907411748874	126.68907411748874	1.0	11.255624110527535	11.255624110527535
