	Source	Target	SourceType	Weight	ABS_Weight	Sign_Weight	ABSRootWeight	SignedRootWeight
42	Flavonifractor_plautii_YL31	Riboflavin	Microbe	-1.0000000000002365	1.0000000000002365	-1.0	1.0000000000001181	-1.0000000000001181
47	Akkermansia_muciniphilaYL44	Riboflavin	Microbe	-0.9999999999999333	0.9999999999999333	-1.0	0.9999999999999666	-0.9999999999999666
83	Riboflavin	Flavonifractor_plautii_YL31	Metabolite	126.68907411821475	126.68907411821475	1.0	11.255624110559785	11.255624110559785
95	Riboflavin	Akkermansia_muciniphilaYL44	Metabolite	126.6890741183036	126.6890741183036	1.0	11.255624110563732	11.255624110563732
