	Source	Target	SourceType	Weight	ABS_Weight	Sign_Weight	ABSRootWeight	SignedRootWeight
62	Enterocloster_clostridioformis_YL32	PAN	Microbe	-1.0000000000002238	1.0000000000002238	-1.0	1.000000000000112	-1.000000000000112
66	Bifidobacterium_animalis_YL2	PAN	Microbe	-1.0000000000000124	1.0000000000000124	-1.0	1.0000000000000062	-1.0000000000000062
71	PAN	Bifidobacterium_animalis_YL2	Metabolite	96.79614651759337	96.79614651759337	1.0	9.838503266127088	9.838503266127088
90	PAN	Enterocloster_clostridioformis_YL32	Metabolite	126.68907411987142	126.68907411987142	1.0	11.255624110633377	11.255624110633377
