	Source	Target	SourceType	Weight	ABS_Weight	Sign_Weight	ABSRootWeight	SignedRootWeight
3	Riboflavin	Bifidobacterium_animalis_YL2	Metabolite	96.79614651722424	96.79614651722424	1.0	9.838503266108328	9.838503266108328
34	Flavonifractor_plautii_YL31	Riboflavin	Microbe	-0.9999999999999609	0.9999999999999609	-1.0	0.9999999999999805	-0.9999999999999805
86	Bifidobacterium_animalis_YL2	Riboflavin	Microbe	-0.9999999999998503	0.9999999999998503	-1.0	0.9999999999999252	-0.9999999999999252
87	Riboflavin	Flavonifractor_plautii_YL31	Metabolite	126.68907411803964	126.68907411803964	1.0	11.255624110552006	11.255624110552006
