	Source	Target	SourceType	Weight	ABS_Weight	Sign_Weight	ABSRootWeight	SignedRootWeight
14	PAN	Clostridium_innocuum_I46	Metabolite	126.68907411949316	126.68907411949316	1.0	11.255624110616575	11.255624110616575
63	Clostridium_innocuum_I46	PAN	Microbe	-0.9999999999998472	0.9999999999998472	-1.0	0.9999999999999236	-0.9999999999999236
76	PAN	Bacteroides_caecimuris_I48	Metabolite	126.68907411723146	126.68907411723146	1.0	11.255624110516106	11.255624110516106
83	Bacteroides_caecimuris_I48	PAN	Microbe	-0.9999999999997212	0.9999999999997212	-1.0	0.9999999999998606	-0.9999999999998606
