	Source	Target	SourceType	Weight	ABS_Weight	Sign_Weight	ABSRootWeight	SignedRootWeight
19	Muribaculum_intestinale_YL27	Riboflavin	Microbe	-0.9999999999999996	0.9999999999999996	-1.0	0.9999999999999998	-0.9999999999999998
26	Flavonifractor_plautii_YL31	PAN	Microbe	-0.9999999999835076	0.9999999999835076	-1.0	0.9999999999917538	-0.9999999999917538
34	Flavonifractor_plautii_YL31	Riboflavin	Microbe	-0.999999999999942	0.999999999999942	-1.0	0.999999999999971	-0.999999999999971
40	Muribaculum_intestinale_YL27	PAN	Microbe	-1.0000000000000815	1.0000000000000815	-1.0	1.0000000000000406	-1.0000000000000406
79	Riboflavin	Flavonifractor_plautii_YL31	Metabolite	126.68907411790138	126.68907411790138	1.0	11.255624110545865	11.255624110545865
100	PAN	Muribaculum_intestinale_YL27	Metabolite	126.68907411844015	126.68907411844015	1.0	11.255624110569798	11.255624110569798
