	Source	Target	SourceType	Weight	ABS_Weight	Sign_Weight	ABSRootWeight	SignedRootWeight
59	Riboflavin-e0	Enterococcus_faecalis_KB1	Metabolite	96.79614652467393	96.79614652467393	1.0	9.838503266486926	9.838503266486926
63	Enterococcus_faecalis_KB1	Riboflavin-e0	Microbe	-1.0000000000000526	1.0000000000000526	-1.0	1.0000000000000262	-1.0000000000000262
67	Acutalibacter_muris_KB1	Pyridoxal	Microbe	-0.9999999999990588	0.9999999999990588	-1.0	0.9999999999995294	-0.9999999999995294
81	Pyridoxal	Acutalibacter_muris_KB1	Metabolite	193.59229303344998	193.59229303344998	1.0	13.913744752346508	13.913744752346508
85	Enterococcus_faecalis_KB1	Pyridoxal	Microbe	-0.5000000000423118	0.5000000000423118	-1.0	0.7071067812164665	-0.7071067812164665
