	Source	Target	SourceType	Weight	ABS_Weight	Sign_Weight	ABSRootWeight	SignedRootWeight
3	Limosilactobacillus_reuteri_I49	Cytosine	Microbe	-0.9999999999999996	0.9999999999999996	-1.0	0.9999999999999998	-0.9999999999999998
8	Riboflavin	Turicimonas_muris_YL45	Metabolite	126.68907411842554	126.68907411842554	1.0	11.25562411056915	11.25562411056915
58	Turicimonas_muris_YL45	Riboflavin	Microbe	-1.0000000000004512	1.0000000000004512	-1.0	1.0000000000002256	-1.0000000000002256
91	Cytosine	Limosilactobacillus_reuteri_I49	Metabolite	0.5498248331020241	0.5498248331020241	1.0	0.7415017418064668	0.7415017418064668
