	Source	Target	SourceType	Weight	ABS_Weight	Sign_Weight	ABSRootWeight	SignedRootWeight
5	Acutalibacter_muris_KB1	PAN	Microbe	-2.000000000013137	2.000000000013137	-1.0	1.4142135623777397	-1.4142135623777397
20	PAN	Clostridium_innocuum_I46	Metabolite	126.68907411773955	126.68907411773955	1.0	11.255624110538676	11.255624110538676
62	Clostridium_innocuum_I46	PAN	Microbe	-1.0000000000000309	1.0000000000000309	-1.0	1.0000000000000153	-1.0000000000000153
72	Acutalibacter_muris_KB1	Pyridoxal	Microbe	-0.9999999999999909	0.9999999999999909	-1.0	0.9999999999999954	-0.9999999999999954
84	Pyridoxal	Acutalibacter_muris_KB1	Metabolite	193.5922930334782	193.5922930334782	1.0	13.913744752347522	13.913744752347522
