	Source	Target	SourceType	Weight	ABS_Weight	Sign_Weight	ABSRootWeight	SignedRootWeight
4	Acutalibacter_muris_KB1	PAN	Microbe	-0.9999999999994992	0.9999999999994992	-1.0	0.9999999999997495	-0.9999999999997495
35	Muribaculum_intestinale_YL27	PAN	Microbe	-1.0000000000000324	1.0000000000000324	-1.0	1.0000000000000162	-1.0000000000000162
42	PAN	Acutalibacter_muris_KB1	Metabolite	96.79614651648667	96.79614651648667	1.0	9.838503266070845	9.838503266070845
101	PAN	Muribaculum_intestinale_YL27	Metabolite	126.6890741168316	126.6890741168316	1.0	11.255624110498342	11.255624110498342
