	Source	Target	SourceType	Weight	ABS_Weight	Sign_Weight	ABSRootWeight	SignedRootWeight
1	Turicimonas_muris_YL45	Pyridoxal	Microbe	-0.9999999999993765	0.9999999999993765	-1.0	0.9999999999996882	-0.9999999999996882
32	Pyridoxal	Turicimonas_muris_YL45	Metabolite	253.3781482363857	253.3781482363857	1.0	15.917856270125878	15.917856270125878
66	Acutalibacter_muris_KB1	Pyridoxal	Microbe	-0.9999999999999338	0.9999999999999338	-1.0	0.9999999999999669	-0.9999999999999669
75	Pyridoxal	Acutalibacter_muris_KB1	Metabolite	193.5922930335552	193.5922930335552	1.0	13.913744752350288	13.913744752350288
