	Source	Target	SourceType	Weight	ABS_Weight	Sign_Weight	ABSRootWeight	SignedRootWeight
20	Flavonifractor_plautii_YL31	PAN	Microbe	-0.9999999999718734	0.9999999999718734	-1.0	0.9999999999859367	-0.9999999999859367
33	Flavonifractor_plautii_YL31	Riboflavin	Microbe	-0.9999999999998013	0.9999999999998013	-1.0	0.9999999999999006	-0.9999999999999006
63	Bacteroides_caecimuris_I48	Riboflavin	Microbe	-0.9999999999999984	0.9999999999999984	-1.0	0.9999999999999992	-0.9999999999999992
74	PAN	Bacteroides_caecimuris_I48	Metabolite	126.68907411673533	126.68907411673533	1.0	11.255624110494066	11.255624110494066
80	Riboflavin	Flavonifractor_plautii_YL31	Metabolite	126.68907411793606	126.68907411793606	1.0	11.255624110547405	11.255624110547405
82	Bacteroides_caecimuris_I48	PAN	Microbe	-1.0000000000000204	1.0000000000000204	-1.0	1.0000000000000102	-1.0000000000000102
