	Source	Target	SourceType	Weight	ABS_Weight	Sign_Weight	ABSRootWeight	SignedRootWeight
6	Limosilactobacillus_reuteri_I49	Riboflavin	Microbe	-1.0000000000001592	1.0000000000001592	-1.0	1.0000000000000795	-1.0000000000000795
9	Limosilactobacillus_reuteri_I49	Folate-e0	Microbe	-0.999999999999991	0.999999999999991	-1.0	0.9999999999999954	-0.9999999999999954
28	Thiamine	Limosilactobacillus_reuteri_I49	Metabolite	135.56370855413556	135.56370855413556	1.0	11.643182921956331	11.643182921956331
30	Limosilactobacillus_reuteri_I49	Thiamine	Microbe	-1.000000000000045	1.000000000000045	-1.0	1.0000000000000224	-1.0000000000000224
57	Folate-e0	Limosilactobacillus_reuteri_I49	Metabolite	67.78185427704469	67.78185427704469	1.0	8.23297359870932	8.23297359870932
59	Riboflavin	Limosilactobacillus_reuteri_I49	Metabolite	203.34556283126992	203.34556283126992	1.0	14.259928570342487	14.259928570342487
