	Source	Target	SourceType	Weight	ABS_Weight	Sign_Weight	ABSRootWeight	SignedRootWeight
18	Heme-e0	Limosilactobacillus_reuteri_I49	Metabolite	193.59229302802066	193.59229302802066	1.0	13.913744752151402	13.913744752151402
31	PAN	Clostridium_innocuum_I46	Metabolite	126.68907411692585	126.68907411692585	1.0	11.255624110502529	11.255624110502529
59	Limosilactobacillus_reuteri_I49	PAN	Microbe	-1.9999999999412779	1.9999999999412779	-1.0	1.4142135623523335	-1.4142135623523335
81	Clostridium_innocuum_I46	PAN	Microbe	-0.9999999999998693	0.9999999999998693	-1.0	0.9999999999999346	-0.9999999999999346
98	Clostridium_innocuum_I46	Heme-e0	Microbe	-0.9999999999999994	0.9999999999999994	-1.0	0.9999999999999997	-0.9999999999999997
106	Limosilactobacillus_reuteri_I49	Heme-e0	Microbe	-1.0000000000001437	1.0000000000001437	-1.0	1.0000000000000717	-1.0000000000000717
