	Source	Target	SourceType	Weight	ABS_Weight	Sign_Weight	ABSRootWeight	SignedRootWeight
18	Clostridium_innocuum_I46	N-Acetyl-D-glucosamine-e0	Microbe	-0.9999999999999841	0.9999999999999841	-1.0	0.999999999999992	-0.999999999999992
37	N-Acetyl-D-glucosamine-e0	Clostridium_innocuum_I46	Metabolite	18.11734065469736	18.11734065469736	1.0	4.256446951942119	4.256446951942119
69	Clostridium_innocuum_I46	PAN	Microbe	-0.1430063387926834	0.1430063387926834	-1.0	0.37816178917585447	-0.37816178917585447
74	Enterocloster_clostridioformis_YL32	PAN	Microbe	-1.000000000000287	1.000000000000287	-1.0	1.0000000000001434	-1.0000000000001434
98	PAN	Enterocloster_clostridioformis_YL32	Metabolite	126.68907411983177	126.68907411983177	1.0	11.255624110631617	11.255624110631617
