	Source	Target	SourceType	Weight	ABS_Weight	Sign_Weight	ABSRootWeight	SignedRootWeight
18	PAN	Limosilactobacillus_reuteri_I49	Metabolite	96.79614651718363	96.79614651718363	1.0	9.838503266106263	9.838503266106263
43	Limosilactobacillus_reuteri_I49	PAN	Microbe	-0.9999999999997561	0.9999999999997561	-1.0	0.999999999999878	-0.999999999999878
81	PAN	Bacteroides_caecimuris_I48	Metabolite	126.68907411729847	126.68907411729847	1.0	11.255624110519081	11.255624110519081
84	Bacteroides_caecimuris_I48	PAN	Microbe	-1.0000000000002573	1.0000000000002573	-1.0	1.0000000000001286	-1.0000000000001286
