	Source	Target	SourceType	Weight	ABS_Weight	Sign_Weight	ABSRootWeight	SignedRootWeight
14	PAN	Clostridium_innocuum_I46	Metabolite	126.68907412417317	126.68907412417317	1.0	11.255624110824472	11.255624110824472
66	Clostridium_innocuum_I46	PAN	Microbe	-0.9999999999996778	0.9999999999996778	-1.0	0.9999999999998389	-0.9999999999998389
81	PAN	Bacteroides_caecimuris_I48	Metabolite	126.68907411733072	126.68907411733072	1.0	11.255624110520515	11.255624110520515
88	Bacteroides_caecimuris_I48	PAN	Microbe	-1.0000000000001121	1.0000000000001121	-1.0	1.000000000000056	-1.000000000000056
