	Source	Target	SourceType	Weight	ABS_Weight	Sign_Weight	ABSRootWeight	SignedRootWeight
19	Clostridium_innocuum_I46	N-Acetyl-D-glucosamine-e0	Microbe	-1.0000000000000393	1.0000000000000393	-1.0	1.0000000000000195	-1.0000000000000195
38	N-Acetyl-D-glucosamine-e0	Clostridium_innocuum_I46	Metabolite	18.11734065469471	18.11734065469471	1.0	4.256446951941808	4.256446951941808
70	Clostridium_innocuum_I46	PAN	Microbe	-0.14300633879141003	0.14300633879141003	-1.0	0.3781617891741708	-0.3781617891741708
75	Enterocloster_clostridioformis_YL32	PAN	Microbe	-1.0000000000001645	1.0000000000001645	-1.0	1.0000000000000822	-1.0000000000000822
102	PAN	Enterocloster_clostridioformis_YL32	Metabolite	126.68907411979171	126.68907411979171	1.0	11.255624110629837	11.255624110629837
