	Source	Target	SourceType	Weight	ABS_Weight	Sign_Weight	ABSRootWeight	SignedRootWeight
38	Muribaculum_intestinale_YL27	PAN	Microbe	-0.9999999999999702	0.9999999999999702	-1.0	0.9999999999999851	-0.9999999999999851
71	PAN	Bacteroides_caecimuris_I48	Metabolite	126.68907411617695	126.68907411617695	1.0	11.255624110469261	11.255624110469261
76	Bacteroides_caecimuris_I48	PAN	Microbe	-0.9999999999999823	0.9999999999999823	-1.0	0.9999999999999911	-0.9999999999999911
98	PAN	Muribaculum_intestinale_YL27	Metabolite	126.68907411700044	126.68907411700044	1.0	11.255624110505844	11.255624110505844
