	Source	Target	SourceType	Weight	ABS_Weight	Sign_Weight	ABSRootWeight	SignedRootWeight
15	PAN	Blautia_coccoides_YL58	Metabolite	96.79614651822236	96.79614651822236	1.0	9.838503266159053	9.838503266159053
38	Blautia_coccoides_YL58	PAN	Microbe	-1.0000000000001061	1.0000000000001061	-1.0	1.000000000000053	-1.000000000000053
47	Muribaculum_intestinale_YL27	PAN	Microbe	-0.9999999999999498	0.9999999999999498	-1.0	0.9999999999999749	-0.9999999999999749
105	PAN	Muribaculum_intestinale_YL27	Metabolite	126.68907411690726	126.68907411690726	1.0	11.255624110501703	11.255624110501703
