	Source	Target	Weight	Metabolites	ABSWeight	SignWeight	ABSRootWeight	SignedRootWeight
bc1001->bc1009	bc1001	bc1009	-0.1531947786395359	O2	0.1531947786395359	-1.0	0.39140104578237384	-0.39140104578237384
bc1015->bc1009	bc1015	bc1009	-0.278626618159824	O2	0.278626618159824	-1.0	0.5278509431267733	-0.5278509431267733
bc1001->bc1015	bc1001	bc1015	-0.1529324091052576	D-Glucose	0.1529324091052576	-1.0	0.3910657350181138	-0.3910657350181138
bc1009->bc1015	bc1009	bc1015	-0.1529766825068881	D-Glucose	0.1529766825068881	-1.0	0.3911223370083689	-0.3911223370083689
bc1009->bc1001	bc1009	bc1001	-0.15236136794857946	O2	0.15236136794857946	-1.0	0.3903349432840717	-0.3903349432840717
bc1015->bc1001	bc1015	bc1001	-0.2771108328019823	O2	0.2771108328019823	-1.0	0.5264131768886321	-0.5264131768886321
