	Source	Target	SourceType	Weight	ABS_Weight	Sign_Weight	ABSRootWeight	SignedRootWeight
6	Limosilactobacillus_reuteri_I49	Riboflavin	Microbe	-0.9999999999996884	0.9999999999996884	-1.0	0.9999999999998441	-0.9999999999998441
9	Limosilactobacillus_reuteri_I49	Folate-e0	Microbe	-0.9999999999999506	0.9999999999999506	-1.0	0.9999999999999752	-0.9999999999999752
29	Thiamine	Limosilactobacillus_reuteri_I49	Metabolite	135.56370855458889	135.56370855458889	1.0	11.643182921975798	11.643182921975798
31	Limosilactobacillus_reuteri_I49	Thiamine	Microbe	-0.9999999999999806	0.9999999999999806	-1.0	0.9999999999999902	-0.9999999999999902
57	Folate-e0	Limosilactobacillus_reuteri_I49	Metabolite	67.7818542772671	67.7818542772671	1.0	8.232973598722827	8.232973598722827
58	Riboflavin	Limosilactobacillus_reuteri_I49	Metabolite	203.34556283194715	203.34556283194715	1.0	14.259928570366233	14.259928570366233
