	Source	Target	SourceType	Weight	ABS_Weight	Sign_Weight	ABSRootWeight	SignedRootWeight
27	PAN	Clostridium_innocuum_I46	Metabolite	126.68907411746768	126.68907411746768	1.0	11.255624110526599	11.255624110526599
71	Clostridium_innocuum_I46	PAN	Microbe	-0.9999999999999865	0.9999999999999865	-1.0	0.9999999999999932	-0.9999999999999932
76	Enterocloster_clostridioformis_YL32	PAN	Microbe	-1.0000000000001645	1.0000000000001645	-1.0	1.0000000000000822	-1.0000000000000822
102	PAN	Enterocloster_clostridioformis_YL32	Metabolite	126.68907411979171	126.68907411979171	1.0	11.255624110629837	11.255624110629837
