	Source	Target	SourceType	Weight	ABS_Weight	Sign_Weight	ABSRootWeight	SignedRootWeight
44	Flavonifractor_plautii_YL31	Riboflavin	Microbe	-1.0000000000002696	1.0000000000002696	-1.0	1.0000000000001348	-1.0000000000001348
49	Akkermansia_muciniphilaYL44	Riboflavin	Microbe	-0.9999999999997585	0.9999999999997585	-1.0	0.9999999999998792	-0.9999999999998792
87	Riboflavin	Flavonifractor_plautii_YL31	Metabolite	126.68907411872505	126.68907411872505	1.0	11.255624110582453	11.255624110582453
99	Riboflavin	Akkermansia_muciniphilaYL44	Metabolite	126.68907411801855	126.68907411801855	1.0	11.25562411055107	11.25562411055107
