	Source	Target	SourceType	Weight	ABS_Weight	Sign_Weight	ABSRootWeight	SignedRootWeight
15	PAN	Blautia_coccoides_YL58	Metabolite	96.79614651759903	96.79614651759903	1.0	9.838503266127375	9.838503266127375
39	Blautia_coccoides_YL58	PAN	Microbe	-0.9999999999999885	0.9999999999999885	-1.0	0.9999999999999942	-0.9999999999999942
48	Muribaculum_intestinale_YL27	PAN	Microbe	-0.9999999999999498	0.9999999999999498	-1.0	0.9999999999999749	-0.9999999999999749
107	PAN	Muribaculum_intestinale_YL27	Metabolite	126.68907411690726	126.68907411690726	1.0	11.255624110501703	11.255624110501703
