	Source	Target	SourceType	Weight	ABS_Weight	Sign_Weight	ABSRootWeight	SignedRootWeight
14	Riboflavin	Flavonifractor_plautii_YL31	Metabolite	126.68907411747436	126.68907411747436	1.0	11.255624110526895	11.255624110526895
26	Flavonifractor_plautii_YL31	Riboflavin	Microbe	-0.9999999999997625	0.9999999999997625	-1.0	0.9999999999998812	-0.9999999999998812
