	Source	Target	SourceType	Weight	ABS_Weight	Sign_Weight	ABSRootWeight	SignedRootWeight
11	bc1012	Fumarate	Microbe	-0.9999999999999988	0.9999999999999988	-1.0	0.9999999999999993	-0.9999999999999993
32	Fumarate	bc1012	Metabolite	0.03399847222152429	0.03399847222152429	1.0	0.18438674632826593	0.18438674632826593
53	bc1012	O2	Microbe	-0.999999999999991	0.999999999999991	-1.0	0.9999999999999954	-0.9999999999999954
55	bc1010	Fumarate	Microbe	-0.00042802196857152615	0.00042802196857152615	-1.0	0.02068869180425689	-0.02068869180425689
77	O2	bc1012	Metabolite	0.152993124996932	0.152993124996932	1.0	0.3911433560690147	0.3911433560690147
98	bc1010	O2	Microbe	-1.0000000000000022	1.0000000000000022	-1.0	1.000000000000001	-1.000000000000001
151	O2	bc1010	Metabolite	0.1525294697219451	0.1525294697219451	1.0	0.3905502140851354	0.3905502140851354
