	Source	Target	SourceType	Weight	ABS_Weight	Sign_Weight	ABSRootWeight	SignedRootWeight
15	PAN	Blautia_coccoides_YL58	Metabolite	96.79614651723965	96.79614651723965	1.0	9.838503266109111	9.838503266109111
38	Blautia_coccoides_YL58	PAN	Microbe	-0.9999999999999521	0.9999999999999521	-1.0	0.999999999999976	-0.999999999999976
47	Muribaculum_intestinale_YL27	PAN	Microbe	-0.9999999999999498	0.9999999999999498	-1.0	0.9999999999999749	-0.9999999999999749
106	PAN	Muribaculum_intestinale_YL27	Metabolite	126.68907411690726	126.68907411690726	1.0	11.255624110501703	11.255624110501703
