	Source	Target	SourceType	Weight	ABS_Weight	Sign_Weight	ABSRootWeight	SignedRootWeight
9	Riboflavin	Turicimonas_muris_YL45	Metabolite	126.68907411684322	126.68907411684322	1.0	11.255624110498859	11.255624110498859
50	Clostridium_innocuum_I46	Riboflavin	Microbe	-1.0000000000000333	1.0000000000000333	-1.0	1.0000000000000167	-1.0000000000000167
54	Turicimonas_muris_YL45	Riboflavin	Microbe	-0.9999999999998929	0.9999999999998929	-1.0	0.9999999999999464	-0.9999999999999464
82	Riboflavin	Clostridium_innocuum_I46	Metabolite	126.68907411794655	126.68907411794655	1.0	11.25562411054787	11.25562411054787
