	Source	Target	SourceType	Weight	ABS_Weight	Sign_Weight	ABSRootWeight	SignedRootWeight
16	Acutalibacter_muris_KB1	Riboflavin	Microbe	2.429261364544314	2.429261364544314	1.0	1.5586087913727147	1.5586087913727147
32	Flavonifractor_plautii_YL31	Riboflavin	Microbe	-0.9999999999999661	0.9999999999999661	-1.0	0.999999999999983	-0.999999999999983
67	Acutalibacter_muris_KB1	Pyridoxal	Microbe	-1.0000000000009155	1.0000000000009155	-1.0	1.0000000000004576	-1.0000000000004576
80	Riboflavin	Flavonifractor_plautii_YL31	Metabolite	126.6890741180629	126.6890741180629	1.0	11.25562411055304	11.25562411055304
81	Pyridoxal	Acutalibacter_muris_KB1	Metabolite	193.59229303371148	193.59229303371148	1.0	13.913744752355905	13.913744752355905
