	Source	Target	SourceType	Weight	ABS_Weight	Sign_Weight	ABSRootWeight	SignedRootWeight
31	Akkermansia_muciniphilaYL44	Riboflavin	Microbe	-1.0000000000000642	1.0000000000000642	-1.0	1.000000000000032	-1.000000000000032
34	Riboflavin	Akkermansia_muciniphilaYL44	Metabolite	126.68907411749326	126.68907411749326	1.0	11.255624110527735	11.255624110527735
