	Source	Target	SourceType	Weight	ABS_Weight	Sign_Weight	ABSRootWeight	SignedRootWeight
17	Enterococcus_faecalis_KB1	PAN	Microbe	-0.9999999981808771	0.9999999981808771	-1.0	0.9999999990904386	-0.9999999990904386
43	Muribaculum_intestinale_YL27	PAN	Microbe	-1.000000000000133	1.000000000000133	-1.0	1.0000000000000664	-1.0000000000000664
67	Riboflavin-e0	Enterococcus_faecalis_KB1	Metabolite	96.79614634195993	96.79614634195993	1.0	9.838503257201266	9.838503257201266
70	Enterococcus_faecalis_KB1	Riboflavin-e0	Microbe	-1.0000000000000577	1.0000000000000577	-1.0	1.0000000000000289	-1.0000000000000289
106	PAN	Muribaculum_intestinale_YL27	Metabolite	126.68907411848711	126.68907411848711	1.0	11.255624110571883	11.255624110571883
