	Source	Target	SourceType	Weight	ABS_Weight	Sign_Weight	ABSRootWeight	SignedRootWeight
18	PAN	Limosilactobacillus_reuteri_I49	Metabolite	96.796146519927	96.796146519927	1.0	9.838503266245684	9.838503266245684
50	Limosilactobacillus_reuteri_I49	PAN	Microbe	-0.9999999999993172	0.9999999999993172	-1.0	0.9999999999996586	-0.9999999999996586
94	PAN	Bacteroides_caecimuris_I48	Metabolite	126.68907411586125	126.68907411586125	1.0	11.255624110455237	11.255624110455237
97	Bacteroides_caecimuris_I48	PAN	Microbe	-0.9999999999999617	0.9999999999999617	-1.0	0.9999999999999808	-0.9999999999999808
