	Source	Target	SourceType	Weight	ABS_Weight	Sign_Weight	ABSRootWeight	SignedRootWeight
17	PAN	Limosilactobacillus_reuteri_I49	Metabolite	96.79614651746155	96.79614651746155	1.0	9.838503266120389	9.838503266120389
44	Limosilactobacillus_reuteri_I49	PAN	Microbe	-0.9999999999998386	0.9999999999998386	-1.0	0.9999999999999193	-0.9999999999999193
86	PAN	Bacteroides_caecimuris_I48	Metabolite	126.6890741173128	126.6890741173128	1.0	11.255624110519719	11.255624110519719
89	Bacteroides_caecimuris_I48	PAN	Microbe	-1.0000000000000044	1.0000000000000044	-1.0	1.0000000000000022	-1.0000000000000022
