	Source	Target	SourceType	Weight	ABS_Weight	Sign_Weight	ABSRootWeight	SignedRootWeight
20	Flavonifractor_plautii_YL31	PAN	Microbe	-0.9999999999786127	0.9999999999786127	-1.0	0.9999999999893063	-0.9999999999893063
34	Flavonifractor_plautii_YL31	Riboflavin	Microbe	-0.999999999999699	0.999999999999699	-1.0	0.9999999999998495	-0.9999999999998495
64	Bacteroides_caecimuris_I48	Riboflavin	Microbe	-0.9999999999999994	0.9999999999999994	-1.0	0.9999999999999997	-0.9999999999999997
76	PAN	Bacteroides_caecimuris_I48	Metabolite	126.6890741164663	126.6890741164663	1.0	11.255624110482115	11.255624110482115
82	Riboflavin	Flavonifractor_plautii_YL31	Metabolite	126.68907411816767	126.68907411816767	1.0	11.255624110557694	11.255624110557694
84	Bacteroides_caecimuris_I48	PAN	Microbe	-0.9999999999999991	0.9999999999999991	-1.0	0.9999999999999996	-0.9999999999999996
