	Source	Target	SourceType	Weight	ABS_Weight	Sign_Weight	ABSRootWeight	SignedRootWeight
8	Riboflavin	Muribaculum_intestinale_YL27	Metabolite	126.6890741173496	126.6890741173496	1.0	11.255624110521353	11.255624110521353
47	Muribaculum_intestinale_YL27	Riboflavin	Microbe	-1.0000000000000424	1.0000000000000424	-1.0	1.000000000000021	-1.000000000000021
