	Source	Target	SourceType	Weight	ABS_Weight	Sign_Weight	ABSRootWeight	SignedRootWeight
22	Clostridium_innocuum_I46	PAN	Microbe	-1.0000000000001357	1.0000000000001357	-1.0	1.0000000000000677	-1.0000000000000677
38	PAN	Clostridium_innocuum_I46	Metabolite	126.68907411918528	126.68907411918528	1.0	11.255624110602898	11.255624110602898
