	Source	Target	SourceType	Weight	ABS_Weight	Sign_Weight	ABSRootWeight	SignedRootWeight
21	PAN	Limosilactobacillus_reuteri_I49	Metabolite	96.79614651647292	96.79614651647292	1.0	9.838503266070145	9.838503266070145
46	Muribaculum_intestinale_YL27	PAN	Microbe	-1.0000000000000815	1.0000000000000815	-1.0	1.0000000000000406	-1.0000000000000406
50	Limosilactobacillus_reuteri_I49	PAN	Microbe	-1.000000000000027	1.000000000000027	-1.0	1.0000000000000135	-1.0000000000000135
107	PAN	Muribaculum_intestinale_YL27	Metabolite	126.68907411844015	126.68907411844015	1.0	11.255624110569798	11.255624110569798
