	MetConSIN	DirectDFBA	Difference	ABS_Difference	SameSign
bc1001##Acetate	1.8181078656413492	-1e-08	1.8181078756413491	1.8181078756413491	-1.0
bc1016##H+	2.4287077039340965	-1e-08	2.4287077139340965	2.4287077139340965	-1.0
bc1001##CO2	2.006195995158381	-1e-08	2.006196005158381	2.006196005158381	-1.0
bc1001##H+	1.725970790439452	-1e-08	1.7259708004394518	1.7259708004394518	-1.0
bc1001##H2O	2.8036993953064497	-2e-08	2.8036994153064496	2.8036994153064496	-1.0
bc1001##O2	-1.9150229542332162	1e-08	-1.9150229642332162	1.9150229642332162	-1.0
bc1016##Acetate	1.4964829358497282	-1e-08	1.4964829458497282	1.4964829458497282	-1.0
