	Source	Target	SourceType	Weight	ABS_Weight	Sign_Weight	ABSRootWeight	SignedRootWeight
17	Clostridium_innocuum_I46	N-Acetyl-D-glucosamine-e0	Microbe	-0.9999999999999956	0.9999999999999956	-1.0	0.9999999999999978	-0.9999999999999978
37	N-Acetyl-D-glucosamine-e0	Clostridium_innocuum_I46	Metabolite	18.117340654635733	18.117340654635733	1.0	4.256446951934881	4.256446951934881
43	Flavonifractor_plautii_YL31	Riboflavin	Microbe	-1.0000000000000235	1.0000000000000235	-1.0	1.0000000000000118	-1.0000000000000118
51	Clostridium_innocuum_I46	Riboflavin	Microbe	-0.9999999999999996	0.9999999999999996	-1.0	0.9999999999999998	-0.9999999999999998
88	Riboflavin	Flavonifractor_plautii_YL31	Metabolite	126.68907411821378	126.68907411821378	1.0	11.255624110559742	11.255624110559742
