	Source	Target	SourceType	Weight	ABS_Weight	Sign_Weight	ABSRootWeight	SignedRootWeight
20	Clostridium_innocuum_I46	PAN	Microbe	-0.9999999999997587	0.9999999999997587	-1.0	0.9999999999998793	-0.9999999999998793
36	PAN	Clostridium_innocuum_I46	Metabolite	126.68907412988054	126.68907412988054	1.0	11.255624111078005	11.255624111078005
