	Source	Target	SourceType	Weight	ABS_Weight	Sign_Weight	ABSRootWeight	SignedRootWeight
6	Riboflavin	Turicimonas_muris_YL45	Metabolite	126.68907411746497	126.68907411746497	1.0	11.255624110526478	11.255624110526478
20	PAN	Limosilactobacillus_reuteri_I49	Metabolite	96.7961465171812	96.7961465171812	1.0	9.838503266106141	9.838503266106141
31	Turicimonas_muris_YL45	PAN	Microbe	-1.0000000000479596	1.0000000000479596	-1.0	1.0000000000239797	-1.0000000000239797
38	Limosilactobacillus_reuteri_I49	PAN	Microbe	-0.9999999999996315	0.9999999999996315	-1.0	0.9999999999998157	-0.9999999999998157
42	Turicimonas_muris_YL45	Riboflavin	Microbe	-1.0000000000002573	1.0000000000002573	-1.0	1.0000000000001286	-1.0000000000001286
49	Limosilactobacillus_reuteri_I49	Riboflavin	Microbe	-1.0000000000000016	1.0000000000000016	-1.0	1.0000000000000007	-1.0000000000000007
