	Source	Target	SourceType	Weight	ABS_Weight	Sign_Weight	ABSRootWeight	SignedRootWeight
3	Riboflavin	Bacteroides_caecimuris_I48	Metabolite	126.68907411758086	126.68907411758086	1.0	11.255624110531626	11.255624110531626
14	Clostridium_innocuum_I46	Folate-e0	Microbe	-0.9999999999999967	0.9999999999999967	-1.0	0.9999999999999983	-0.9999999999999983
17	Folate-e0	Clostridium_innocuum_I46	Metabolite	84.4593827399151	84.4593827399151	1.0	9.190178602177168	9.190178602177168
45	Clostridium_innocuum_I46	Riboflavin	Microbe	-0.6666666666205656	0.6666666666205656	-1.0	0.8164965808994951	-0.8164965808994951
70	Bacteroides_caecimuris_I48	Riboflavin	Microbe	-1.0000000000000138	1.0000000000000138	-1.0	1.0000000000000069	-1.0000000000000069
