	Source	Target	SourceType	Weight	ABS_Weight	Sign_Weight	ABSRootWeight	SignedRootWeight
21	PAN	Limosilactobacillus_reuteri_I49	Metabolite	96.79614651724711	96.79614651724711	1.0	9.838503266109491	9.838503266109491
45	Muribaculum_intestinale_YL27	PAN	Microbe	-1.0000000000000815	1.0000000000000815	-1.0	1.0000000000000406	-1.0000000000000406
48	Limosilactobacillus_reuteri_I49	PAN	Microbe	-1.0000000000001203	1.0000000000001203	-1.0	1.0000000000000602	-1.0000000000000602
99	PAN	Muribaculum_intestinale_YL27	Metabolite	126.68907411844015	126.68907411844015	1.0	11.255624110569798	11.255624110569798
