	Source	Target	SourceType	Weight	ABS_Weight	Sign_Weight	ABSRootWeight	SignedRootWeight
3	Riboflavin	Bacteroides_caecimuris_I48	Metabolite	126.68907411758086	126.68907411758086	1.0	11.255624110531626	11.255624110531626
14	Clostridium_innocuum_I46	Folate-e0	Microbe	-0.9999999999999916	0.9999999999999916	-1.0	0.9999999999999958	-0.9999999999999958
17	Folate-e0	Clostridium_innocuum_I46	Metabolite	84.45938274403854	84.45938274403854	1.0	9.190178602401508	9.190178602401508
45	Clostridium_innocuum_I46	Riboflavin	Microbe	-0.3853693971637769	0.3853693971637769	-1.0	0.6207812796499077	-0.6207812796499077
70	Bacteroides_caecimuris_I48	Riboflavin	Microbe	-1.0000000000000138	1.0000000000000138	-1.0	1.0000000000000069	-1.0000000000000069
