	Source	Target	SourceType	Weight	ABS_Weight	Sign_Weight	ABSRootWeight	SignedRootWeight
22	PAN	Clostridium_innocuum_I46	Metabolite	126.6890741169624	126.6890741169624	1.0	11.255624110504153	11.255624110504153
31	Flavonifractor_plautii_YL31	PAN	Microbe	-0.9999999999588459	0.9999999999588459	-1.0	0.9999999999794229	-0.9999999999794229
42	Flavonifractor_plautii_YL31	Riboflavin	Microbe	-1.0000000000008542	1.0000000000008542	-1.0	1.000000000000427	-1.000000000000427
50	Clostridium_innocuum_I46	Riboflavin	Microbe	-1.0000000000000013	1.0000000000000013	-1.0	1.0000000000000007	-1.0000000000000007
65	Clostridium_innocuum_I46	PAN	Microbe	-1.000000000000248	1.000000000000248	-1.0	1.000000000000124	-1.000000000000124
86	Riboflavin	Flavonifractor_plautii_YL31	Metabolite	126.68907411139541	126.68907411139541	1.0	11.255624110256855	11.255624110256855
