	Source	Target	SourceType	Weight	ABS_Weight	Sign_Weight	ABSRootWeight	SignedRootWeight
9	Riboflavin	Turicimonas_muris_YL45	Metabolite	126.68907411739079	126.68907411739079	1.0	11.255624110523183	11.255624110523183
36	Flavonifractor_plautii_YL31	Riboflavin	Microbe	-1.000000000000816	1.000000000000816	-1.0	1.000000000000408	-1.000000000000408
51	Turicimonas_muris_YL45	Riboflavin	Microbe	-0.9999999999997204	0.9999999999997204	-1.0	0.9999999999998602	-0.9999999999998602
87	Riboflavin	Flavonifractor_plautii_YL31	Metabolite	126.68907411844631	126.68907411844631	1.0	11.255624110570071	11.255624110570071
