	Source	Target	SourceType	Weight	ABS_Weight	Sign_Weight	ABSRootWeight	SignedRootWeight
6	Acutalibacter_muris_KB1	PAN	Microbe	-1.0000000000000233	1.0000000000000233	-1.0	1.0000000000000115	-1.0000000000000115
43	PAN	Acutalibacter_muris_KB1	Metabolite	96.79614651653262	96.79614651653262	1.0	9.838503266073179	9.838503266073179
64	Enterocloster_clostridioformis_YL32	PAN	Microbe	-1.0000000000003495	1.0000000000003495	-1.0	1.0000000000001747	-1.0000000000001747
93	PAN	Enterocloster_clostridioformis_YL32	Metabolite	126.68907411984578	126.68907411984578	1.0	11.255624110632239	11.255624110632239
