	Source	Target	SourceType	Weight	ABS_Weight	Sign_Weight	ABSRootWeight	SignedRootWeight
1	Riboflavin	Bifidobacterium_animalis_YL2	Metabolite	96.79614651724023	96.79614651724023	1.0	9.838503266109141	9.838503266109141
24	PAN	Limosilactobacillus_reuteri_I49	Metabolite	96.79614651807364	96.79614651807364	1.0	9.838503266151495	9.838503266151495
49	Limosilactobacillus_reuteri_I49	PAN	Microbe	-0.9999999999999555	0.9999999999999555	-1.0	0.9999999999999777	-0.9999999999999777
62	Limosilactobacillus_reuteri_I49	Riboflavin	Microbe	-1.0000000000000042	1.0000000000000042	-1.0	1.000000000000002	-1.000000000000002
84	Bifidobacterium_animalis_YL2	PAN	Microbe	-1.0000000000020597	1.0000000000020597	-1.0	1.0000000000010298	-1.0000000000010298
95	Bifidobacterium_animalis_YL2	Riboflavin	Microbe	-0.9999999999999636	0.9999999999999636	-1.0	0.9999999999999818	-0.9999999999999818
