	Source	Target	SourceType	Weight	ABS_Weight	Sign_Weight	ABSRootWeight	SignedRootWeight
6	Riboflavin	Turicimonas_muris_YL45	Metabolite	126.68907411760277	126.68907411760277	1.0	11.2556241105326	11.2556241105326
18	PAN	Clostridium_innocuum_I46	Metabolite	126.68907411696402	126.68907411696402	1.0	11.255624110504225	11.255624110504225
31	Turicimonas_muris_YL45	PAN	Microbe	-1.0000000000492226	1.0000000000492226	-1.0	1.0000000000246112	-1.0000000000246112
37	Clostridium_innocuum_I46	Riboflavin	Microbe	-0.9999999999999988	0.9999999999999988	-1.0	0.9999999999999993	-0.9999999999999993
41	Turicimonas_muris_YL45	Riboflavin	Microbe	-1.0000000000016553	1.0000000000016553	-1.0	1.0000000000008276	-1.0000000000008276
51	Clostridium_innocuum_I46	PAN	Microbe	-1.0000000000002527	1.0000000000002527	-1.0	1.0000000000001263	-1.0000000000001263
