	MetConSIN	DirectDFBA	Difference	ABS_Difference	SameSign
bc1002##H2O	3.605116841316636	-1e-08	3.605116851316636	3.605116851316636	-1.0
bc1010##H2O	2.7776837648651838	-1e-08	2.7776837748651837	2.7776837748651837	-1.0
