	Source	Target	SourceType	Weight	ABS_Weight	Sign_Weight	ABSRootWeight	SignedRootWeight
7	Riboflavin	Turicimonas_muris_YL45	Metabolite	126.68907411739079	126.68907411739079	1.0	11.255624110523183	11.255624110523183
23	Muribaculum_intestinale_YL27	Riboflavin	Microbe	-0.9999999999999998	0.9999999999999998	-1.0	0.9999999999999999	-0.9999999999999999
35	Turicimonas_muris_YL45	PAN	Microbe	-1.0000000000479423	1.0000000000479423	-1.0	1.000000000023971	-1.000000000023971
43	Muribaculum_intestinale_YL27	PAN	Microbe	-1.0000000000000657	1.0000000000000657	-1.0	1.0000000000000329	-1.0000000000000329
50	Turicimonas_muris_YL45	Riboflavin	Microbe	-0.9999999999997204	0.9999999999997204	-1.0	0.9999999999998602	-0.9999999999998602
98	PAN	Muribaculum_intestinale_YL27	Metabolite	126.6890741184173	126.6890741184173	1.0	11.255624110568782	11.255624110568782
