	Source	Target	Weight	Metabolites	ABSWeight	SignWeight	ABSRootWeight	SignedRootWeight
bc1002->bc1012	bc1002	bc1012	-0.17147181143935097	D-Glucose	0.17147181143935097	-1.0	0.41409154958698563	-0.41409154958698563
bc1012->bc1002	bc1012	bc1002	-0.27087086964738377	D-Glucose	0.27087086964738377	-1.0	0.5204525623410685	-0.5204525623410685
