	MetConSIN	DirectDFBA	Difference	ABS_Difference	SameSign
bc1012##H2O	3.0307339133973987	1e-08	3.030733903397399	3.030733903397399	1.0
bc1002##H2O	3.605116841316636	1e-08	3.605116831316636	3.605116831316636	1.0
