	Source	Target	SourceType	Weight	ABS_Weight	Sign_Weight	ABSRootWeight	SignedRootWeight
61	Riboflavin-e0	Enterococcus_faecalis_KB1	Metabolite	96.79614652978113	96.79614652978113	1.0	9.838503266746478	9.838503266746478
65	Enterococcus_faecalis_KB1	Riboflavin-e0	Microbe	-1.0000000000000364	1.0000000000000364	-1.0	1.0000000000000182	-1.0000000000000182
69	Acutalibacter_muris_KB1	Pyridoxal	Microbe	-0.9999999999990588	0.9999999999990588	-1.0	0.9999999999995294	-0.9999999999995294
82	Pyridoxal	Acutalibacter_muris_KB1	Metabolite	193.59229303344998	193.59229303344998	1.0	13.913744752346508	13.913744752346508
87	Enterococcus_faecalis_KB1	Pyridoxal	Microbe	-0.5000000000683889	0.5000000000683889	-1.0	0.7071067812349058	-0.7071067812349058
