	Source	Target	SourceType	Weight	ABS_Weight	Sign_Weight	ABSRootWeight	SignedRootWeight
9	Riboflavin	Muribaculum_intestinale_YL27	Metabolite	126.68907411758413	126.68907411758413	1.0	11.255624110531771	11.255624110531771
48	Muribaculum_intestinale_YL27	Riboflavin	Microbe	-0.9999999999999852	0.9999999999999852	-1.0	0.9999999999999926	-0.9999999999999926
