	Source	Target	SourceType	Weight	ABS_Weight	Sign_Weight	ABSRootWeight	SignedRootWeight
33	Flavonifractor_plautii_YL31	PAN	Microbe	-1.000000000000217	1.000000000000217	-1.0	1.0000000000001084	-1.0000000000001084
58	Thiamin-e0	Clostridium_innocuum_I46	Metabolite	253.37814822591534	253.37814822591534	1.0	15.91785626979699	15.91785626979699
61	PAN	Flavonifractor_plautii_YL31	Metabolite	126.68907412209396	126.68907412209396	1.0	11.255624110732107	11.255624110732107
69	Clostridium_innocuum_I46	PAN	Microbe	-1.9999999998451217	1.9999999998451217	-1.0	1.4142135623183374	-1.4142135623183374
92	Clostridium_innocuum_I46	Thiamin-e0	Microbe	-0.9999999999979534	0.9999999999979534	-1.0	0.9999999999989767	-0.9999999999989767
