	Source	Target	SourceType	Weight	ABS_Weight	Sign_Weight	ABSRootWeight	SignedRootWeight
20	PAN	Blautia_coccoides_YL58	Metabolite	96.79614652174774	96.79614652174774	1.0	9.838503266338217	9.838503266338217
33	Flavonifractor_plautii_YL31	PAN	Microbe	-0.999999999980933	0.999999999980933	-1.0	0.9999999999904665	-0.9999999999904665
41	Blautia_coccoides_YL58	PAN	Microbe	-0.9999999999998702	0.9999999999998702	-1.0	0.999999999999935	-0.999999999999935
42	Flavonifractor_plautii_YL31	Riboflavin	Microbe	-0.9999999999999949	0.9999999999999949	-1.0	0.9999999999999974	-0.9999999999999974
55	Blautia_coccoides_YL58	Riboflavin	Microbe	-0.9999999999999997	0.9999999999999997	-1.0	0.9999999999999998	-0.9999999999999998
84	Riboflavin	Flavonifractor_plautii_YL31	Metabolite	126.68907411806097	126.68907411806097	1.0	11.255624110552954	11.255624110552954
