	Source	Target	SourceType	Weight	Variance	ABS_Weight	Sign_Weight	ABSRootWeight	SignedRootWeight
5	Acutalibacter_muris_KB1	PAN	Microbe	-1.1869855521526815	0.35203758818330744	1.1869855521526815	-1.0	1.0894886654539742	-1.0894886654539742
16	PAN	Clostridium_innocuum_I46	Metabolite	114.01681598056743	1444.5066990514538	114.01681598056743	1.0	10.677865703433783	10.677865703433783
50	Clostridium_innocuum_I46	PAN	Microbe	-0.8999735515835136	0.08999973607543005	0.8999735515835136	-1.0	0.9486693584086678	-0.9486693584086678
58	Acutalibacter_muris_KB1	Pyridoxal	Microbe	-0.5934927760726619	0.08800939704483662	0.5934927760726619	-1.0	0.7703848233659993	-0.7703848233659993
69	Pyridoxal	Acutalibacter_muris_KB1	Metabolite	55.56331131768593	7669.265628227745	55.56331131768593	1.0	7.454080179182803	7.454080179182803
104	PAN	Acutalibacter_muris_KB1	Metabolite	59.33231610103125	2222.7227215541266	59.33231610103125	1.0	7.702747308657558	7.702747308657558
