	Source	Target	SourceType	Weight	ABS_Weight	Sign_Weight	ABSRootWeight	SignedRootWeight
64	Enterocloster_clostridioformis_YL32	PAN	Microbe	-1.0000000000002238	1.0000000000002238	-1.0	1.000000000000112	-1.000000000000112
68	Bifidobacterium_animalis_YL2	PAN	Microbe	-0.9999999999998499	0.9999999999998499	-1.0	0.999999999999925	-0.999999999999925
73	PAN	Bifidobacterium_animalis_YL2	Metabolite	96.79614651701738	96.79614651701738	1.0	9.838503266097815	9.838503266097815
93	PAN	Enterocloster_clostridioformis_YL32	Metabolite	126.68907411987142	126.68907411987142	1.0	11.255624110633377	11.255624110633377
