	Source	Target	SourceType	Weight	ABS_Weight	Sign_Weight	ABSRootWeight	SignedRootWeight
25	PAN	Limosilactobacillus_reuteri_I49	Metabolite	96.79614651677217	96.79614651677217	1.0	9.838503266085354	9.838503266085354
38	Akkermansia_muciniphilaYL44	PAN	Microbe	-0.9999999999900072	0.9999999999900072	-1.0	0.9999999999950036	-0.9999999999950036
47	Akkermansia_muciniphilaYL44	Riboflavin	Microbe	-0.999999999999968	0.999999999999968	-1.0	0.999999999999984	-0.999999999999984
48	Limosilactobacillus_reuteri_I49	PAN	Microbe	-0.9999999999999871	0.9999999999999871	-1.0	0.9999999999999936	-0.9999999999999936
60	Limosilactobacillus_reuteri_I49	Riboflavin	Microbe	-0.9999999999999987	0.9999999999999987	-1.0	0.9999999999999993	-0.9999999999999993
97	Riboflavin	Akkermansia_muciniphilaYL44	Metabolite	126.68907411746463	126.68907411746463	1.0	11.255624110526464	11.255624110526464
