	Source	Target	SourceType	Weight	ABS_Weight	Sign_Weight	ABSRootWeight	SignedRootWeight
64	Enterocloster_clostridioformis_YL32	PAN	Microbe	-1.000000000000059	1.000000000000059	-1.0	1.0000000000000295	-1.0000000000000295
70	PAN	Bacteroides_caecimuris_I48	Metabolite	126.68907411573066	126.68907411573066	1.0	11.255624110449435	11.255624110449435
76	Bacteroides_caecimuris_I48	PAN	Microbe	-1.0000000000001026	1.0000000000001026	-1.0	1.0000000000000513	-1.0000000000000513
90	PAN	Enterocloster_clostridioformis_YL32	Metabolite	126.68907411976828	126.68907411976828	1.0	11.255624110628796	11.255624110628796
