	Source	Target	SourceType	Weight	ABS_Weight	Sign_Weight	ABSRootWeight	SignedRootWeight
24	PAN	Limosilactobacillus_reuteri_I49	Metabolite	96.79614651746805	96.79614651746805	1.0	9.838503266120718	9.838503266120718
32	Flavonifractor_plautii_YL31	PAN	Microbe	-0.9999999999774185	0.9999999999774185	-1.0	0.9999999999887093	-0.9999999999887093
42	Flavonifractor_plautii_YL31	Riboflavin	Microbe	-0.9999999999994631	0.9999999999994631	-1.0	0.9999999999997315	-0.9999999999997315
50	Limosilactobacillus_reuteri_I49	PAN	Microbe	-1.0000000000000018	1.0000000000000018	-1.0	1.0000000000000009	-1.0000000000000009
62	Limosilactobacillus_reuteri_I49	Riboflavin	Microbe	-0.9999999999999997	0.9999999999999997	-1.0	0.9999999999999998	-0.9999999999999998
96	Riboflavin	Flavonifractor_plautii_YL31	Metabolite	126.68907411806518	126.68907411806518	1.0	11.255624110553141	11.255624110553141
