	Source	Target	SourceType	Weight	ABS_Weight	Sign_Weight	ABSRootWeight	SignedRootWeight
14	PAN	Blautia_coccoides_YL58	Metabolite	96.79614652216222	96.79614652216222	1.0	9.83850326635928	9.83850326635928
32	Akkermansia_muciniphilaYL44	PAN	Microbe	-0.9999999999866743	0.9999999999866743	-1.0	0.9999999999933371	-0.9999999999933371
37	Blautia_coccoides_YL58	PAN	Microbe	-1.0000000000000093	1.0000000000000093	-1.0	1.0000000000000047	-1.0000000000000047
43	Akkermansia_muciniphilaYL44	Riboflavin	Microbe	-0.9999999999997177	0.9999999999997177	-1.0	0.9999999999998588	-0.9999999999998588
49	Blautia_coccoides_YL58	Riboflavin	Microbe	-1.0000000000000013	1.0000000000000013	-1.0	1.0000000000000007	-1.0000000000000007
85	Riboflavin	Akkermansia_muciniphilaYL44	Metabolite	126.6890741174256	126.6890741174256	1.0	11.25562411052473	11.25562411052473
