	Source	Target	SourceType	Weight	Variance	ABS_Weight	Sign_Weight	ABSRootWeight	SignedRootWeight
25	Riboflavin-e0	Enterococcus_faecalis_KB1	Metabolite	96.79614652268093	4.241866373456442e-20	96.79614652268093	1.0	9.838503266385642	9.838503266385642
37	Enterococcus_faecalis_KB1	Riboflavin-e0	Microbe	-0.9999999999999863	6.680172753024682e-28	0.9999999999999863	-1.0	0.9999999999999931	-0.9999999999999931
