	Source	Target	Weight	Metabolites	ABSWeight	SignWeight	ABSRootWeight	SignedRootWeight
bc1010->bc1003	bc1010	bc1003	-0.2785952523668688	D-Glucose	0.2785952523668688	-1.0	0.5278212314476074	-0.5278212314476074
bc1016->bc1003	bc1016	bc1003	-0.2785952523668641	D-Glucose	0.2785952523668641	-1.0	0.5278212314476031	-0.5278212314476031
bc1003->bc1016	bc1003	bc1016	-0.05745328770557894	D-Glucose	0.05745328770557894	-1.0	0.23969415450857148	-0.23969415450857148
bc1010->bc1016	bc1010	bc1016	-0.05745328770557986	D-Glucose	0.05745328770557986	-1.0	0.2396941545085734	-0.2396941545085734
bc1003->bc1010	bc1003	bc1010	-0.20809099818600796	O2.D-Glucose	0.20809099818600796	-1.0	0.4561699224916171	-0.4561699224916171
bc1016->bc1010	bc1016	bc1010	-2.30110951223688	O2.D-Glucose	2.30110951223688	-1.0	1.5169408400583326	-1.5169408400583326
