	Source	Target	SourceType	Weight	ABS_Weight	Sign_Weight	ABSRootWeight	SignedRootWeight
17	PAN	Blautia_coccoides_YL58	Metabolite	96.79614651630774	96.79614651630774	1.0	9.838503266061752	9.838503266061752
39	Blautia_coccoides_YL58	PAN	Microbe	-1.0000000000000027	1.0000000000000027	-1.0	1.0000000000000013	-1.0000000000000013
71	Enterocloster_clostridioformis_YL32	PAN	Microbe	-1.0000000000000453	1.0000000000000453	-1.0	1.0000000000000226	-1.0000000000000226
99	PAN	Enterocloster_clostridioformis_YL32	Metabolite	126.68907411561082	126.68907411561082	1.0	11.255624110444113	11.255624110444113
