	Source	Target	Weight	Metabolites	ABSWeight	SignWeight	ABSRootWeight	SignedRootWeight
bc1010->bc1003	bc1010	bc1003	-0.15297633046742065	O2	0.15297633046742065	-1.0	0.3911218869705717	-0.3911218869705717
bc1016->bc1003	bc1016	bc1003	-0.0034292762875456568	O2	0.0034292762875456568	-1.0	0.05856002294693588	-0.05856002294693588
bc1003->bc1016	bc1003	bc1016	-0.031547533749478725	D-Glucose	0.031547533749478725	-1.0	0.1776162541815324	-0.1776162541815324
bc1010->bc1016	bc1010	bc1016	-0.05745328770557986	D-Glucose	0.05745328770557986	-1.0	0.2396941545085734	-0.2396941545085734
bc1003->bc1010	bc1003	bc1010	-0.11426252613908705	O2.D-Glucose	0.11426252613908705	-1.0	0.3380274044202438	-0.3380274044202438
bc1016->bc1010	bc1016	bc1010	-2.30110951223688	O2.D-Glucose	2.30110951223688	-1.0	1.5169408400583326	-1.5169408400583326
