	Source	Target	SourceType	Weight	ABS_Weight	Sign_Weight	ABSRootWeight	SignedRootWeight
18	PAN	Blautia_coccoides_YL58	Metabolite	96.79614652163562	96.79614652163562	1.0	9.838503266332518	9.838503266332518
28	PAN	Clostridium_innocuum_I46	Metabolite	126.68907412091656	126.68907412091656	1.0	11.255624110679806	11.255624110679806
46	Blautia_coccoides_YL58	PAN	Microbe	-0.999999999999811	0.999999999999811	-1.0	0.9999999999999055	-0.9999999999999055
71	Clostridium_innocuum_I46	PAN	Microbe	-0.9999999999999655	0.9999999999999655	-1.0	0.9999999999999827	-0.9999999999999827
