	Source	Target	SourceType	Weight	ABS_Weight	Sign_Weight	ABSRootWeight	SignedRootWeight
7	Riboflavin	Turicimonas_muris_YL45	Metabolite	126.68907411760752	126.68907411760752	1.0	11.25562411053281	11.25562411053281
25	Muribaculum_intestinale_YL27	Riboflavin	Microbe	-1.0000000000001477	1.0000000000001477	-1.0	1.0000000000000737	-1.0000000000000737
53	Turicimonas_muris_YL45	Riboflavin	Microbe	-1.0000000000012945	1.0000000000012945	-1.0	1.0000000000006473	-1.0000000000006473
63	Riboflavin	Muribaculum_intestinale_YL27	Metabolite	126.68907411676153	126.68907411676153	1.0	11.25562411049523	11.25562411049523
