	Source	Target	SourceType	Weight	ABS_Weight	Sign_Weight	ABSRootWeight	SignedRootWeight
5	Riboflavin	Bacteroides_caecimuris_I48	Metabolite	126.68907411754816	126.68907411754816	1.0	11.255624110530173	11.255624110530173
64	Bacteroides_caecimuris_I48	Riboflavin	Microbe	-0.9999999999999453	0.9999999999999453	-1.0	0.9999999999999726	-0.9999999999999726
67	Enterocloster_clostridioformis_YL32	PAN	Microbe	-1.000000000000322	1.000000000000322	-1.0	1.000000000000161	-1.000000000000161
78	Bacteroides_caecimuris_I48	PAN	Microbe	-1.0000000000063483	1.0000000000063483	-1.0	1.0000000000031741	-1.0000000000031741
94	PAN	Enterocloster_clostridioformis_YL32	Metabolite	126.68907411986531	126.68907411986531	1.0	11.255624110633107	11.255624110633107
