	Source	Target	SourceType	Weight	ABS_Weight	Sign_Weight	ABSRootWeight	SignedRootWeight
23	Muribaculum_intestinale_YL27	Riboflavin	Microbe	-0.9999999999999659	0.9999999999999659	-1.0	0.9999999999999829	-0.9999999999999829
42	Muribaculum_intestinale_YL27	PAN	Microbe	-1.000000000000594	1.000000000000594	-1.0	1.0000000000002969	-1.0000000000002969
60	Riboflavin	Muribaculum_intestinale_YL27	Metabolite	126.68907411713423	126.68907411713423	1.0	11.255624110511786	11.255624110511786
73	Enterocloster_clostridioformis_YL32	PAN	Microbe	-0.9999999999999506	0.9999999999999506	-1.0	0.9999999999999752	-0.9999999999999752
99	PAN	Enterocloster_clostridioformis_YL32	Metabolite	126.68907411980524	126.68907411980524	1.0	11.255624110630437	11.255624110630437
