	Source	Target	SourceType	Weight	ABS_Weight	Sign_Weight	ABSRootWeight	SignedRootWeight
46	Akkermansia_muciniphilaYL44	Riboflavin	Microbe	-0.9999999999999134	0.9999999999999134	-1.0	0.9999999999999567	-0.9999999999999567
47	Clostridium_innocuum_I46	Riboflavin	Microbe	-1.0000000000000064	1.0000000000000064	-1.0	1.000000000000003	-1.000000000000003
72	Riboflavin	Clostridium_innocuum_I46	Metabolite	126.68907411864168	126.68907411864168	1.0	11.25562411057875	11.25562411057875
87	Riboflavin	Akkermansia_muciniphilaYL44	Metabolite	126.6890741174535	126.6890741174535	1.0	11.255624110525968	11.255624110525968
