	Source	Target	SourceType	Weight	ABS_Weight	Sign_Weight	ABSRootWeight	SignedRootWeight
17	Thiamine	Limosilactobacillus_reuteri_I49	Metabolite	135.56370852831827	135.56370852831827	1.0	11.643182920847645	11.643182920847645
29	Folate-e0	Limosilactobacillus_reuteri_I49	Metabolite	67.78185426414154	67.78185426414154	1.0	8.232973597925694	8.232973597925694
40	Limosilactobacillus_reuteri_I49	Folate-e0	Microbe	-0.9999999999996445	0.9999999999996445	-1.0	0.9999999999998223	-0.9999999999998223
45	Flavonifractor_plautii_YL31	Riboflavin	Microbe	-0.6666666666671404	0.6666666666671404	-1.0	0.8164965809280161	-0.8164965809280161
47	Limosilactobacillus_reuteri_I49	Thiamine	Microbe	-1.0000000000001146	1.0000000000001146	-1.0	1.0000000000000573	-1.0000000000000573
63	Riboflavin	Limosilactobacillus_reuteri_I49	Metabolite	203.34556279249384	203.34556279249384	1.0	14.25992856898287	14.25992856898287
66	Limosilactobacillus_reuteri_I49	Riboflavin	Microbe	-0.9999999999963637	0.9999999999963637	-1.0	0.9999999999981818	-0.9999999999981818
67	Folate-e0	Flavonifractor_plautii_YL31	Metabolite	84.45938274524227	84.45938274524227	1.0	9.190178602466998	9.190178602466998
101	Flavonifractor_plautii_YL31	Folate-e0	Microbe	-0.9999999999999194	0.9999999999999194	-1.0	0.9999999999999597	-0.9999999999999597
