	IntegralDiff	MaxDiff	MaxTime
bc1012	0.0436649334716499	0.02716759144285147	0.8894199419941994
bc1011	0.002465834507858841	0.0015890553463873028	1.1135163516351636
