	Source	Target	SourceType	Weight	ABS_Weight	Sign_Weight	ABSRootWeight	SignedRootWeight
21	Muribaculum_intestinale_YL27	Riboflavin	Microbe	-1.0000000000000728	1.0000000000000728	-1.0	1.0000000000000364	-1.0000000000000364
39	Muribaculum_intestinale_YL27	PAN	Microbe	-1.000000000008589	1.000000000008589	-1.0	1.0000000000042943	-1.0000000000042943
55	Riboflavin	Muribaculum_intestinale_YL27	Metabolite	126.68907411873889	126.68907411873889	1.0	11.255624110583069	11.255624110583069
66	Enterocloster_clostridioformis_YL32	PAN	Microbe	-1.0000000000001759	1.0000000000001759	-1.0	1.000000000000088	-1.000000000000088
92	PAN	Enterocloster_clostridioformis_YL32	Metabolite	126.68907411981203	126.68907411981203	1.0	11.25562411063074	11.25562411063074
