	Source	Target	SourceType	Weight	ABS_Weight	Sign_Weight	ABSRootWeight	SignedRootWeight
23	Muribaculum_intestinale_YL27	Riboflavin	Microbe	-1.0000000000000828	1.0000000000000828	-1.0	1.0000000000000413	-1.0000000000000413
42	Muribaculum_intestinale_YL27	PAN	Microbe	-1.0000000000088094	1.0000000000088094	-1.0	1.0000000000044047	-1.0000000000044047
58	Riboflavin	Muribaculum_intestinale_YL27	Metabolite	126.68907411825664	126.68907411825664	1.0	11.255624110561646	11.255624110561646
71	Enterocloster_clostridioformis_YL32	PAN	Microbe	-0.9999999999999506	0.9999999999999506	-1.0	0.9999999999999752	-0.9999999999999752
97	PAN	Enterocloster_clostridioformis_YL32	Metabolite	126.68907411980524	126.68907411980524	1.0	11.255624110630437	11.255624110630437
