	Source	Target	SourceType	Weight	ABS_Weight	Sign_Weight	ABSRootWeight	SignedRootWeight
19	Muribaculum_intestinale_YL27	Riboflavin	Microbe	-0.9999999999999998	0.9999999999999998	-1.0	0.9999999999999999	-0.9999999999999999
25	Flavonifractor_plautii_YL31	PAN	Microbe	-0.9999999999849052	0.9999999999849052	-1.0	0.9999999999924526	-0.9999999999924526
33	Flavonifractor_plautii_YL31	Riboflavin	Microbe	-0.9999999999998023	0.9999999999998023	-1.0	0.9999999999999011	-0.9999999999999011
39	Muribaculum_intestinale_YL27	PAN	Microbe	-0.9999999999997978	0.9999999999997978	-1.0	0.9999999999998989	-0.9999999999998989
79	Riboflavin	Flavonifractor_plautii_YL31	Metabolite	126.6890741178861	126.6890741178861	1.0	11.255624110545185	11.255624110545185
100	PAN	Muribaculum_intestinale_YL27	Metabolite	126.68907411814801	126.68907411814801	1.0	11.25562411055682	11.25562411055682
