	Source	Target	SourceType	Weight	ABS_Weight	Sign_Weight	ABSRootWeight	SignedRootWeight
60	Riboflavin-e0	Enterococcus_faecalis_KB1	Metabolite	96.79614652936549	96.79614652936549	1.0	9.838503266725356	9.838503266725356
64	Enterococcus_faecalis_KB1	Riboflavin-e0	Microbe	-0.9999999999999089	0.9999999999999089	-1.0	0.9999999999999544	-0.9999999999999544
68	Acutalibacter_muris_KB1	Pyridoxal	Microbe	-0.9999999999990588	0.9999999999990588	-1.0	0.9999999999995294	-0.9999999999995294
81	Pyridoxal	Acutalibacter_muris_KB1	Metabolite	193.59229303344998	193.59229303344998	1.0	13.913744752346508	13.913744752346508
86	Enterococcus_faecalis_KB1	Pyridoxal	Microbe	-0.500000000066376	0.500000000066376	-1.0	0.7071067812334825	-0.7071067812334825
