	Source	Target	SourceType	Weight	ABS_Weight	Sign_Weight	ABSRootWeight	SignedRootWeight
10	Clostridium_innocuum_I46	N-Acetyl-D-glucosamine-e0	Microbe	-0.9999999999999887	0.9999999999999887	-1.0	0.9999999999999943	-0.9999999999999943
30	N-Acetyl-D-glucosamine-e0	Clostridium_innocuum_I46	Metabolite	18.117340654839346	18.117340654839346	1.0	4.256446951958798	4.256446951958798
66	Clostridium_innocuum_I46	PAN	Microbe	-0.14300633879241875	0.14300633879241875	-1.0	0.3781617891755045	-0.3781617891755045
81	PAN	Bacteroides_caecimuris_I48	Metabolite	126.68907411733072	126.68907411733072	1.0	11.255624110520515	11.255624110520515
87	Bacteroides_caecimuris_I48	PAN	Microbe	-1.0000000000001121	1.0000000000001121	-1.0	1.000000000000056	-1.000000000000056
