	Source	Target	SourceType	Weight	ABS_Weight	Sign_Weight	ABSRootWeight	SignedRootWeight
23	Flavonifractor_plautii_YL31	PAN	Microbe	-1.0000000000038012	1.0000000000038012	-1.0	1.0000000000019005	-1.0000000000019005
31	Flavonifractor_plautii_YL31	Riboflavin	Microbe	-0.9999999999999584	0.9999999999999584	-1.0	0.9999999999999791	-0.9999999999999791
57	Enterocloster_clostridioformis_YL32	PAN	Microbe	-1.000000000000266	1.000000000000266	-1.0	1.000000000000133	-1.000000000000133
71	Riboflavin	Flavonifractor_plautii_YL31	Metabolite	126.68907411730731	126.68907411730731	1.0	11.255624110519475	11.255624110519475
87	PAN	Enterocloster_clostridioformis_YL32	Metabolite	126.68907411984387	126.68907411984387	1.0	11.255624110632153	11.255624110632153
