	Source	Target	SourceType	Weight	ABS_Weight	Sign_Weight	ABSRootWeight	SignedRootWeight
45	Flavonifractor_plautii_YL31	Riboflavin	Microbe	-1.0000000000000542	1.0000000000000542	-1.0	1.000000000000027	-1.000000000000027
50	Akkermansia_muciniphilaYL44	Riboflavin	Microbe	-0.9999999999999704	0.9999999999999704	-1.0	0.9999999999999851	-0.9999999999999851
87	Riboflavin	Flavonifractor_plautii_YL31	Metabolite	126.68907411759947	126.68907411759947	1.0	11.255624110532453	11.255624110532453
100	Riboflavin	Akkermansia_muciniphilaYL44	Metabolite	126.6890741181453	126.6890741181453	1.0	11.255624110556699	11.255624110556699
