	Source	Target	SourceType	Weight	ABS_Weight	Sign_Weight	ABSRootWeight	SignedRootWeight
8	Riboflavin	Muribaculum_intestinale_YL27	Metabolite	126.6890741172153	126.6890741172153	1.0	11.255624110515386	11.255624110515386
45	Muribaculum_intestinale_YL27	Riboflavin	Microbe	-0.9999999999998946	0.9999999999998946	-1.0	0.9999999999999473	-0.9999999999999473
