	Source	Target	SourceType	Weight	ABS_Weight	Sign_Weight	ABSRootWeight	SignedRootWeight
3	Limosilactobacillus_reuteri_I49	Cytosine	Microbe	-1.0000000000000007	1.0000000000000007	-1.0	1.0000000000000002	-1.0000000000000002
74	Riboflavin-e0	Enterococcus_faecalis_KB1	Metabolite	96.79614684482485	96.79614684482485	1.0	9.838503282757232	9.838503282757232
79	Enterococcus_faecalis_KB1	Riboflavin-e0	Microbe	-0.9999999999999722	0.9999999999999722	-1.0	0.9999999999999861	-0.9999999999999861
90	Enterococcus_faecalis_KB1	Cytosine	Microbe	-6.58031410611087	6.58031410611087	-1.0	2.56521229260092	-2.56521229260092
96	Cytosine	Limosilactobacillus_reuteri_I49	Metabolite	0.5498248331023653	0.5498248331023653	1.0	0.7415017418066968	0.7415017418066968
