	Source	Target	SourceType	Weight	ABS_Weight	Sign_Weight	ABSRootWeight	SignedRootWeight
0	PAN	Bacteroides_caecimuris_I48	Metabolite	126.68907411730311	126.68907411730311	1.0	11.255624110519287	11.255624110519287
21	Bacteroides_caecimuris_I48	PAN	Microbe	-1.000000000000282	1.000000000000282	-1.0	1.000000000000141	-1.000000000000141
