	Source	Target	SourceType	Weight	ABS_Weight	Sign_Weight	ABSRootWeight	SignedRootWeight
8	Riboflavin	Turicimonas_muris_YL45	Metabolite	126.6890741174957	126.6890741174957	1.0	11.255624110527842	11.255624110527842
51	Turicimonas_muris_YL45	Riboflavin	Microbe	-1.000000000000014	1.000000000000014	-1.0	1.0000000000000069	-1.0000000000000069
86	Enterocloster_clostridioformis_YL32	Thiamin-e0	Microbe	-1.0000000000001306	1.0000000000001306	-1.0	1.0000000000000653	-1.0000000000000653
98	Thiamin-e0	Enterocloster_clostridioformis_YL32	Metabolite	253.3781482472997	253.3781482472997	1.0	15.917856270468699	15.917856270468699
