	Source	Target	SourceType	Weight	ABS_Weight	Sign_Weight	ABSRootWeight	SignedRootWeight
15	PAN	Blautia_coccoides_YL58	Metabolite	96.79614651773208	96.79614651773208	1.0	9.838503266134136	9.838503266134136
36	Blautia_coccoides_YL58	PAN	Microbe	-0.9999999999997482	0.9999999999997482	-1.0	0.9999999999998741	-0.9999999999998741
45	Muribaculum_intestinale_YL27	PAN	Microbe	-1.0000000000000109	1.0000000000000109	-1.0	1.0000000000000053	-1.0000000000000053
101	PAN	Muribaculum_intestinale_YL27	Metabolite	126.68907411694309	126.68907411694309	1.0	11.255624110503295	11.255624110503295
