	Source	Target	SourceType	Weight	ABS_Weight	Sign_Weight	ABSRootWeight	SignedRootWeight
9	bc1012	Fumarate	Microbe	-0.9999999999999919	0.9999999999999919	-1.0	0.9999999999999959	-0.9999999999999959
19	O2	bc1015	Metabolite	0.15324853629752633	0.15324853629752633	1.0	0.3914697131292871	0.3914697131292871
25	Fumarate	bc1012	Metabolite	-0.7829132233182038	0.7829132233182038	-1.0	0.8848238374491296	-0.8848238374491296
33	bc1015	D-Glucose	Microbe	-0.5498210459980584	0.5498210459980584	-1.0	0.7414991881304108	-0.7414991881304108
61	bc1012	O2	Microbe	-1.000000000000045	1.000000000000045	-1.0	1.0000000000000224	-1.0000000000000224
77	O2	bc1012	Metabolite	-1.5658264466359455	1.5658264466359455	-1.0	1.2513298712313814	-1.2513298712313814
79	D-Glucose	bc1012	Metabolite	3.131652893272501	3.131652893272501	1.0	1.7696476748981707	1.7696476748981707
116	bc1012	D-Glucose	Microbe	-1.0000000000000775	1.0000000000000775	-1.0	1.0000000000000386	-1.0000000000000386
133	bc1015	O2	Microbe	-1.0	1.0	-1.0	1.0	-1.0
