	Source	Target	Weight	Metabolites	ABSWeight	SignWeight	ABSRootWeight	SignedRootWeight
bc1001->bc1009	bc1001	bc1009	-0.2506100372456258	D-Glucose	0.2506100372456258	-1.0	0.5006096655535386	-0.5006096655535386
bc1015->bc1009	bc1015	bc1009	-0.2506100372456277	D-Glucose	0.2506100372456277	-1.0	0.5006096655535405	-0.5006096655535405
bc1001->bc1015	bc1001	bc1015	-0.2787243911686635	D-Glucose	0.2787243911686635	-1.0	0.5279435492253537	-0.5279435492253537
bc1009->bc1015	bc1009	bc1015	-0.27872439116866415	D-Glucose	0.27872439116866415	-1.0	0.5279435492253544	-0.5279435492253544
bc1009->bc1001	bc1009	bc1001	-0.2776836497087041	D-Glucose	0.2776836497087041	-1.0	0.5269569714015596	-0.5269569714015596
bc1015->bc1001	bc1015	bc1001	-0.2776836497087055	D-Glucose	0.2776836497087055	-1.0	0.526956971401561	-0.526956971401561
