	Source	Target	SourceType	Weight	Variance	ABS_Weight	Sign_Weight	ABSRootWeight	SignedRootWeight
2	Acutalibacter_muris_KB1	PAN	Microbe	-1.3073632661979964	0.217856330797488	1.3073632661979964	-1.0	1.143399871522643	-1.143399871522643
26	Muribaculum_intestinale_YL27	PAN	Microbe	-0.9829256534506635	0.0002865555693209483	0.9829256534506635	-1.0	0.9914260705925901	-0.9914260705925901
51	Acutalibacter_muris_KB1	Pyridoxal	Microbe	-0.6536816330966412	0.054464082699249315	0.6536816330966412	-1.0	0.8085058027600304	-0.8085058027600304
60	Pyridoxal	Acutalibacter_muris_KB1	Metabolite	62.808621397824275	8146.985135703942	62.808621397824275	1.0	7.92518904492658	7.92518904492658
79	PAN	Muribaculum_intestinale_YL27	Metabolite	124.5259409613749	4.599251704271316	124.5259409613749	1.0	11.159119183939874	11.159119183939874
105	PAN	Acutalibacter_muris_KB1	Metabolite	63.73910486731368	2037.6587491989228	63.73910486731368	1.0	7.983677402507799	7.983677402507799
