	Source	Target	SourceType	Weight	ABS_Weight	Sign_Weight	ABSRootWeight	SignedRootWeight
30	PAN	Clostridium_innocuum_I46	Metabolite	126.6890741217191	126.6890741217191	1.0	11.255624110715456	11.255624110715456
33	PAN	Limosilactobacillus_reuteri_I49	Metabolite	96.7961465214953	96.7961465214953	1.0	9.838503266325386	9.838503266325386
58	Limosilactobacillus_reuteri_I49	PAN	Microbe	-0.9999999999999645	0.9999999999999645	-1.0	0.9999999999999822	-0.9999999999999822
80	Clostridium_innocuum_I46	PAN	Microbe	-0.9999999999998835	0.9999999999998835	-1.0	0.9999999999999417	-0.9999999999999417
