	Source	Target	SourceType	Weight	ABS_Weight	Sign_Weight	ABSRootWeight	SignedRootWeight
29	PAN	Clostridium_innocuum_I46	Metabolite	126.68907411681859	126.68907411681859	1.0	11.255624110497765	11.255624110497765
31	PAN	Limosilactobacillus_reuteri_I49	Metabolite	96.79614651571939	96.79614651571939	1.0	9.83850326603185	9.83850326603185
59	Limosilactobacillus_reuteri_I49	PAN	Microbe	-1.0000000000000202	1.0000000000000202	-1.0	1.00000000000001	-1.00000000000001
81	Clostridium_innocuum_I46	PAN	Microbe	-1.0000000000000266	1.0000000000000266	-1.0	1.0000000000000133	-1.0000000000000133
