	Source	Target	SourceType	Weight	Variance	ABS_Weight	Sign_Weight	ABSRootWeight	SignedRootWeight
16	bc1016	O2	Microbe	-0.02241703768297776	6.449550252184541e-19	0.02241703768297776	-1.0	0.14972320355568725	-0.14972320355568725
18	O2	bc1015	Metabolite	0.06406956537934753	0.006440544646813309	0.06406956537934753	1.0	0.25311966612522924	0.25311966612522924
34	bc1015	D-Glucose	Microbe	-0.8105283022085906	0.049396642622634455	0.8105283022085906	-1.0	0.9002934533853896	-0.9002934533853896
36	bc1016	D-Glucose	Microbe	-0.9999999641749775	1.2834322709877393e-15	0.9999999641749775	-1.0	0.9999999820874886	-0.9999999820874886
102	D-Glucose	bc1016	Metabolite	0.05745328564731344	4.236456241338582e-18	0.05745328564731344	1.0	0.23969415021504684	0.23969415021504684
133	bc1015	O2	Microbe	-1.4846370225451317	0.17089220371526975	1.4846370225451317	-1.0	1.218456820139775	-1.218456820139775
158	D-Glucose	bc1015	Metabolite	0.14574238081118354	0.01766720520295706	0.14574238081118354	1.0	0.3817622045346861	0.3817622045346861
