	Source	Target	SourceType	Weight	ABS_Weight	Sign_Weight	ABSRootWeight	SignedRootWeight
20	Flavonifractor_plautii_YL31	PAN	Microbe	-0.999999999979982	0.999999999979982	-1.0	0.999999999989991	-0.999999999989991
33	Flavonifractor_plautii_YL31	Riboflavin	Microbe	-0.9999999999995063	0.9999999999995063	-1.0	0.9999999999997531	-0.9999999999997531
62	Bacteroides_caecimuris_I48	Riboflavin	Microbe	-0.9999999999999974	0.9999999999999974	-1.0	0.9999999999999987	-0.9999999999999987
73	PAN	Bacteroides_caecimuris_I48	Metabolite	126.68907411628561	126.68907411628561	1.0	11.255624110474088	11.255624110474088
79	Riboflavin	Flavonifractor_plautii_YL31	Metabolite	126.68907411817997	126.68907411817997	1.0	11.25562411055824	11.25562411055824
81	Bacteroides_caecimuris_I48	PAN	Microbe	-1.0000000000000253	1.0000000000000253	-1.0	1.0000000000000127	-1.0000000000000127
