	Source	Target	SourceType	Weight	ABS_Weight	Sign_Weight	ABSRootWeight	SignedRootWeight
29	D-Glucose	bc1015	Metabolite	0.2787243911686641	0.2787243911686641	1.0	0.5279435492253542	0.5279435492253542
34	D-Glucose	bc1011	Metabolite	0.2701563170637754	0.2701563170637754	1.0	0.5197656366707744	0.5197656366707744
49	bc1015	D-Glucose	Microbe	-1.0000000000000053	1.0000000000000053	-1.0	1.0000000000000027	-1.0000000000000027
52	bc1016	D-Glucose	Microbe	-1.000000000000001	1.000000000000001	-1.0	1.0000000000000004	-1.0000000000000004
152	D-Glucose	bc1016	Metabolite	0.05745328770557882	0.05745328770557882	1.0	0.23969415450857123	0.23969415450857123
173	bc1011	D-Glucose	Microbe	-0.999999999999997	0.999999999999997	-1.0	0.9999999999999984	-0.9999999999999984
