	Source	Target	SourceType	Weight	ABS_Weight	Sign_Weight	ABSRootWeight	SignedRootWeight
0	Riboflavin	Bifidobacterium_animalis_YL2	Metabolite	96.79614651453842	96.79614651453842	1.0	9.838503265971832	9.838503265971832
65	Bacteroides_caecimuris_I48	Riboflavin	Microbe	-1.0000000000000002	1.0000000000000002	-1.0	1.0	-1.0
75	Bifidobacterium_animalis_YL2	PAN	Microbe	-1.0000000000079308	1.0000000000079308	-1.0	1.0000000000039653	-1.0000000000039653
79	PAN	Bacteroides_caecimuris_I48	Metabolite	126.68907411585164	126.68907411585164	1.0	11.25562411045481	11.25562411045481
83	Bifidobacterium_animalis_YL2	Riboflavin	Microbe	-0.9999999999990224	0.9999999999990224	-1.0	0.9999999999995112	-0.9999999999995112
85	Bacteroides_caecimuris_I48	PAN	Microbe	-0.9999999999998952	0.9999999999998952	-1.0	0.9999999999999476	-0.9999999999999476
