	Source	Target	SourceType	Weight	ABS_Weight	Sign_Weight	ABSRootWeight	SignedRootWeight
46	Akkermansia_muciniphilaYL44	Riboflavin	Microbe	-1.0000000000000826	1.0000000000000826	-1.0	1.0000000000000413	-1.0000000000000413
47	Clostridium_innocuum_I46	Riboflavin	Microbe	-1.000000000000016	1.000000000000016	-1.0	1.000000000000008	-1.000000000000008
71	Riboflavin	Clostridium_innocuum_I46	Metabolite	126.68907411862452	126.68907411862452	1.0	11.255624110577989	11.255624110577989
86	Riboflavin	Akkermansia_muciniphilaYL44	Metabolite	126.68907411795689	126.68907411795689	1.0	11.25562411054833	11.25562411054833
