	Source	Target	SourceType	Weight	ABS_Weight	Sign_Weight	ABSRootWeight	SignedRootWeight
19	Muribaculum_intestinale_YL27	Riboflavin	Microbe	-0.9999999999999996	0.9999999999999996	-1.0	0.9999999999999998	-0.9999999999999998
25	Flavonifractor_plautii_YL31	PAN	Microbe	-0.9999999999770777	0.9999999999770777	-1.0	0.9999999999885388	-0.9999999999885388
33	Flavonifractor_plautii_YL31	Riboflavin	Microbe	-1.000000000000016	1.000000000000016	-1.0	1.000000000000008	-1.000000000000008
39	Muribaculum_intestinale_YL27	PAN	Microbe	-1.0000000000000815	1.0000000000000815	-1.0	1.0000000000000406	-1.0000000000000406
78	Riboflavin	Flavonifractor_plautii_YL31	Metabolite	126.68907411751327	126.68907411751327	1.0	11.255624110528624	11.255624110528624
99	PAN	Muribaculum_intestinale_YL27	Metabolite	126.68907411844015	126.68907411844015	1.0	11.255624110569798	11.255624110569798
