	Source	Target	SourceType	Weight	ABS_Weight	Sign_Weight	ABSRootWeight	SignedRootWeight
3	Riboflavin	Bacteroides_caecimuris_I48	Metabolite	126.68907411745595	126.68907411745595	1.0	11.255624110526076	11.255624110526076
14	Clostridium_innocuum_I46	Folate-e0	Microbe	-0.999999999999973	0.999999999999973	-1.0	0.9999999999999865	-0.9999999999999865
17	Folate-e0	Clostridium_innocuum_I46	Metabolite	84.45938274332696	84.45938274332696	1.0	9.190178602362794	9.190178602362794
45	Clostridium_innocuum_I46	Riboflavin	Microbe	-0.6666666666599428	0.6666666666599428	-1.0	0.8164965809236086	-0.8164965809236086
69	Bacteroides_caecimuris_I48	Riboflavin	Microbe	-1.0000000000000133	1.0000000000000133	-1.0	1.0000000000000067	-1.0000000000000067
