	Source	Target	SourceType	Weight	ABS_Weight	Sign_Weight	ABSRootWeight	SignedRootWeight
26	PAN	Limosilactobacillus_reuteri_I49	Metabolite	96.79614651677983	96.79614651677983	1.0	9.838503266085743	9.838503266085743
40	Akkermansia_muciniphilaYL44	PAN	Microbe	-0.9999999999900072	0.9999999999900072	-1.0	0.9999999999950036	-0.9999999999950036
49	Akkermansia_muciniphilaYL44	Riboflavin	Microbe	-0.999999999999968	0.999999999999968	-1.0	0.999999999999984	-0.999999999999984
50	Limosilactobacillus_reuteri_I49	PAN	Microbe	-1.0000000000000218	1.0000000000000218	-1.0	1.0000000000000109	-1.0000000000000109
62	Limosilactobacillus_reuteri_I49	Riboflavin	Microbe	-1.0	1.0	-1.0	1.0	-1.0
99	Riboflavin	Akkermansia_muciniphilaYL44	Metabolite	126.68907411746463	126.68907411746463	1.0	11.255624110526464	11.255624110526464
