	Source	Target	SourceType	Weight	ABS_Weight	Sign_Weight	ABSRootWeight	SignedRootWeight
0	Riboflavin	Bifidobacterium_animalis_YL2	Metabolite	96.79614651719702	96.79614651719702	1.0	9.838503266106944	9.838503266106944
17	Acutalibacter_muris_KB1	Riboflavin	Microbe	2.429261364544879	2.429261364544879	1.0	1.5586087913728959	1.5586087913728959
73	Acutalibacter_muris_KB1	Pyridoxal	Microbe	-1.0000000000009885	1.0000000000009885	-1.0	1.0000000000004943	-1.0000000000004943
84	Bifidobacterium_animalis_YL2	Riboflavin	Microbe	-0.9999999999999905	0.9999999999999905	-1.0	0.9999999999999952	-0.9999999999999952
86	Pyridoxal	Acutalibacter_muris_KB1	Metabolite	193.59229303373968	193.59229303373968	1.0	13.913744752356918	13.913744752356918
