	Source	Target	SourceType	Weight	ABS_Weight	Sign_Weight	ABSRootWeight	SignedRootWeight
21	Enterococcus_faecalis_KB1	PAN	Microbe	-0.9999999988274413	0.9999999988274413	-1.0	0.9999999994137206	-0.9999999994137206
27	PAN	Clostridium_innocuum_I46	Metabolite	126.6890741177103	126.6890741177103	1.0	11.255624110537376	11.255624110537376
63	Clostridium_innocuum_I46	PAN	Microbe	-0.9999999999999729	0.9999999999999729	-1.0	0.9999999999999865	-0.9999999999999865
69	Riboflavin-e0	Enterococcus_faecalis_KB1	Metabolite	96.79614640350854	96.79614640350854	1.0	9.838503260329212	9.838503260329212
73	Enterococcus_faecalis_KB1	Riboflavin-e0	Microbe	-1.0000000000000666	1.0000000000000666	-1.0	1.0000000000000333	-1.0000000000000333
