	Source	Target	SourceType	Weight	ABS_Weight	Sign_Weight	ABSRootWeight	SignedRootWeight
40	Muribaculum_intestinale_YL27	PAN	Microbe	-0.9999999999998792	0.9999999999998792	-1.0	0.9999999999999396	-0.9999999999999396
66	Enterocloster_clostridioformis_YL32	PAN	Microbe	-1.0000000000001759	1.0000000000001759	-1.0	1.000000000000088	-1.000000000000088
92	PAN	Enterocloster_clostridioformis_YL32	Metabolite	126.68907411981203	126.68907411981203	1.0	11.25562411063074	11.25562411063074
95	PAN	Muribaculum_intestinale_YL27	Metabolite	126.6890741172868	126.6890741172868	1.0	11.255624110518562	11.255624110518562
