	Source	Target	SourceType	Weight	ABS_Weight	Sign_Weight	ABSRootWeight	SignedRootWeight
16	PAN	Blautia_coccoides_YL58	Metabolite	96.79614652208973	96.79614652208973	1.0	9.838503266355596	9.838503266355596
38	Blautia_coccoides_YL58	PAN	Microbe	-0.999999999999968	0.999999999999968	-1.0	0.999999999999984	-0.999999999999984
49	N-acetyl-D-gluosamine	Enterocloster_clostridioformis_YL32	Metabolite	18.117340654773393	18.117340654773393	1.0	4.256446951951051	4.256446951951051
69	Enterocloster_clostridioformis_YL32	PAN	Microbe	-0.14300633879577823	0.14300633879577823	-1.0	0.3781617891799464	-0.3781617891799464
97	Enterocloster_clostridioformis_YL32	N-acetyl-D-gluosamine	Microbe	-1.0000000000000036	1.0000000000000036	-1.0	1.0000000000000018	-1.0000000000000018
