	Source	Target	SourceType	Weight	ABS_Weight	Sign_Weight	ABSRootWeight	SignedRootWeight
5	Acutalibacter_muris_KB1	PAN	Microbe	-1.0000000000000218	1.0000000000000218	-1.0	1.0000000000000109	-1.0000000000000109
20	PAN	Clostridium_innocuum_I46	Metabolite	126.68907411773955	126.68907411773955	1.0	11.255624110538676	11.255624110538676
46	PAN	Acutalibacter_muris_KB1	Metabolite	96.79614651611544	96.79614651611544	1.0	9.838503266051978	9.838503266051978
63	Clostridium_innocuum_I46	PAN	Microbe	-1.0000000000000309	1.0000000000000309	-1.0	1.0000000000000153	-1.0000000000000153
