	Source	Target	SourceType	Weight	ABS_Weight	Sign_Weight	ABSRootWeight	SignedRootWeight
34	Flavonifractor_plautii_YL31	PAN	Microbe	-1.0000000000004532	1.0000000000004532	-1.0	1.0000000000002265	-1.0000000000002265
59	Thiamin-e0	Clostridium_innocuum_I46	Metabolite	253.3781481078002	253.3781481078002	1.0	15.917856266086844	15.917856266086844
62	PAN	Flavonifractor_plautii_YL31	Metabolite	126.68907411862463	126.68907411862463	1.0	11.255624110577992	11.255624110577992
70	Clostridium_innocuum_I46	PAN	Microbe	-1.9999999989012236	1.9999999989012236	-1.0	1.414213561984619	-1.414213561984619
94	Clostridium_innocuum_I46	Thiamin-e0	Microbe	-1.0000000000000793	1.0000000000000793	-1.0	1.0000000000000395	-1.0000000000000395
