	Source	Target	Weight	Metabolites	ABSWeight	SignWeight	ABSRootWeight	SignedRootWeight
bc1011->bc1012	bc1011	bc1012	-0.10090115430414165	O2.D-Glucose	0.10090115430414165	-1.0	0.3176494204372828	-0.3176494204372828
bc1012->bc1011	bc1012	bc1011	-0.15278557913560173	O2	0.15278557913560173	-1.0	0.39087795938835146	-0.39087795938835146
