	Source	Target	SourceType	Weight	ABS_Weight	Sign_Weight	ABSRootWeight	SignedRootWeight
45	Clostridium_innocuum_I46	Riboflavin	Microbe	-0.9999999999999686	0.9999999999999686	-1.0	0.9999999999999842	-0.9999999999999842
65	Clostridium_innocuum_I46	PAN	Microbe	-1.000000000008575	1.000000000008575	-1.0	1.0000000000042875	-1.0000000000042875
70	Bacteroides_caecimuris_I48	Riboflavin	Microbe	-0.9999999999999998	0.9999999999999998	-1.0	0.9999999999999999	-0.9999999999999999
80	Riboflavin	Clostridium_innocuum_I46	Metabolite	126.68907411867663	126.68907411867663	1.0	11.255624110580303	11.255624110580303
82	PAN	Bacteroides_caecimuris_I48	Metabolite	126.68907411634663	126.68907411634663	1.0	11.255624110476798	11.255624110476798
89	Bacteroides_caecimuris_I48	PAN	Microbe	-0.9999999999998748	0.9999999999998748	-1.0	0.9999999999999374	-0.9999999999999374
