	Source	Target	SourceType	Weight	ABS_Weight	Sign_Weight	ABSRootWeight	SignedRootWeight
20	Flavonifractor_plautii_YL31	PAN	Microbe	-0.9999999999869962	0.9999999999869962	-1.0	0.9999999999934981	-0.9999999999934981
34	Flavonifractor_plautii_YL31	Riboflavin	Microbe	-1.0000000000003932	1.0000000000003932	-1.0	1.0000000000001965	-1.0000000000001965
64	Bacteroides_caecimuris_I48	Riboflavin	Microbe	-0.9999999999999994	0.9999999999999994	-1.0	0.9999999999999997	-0.9999999999999997
76	PAN	Bacteroides_caecimuris_I48	Metabolite	126.68907411731047	126.68907411731047	1.0	11.255624110519614	11.255624110519614
82	Riboflavin	Flavonifractor_plautii_YL31	Metabolite	126.68907412034523	126.68907412034523	1.0	11.255624110654425	11.255624110654425
84	Bacteroides_caecimuris_I48	PAN	Microbe	-0.9999999999999688	0.9999999999999688	-1.0	0.9999999999999843	-0.9999999999999843
