	Source	Target	SourceType	Weight	ABS_Weight	Sign_Weight	ABSRootWeight	SignedRootWeight
4	Riboflavin	Bifidobacterium_animalis_YL2	Metabolite	96.79614651722424	96.79614651722424	1.0	9.838503266108328	9.838503266108328
13	PAN	Blautia_coccoides_YL58	Metabolite	96.79614652051093	96.79614652051093	1.0	9.83850326627536	9.83850326627536
36	Blautia_coccoides_YL58	PAN	Microbe	-0.9999999999999503	0.9999999999999503	-1.0	0.9999999999999751	-0.9999999999999751
51	Blautia_coccoides_YL58	Riboflavin	Microbe	-1.0000000000000007	1.0000000000000007	-1.0	1.0000000000000002	-1.0000000000000002
72	Bifidobacterium_animalis_YL2	PAN	Microbe	-1.000000000001697	1.000000000001697	-1.0	1.0000000000008484	-1.0000000000008484
83	Bifidobacterium_animalis_YL2	Riboflavin	Microbe	-0.9999999999998503	0.9999999999998503	-1.0	0.9999999999999252	-0.9999999999999252
