	Source	Target	SourceType	Weight	ABS_Weight	Sign_Weight	ABSRootWeight	SignedRootWeight
28	PAN	Clostridium_innocuum_I46	Metabolite	126.68907411793067	126.68907411793067	1.0	11.255624110547165	11.255624110547165
31	PAN	Limosilactobacillus_reuteri_I49	Metabolite	96.79614652126436	96.79614652126436	1.0	9.83850326631365	9.83850326631365
56	Limosilactobacillus_reuteri_I49	PAN	Microbe	-0.9999999999998391	0.9999999999998391	-1.0	0.9999999999999195	-0.9999999999999195
78	Clostridium_innocuum_I46	PAN	Microbe	-0.9999999999999161	0.9999999999999161	-1.0	0.999999999999958	-0.999999999999958
