	Source	Target	SourceType	Weight	ABS_Weight	Sign_Weight	ABSRootWeight	SignedRootWeight
6	Riboflavin	Turicimonas_muris_YL45	Metabolite	126.68907411739079	126.68907411739079	1.0	11.255624110523183	11.255624110523183
39	Turicimonas_muris_YL45	PAN	Microbe	-1.0000000000479423	1.0000000000479423	-1.0	1.000000000023971	-1.000000000023971
45	Turicimonas_muris_YL45	Riboflavin	Microbe	-0.9999999999997204	0.9999999999997204	-1.0	0.9999999999998602	-0.9999999999998602
65	Bacteroides_caecimuris_I48	Riboflavin	Microbe	-1.0000000000000002	1.0000000000000002	-1.0	1.0	-1.0
74	PAN	Bacteroides_caecimuris_I48	Metabolite	126.68907411585164	126.68907411585164	1.0	11.25562411045481	11.25562411045481
81	Bacteroides_caecimuris_I48	PAN	Microbe	-0.9999999999998952	0.9999999999998952	-1.0	0.9999999999999476	-0.9999999999999476
