	MetConSIN	DirectDFBA	Difference	ABS_Difference	SameSign
bc1011##H2O	3.611925806999925	-1e-08	3.611925816999925	3.611925816999925	-1.0
bc1010##H2O	2.7776837648651838	-1e-08	2.7776837748651837	2.7776837748651837	-1.0
