	Source	Target	SourceType	Weight	ABS_Weight	Sign_Weight	ABSRootWeight	SignedRootWeight
2	Riboflavin	Bifidobacterium_animalis_YL2	Metabolite	96.79614651724023	96.79614651724023	1.0	9.838503266109141	9.838503266109141
25	PAN	Limosilactobacillus_reuteri_I49	Metabolite	96.79614651701462	96.79614651701462	1.0	9.838503266097675	9.838503266097675
50	Limosilactobacillus_reuteri_I49	PAN	Microbe	-1.0000000000000684	1.0000000000000684	-1.0	1.0000000000000342	-1.0000000000000342
63	Limosilactobacillus_reuteri_I49	Riboflavin	Microbe	-1.0000000000000002	1.0000000000000002	-1.0	1.0	-1.0
85	Bifidobacterium_animalis_YL2	PAN	Microbe	-1.0000000000020597	1.0000000000020597	-1.0	1.0000000000010298	-1.0000000000010298
96	Bifidobacterium_animalis_YL2	Riboflavin	Microbe	-0.9999999999999636	0.9999999999999636	-1.0	0.9999999999999818	-0.9999999999999818
