	Source	Target	SourceType	Weight	ABS_Weight	Sign_Weight	ABSRootWeight	SignedRootWeight
15	PAN	Blautia_coccoides_YL58	Metabolite	96.7961464979935	96.7961464979935	1.0	9.838503265131008	9.838503265131008
36	Blautia_coccoides_YL58	PAN	Microbe	-0.9999999999998926	0.9999999999998926	-1.0	0.9999999999999463	-0.9999999999999463
45	Muribaculum_intestinale_YL27	PAN	Microbe	-0.9999999999998147	0.9999999999998147	-1.0	0.9999999999999073	-0.9999999999999073
102	PAN	Muribaculum_intestinale_YL27	Metabolite	126.68907411700006	126.68907411700006	1.0	11.255624110505826	11.255624110505826
