	Source	Target	SourceType	Weight	ABS_Weight	Sign_Weight	ABSRootWeight	SignedRootWeight
5	bc1010	D-Glucose	Microbe	-1.0000000000000004	1.0000000000000004	-1.0	1.0000000000000002	-1.0000000000000002
42	bc1002	D-Glucose	Microbe	-1.0000000000000038	1.0000000000000038	-1.0	1.0000000000000018	-1.0000000000000018
47	D-Glucose	bc1015	Metabolite	0.25030228184986614	0.25030228184986614	1.0	0.5003021905307493	0.5003021905307493
58	D-Glucose	bc1011	Metabolite	0.2701563170637754	0.2701563170637754	1.0	0.5197656366707744	0.5197656366707744
68	bc1015	D-Glucose	Microbe	-1.0000000000000067	1.0000000000000067	-1.0	1.0000000000000033	-1.0000000000000033
84	D-Glucose	bc1010	Metabolite	0.2697048295392189	0.2697048295392189	1.0	0.5193311366933615	0.5193311366933615
153	D-Glucose	bc1002	Metabolite	0.27087086964738327	0.27087086964738327	1.0	0.520452562341068	0.520452562341068
226	bc1011	D-Glucose	Microbe	-0.999999999999997	0.999999999999997	-1.0	0.9999999999999984	-0.9999999999999984
