	Source	Target	SourceType	Weight	ABS_Weight	Sign_Weight	ABSRootWeight	SignedRootWeight
14	PAN	Blautia_coccoides_YL58	Metabolite	96.79614652216222	96.79614652216222	1.0	9.83850326635928	9.83850326635928
33	Akkermansia_muciniphilaYL44	PAN	Microbe	-1.0000000000059341	1.0000000000059341	-1.0	1.000000000002967	-1.000000000002967
38	Blautia_coccoides_YL58	PAN	Microbe	-1.0000000000000093	1.0000000000000093	-1.0	1.0000000000000047	-1.0000000000000047
44	Akkermansia_muciniphilaYL44	Riboflavin	Microbe	-0.999999999999818	0.999999999999818	-1.0	0.999999999999909	-0.999999999999909
50	Blautia_coccoides_YL58	Riboflavin	Microbe	-1.0000000000000013	1.0000000000000013	-1.0	1.0000000000000007	-1.0000000000000007
87	Riboflavin	Akkermansia_muciniphilaYL44	Metabolite	126.68907411769374	126.68907411769374	1.0	11.25562411053664	11.25562411053664
