	Source	Target	SourceType	Weight	ABS_Weight	Sign_Weight	ABSRootWeight	SignedRootWeight
20	Muribaculum_intestinale_YL27	Riboflavin	Microbe	-0.9999999999999213	0.9999999999999213	-1.0	0.9999999999999606	-0.9999999999999606
52	Riboflavin	Muribaculum_intestinale_YL27	Metabolite	126.68907411773904	126.68907411773904	1.0	11.255624110538653	11.255624110538653
63	Riboflavin-e0	Enterococcus_faecalis_KB1	Metabolite	96.7961465311724	96.7961465311724	1.0	9.838503266817185	9.838503266817185
66	Enterococcus_faecalis_KB1	Riboflavin-e0	Microbe	-0.9999999999999907	0.9999999999999907	-1.0	0.9999999999999953	-0.9999999999999953
