	Source	Target	SourceType	Weight	ABS_Weight	Sign_Weight	ABSRootWeight	SignedRootWeight
17	PAN	Blautia_coccoides_YL58	Metabolite	96.79614652124386	96.79614652124386	1.0	9.838503266312609	9.838503266312609
27	PAN	Clostridium_innocuum_I46	Metabolite	126.68907411838975	126.68907411838975	1.0	11.25562411056756	11.25562411056756
45	Blautia_coccoides_YL58	PAN	Microbe	-0.9999999999997988	0.9999999999997988	-1.0	0.9999999999998994	-0.9999999999998994
70	Clostridium_innocuum_I46	PAN	Microbe	-1.0000000000000429	1.0000000000000429	-1.0	1.0000000000000213	-1.0000000000000213
