	Source	Target	SourceType	Weight	ABS_Weight	Sign_Weight	ABSRootWeight	SignedRootWeight
0	Riboflavin	Bifidobacterium_animalis_YL2	Metabolite	96.79614651726389	96.79614651726389	1.0	9.838503266110344	9.838503266110344
22	Clostridium_innocuum_I46	Folate-e0	Microbe	-0.9999999999999666	0.9999999999999666	-1.0	0.9999999999999832	-0.9999999999999832
24	Folate-e0	Clostridium_innocuum_I46	Metabolite	84.459382744105	84.459382744105	1.0	9.190178602405124	9.190178602405124
47	Clostridium_innocuum_I46	Riboflavin	Microbe	-0.6666666666408899	0.6666666666408899	-1.0	0.8164965809119411	-0.8164965809119411
90	Bifidobacterium_animalis_YL2	Riboflavin	Microbe	-1.0000000000001228	1.0000000000001228	-1.0	1.0000000000000613	-1.0000000000000613
