	Source	Target	SourceType	Weight	ABS_Weight	Sign_Weight	ABSRootWeight	SignedRootWeight
12	PAN	Blautia_coccoides_YL58	Metabolite	96.79614652167574	96.79614652167574	1.0	9.838503266334557	9.838503266334557
34	Blautia_coccoides_YL58	PAN	Microbe	-0.9999999999999984	0.9999999999999984	-1.0	0.9999999999999992	-0.9999999999999992
71	PAN	Bacteroides_caecimuris_I48	Metabolite	126.68907411542664	126.68907411542664	1.0	11.25562411043593	11.25562411043593
78	Bacteroides_caecimuris_I48	PAN	Microbe	-1.0000000000000535	1.0000000000000535	-1.0	1.0000000000000266	-1.0000000000000266
