	Source	Target	SourceType	Weight	ABS_Weight	Sign_Weight	ABSRootWeight	SignedRootWeight
8	Riboflavin	Turicimonas_muris_YL45	Metabolite	126.68907411797956	126.68907411797956	1.0	11.255624110549338	11.255624110549338
51	Turicimonas_muris_YL45	Riboflavin	Microbe	-0.9999999999969066	0.9999999999969066	-1.0	0.9999999999984532	-0.9999999999984532
86	Enterocloster_clostridioformis_YL32	Thiamin-e0	Microbe	-1.0000000000001306	1.0000000000001306	-1.0	1.0000000000000653	-1.0000000000000653
98	Thiamin-e0	Enterocloster_clostridioformis_YL32	Metabolite	253.3781482472997	253.3781482472997	1.0	15.917856270468699	15.917856270468699
