	Source	Target	SourceType	Weight	ABS_Weight	Sign_Weight	ABSRootWeight	SignedRootWeight
14	PAN	Blautia_coccoides_YL58	Metabolite	96.79614652098311	96.79614652098311	1.0	9.838503266299357	9.838503266299357
31	Akkermansia_muciniphilaYL44	PAN	Microbe	-0.9999999999866743	0.9999999999866743	-1.0	0.9999999999933371	-0.9999999999933371
36	Blautia_coccoides_YL58	PAN	Microbe	-1.0000000000000253	1.0000000000000253	-1.0	1.0000000000000127	-1.0000000000000127
42	Akkermansia_muciniphilaYL44	Riboflavin	Microbe	-0.9999999999997177	0.9999999999997177	-1.0	0.9999999999998588	-0.9999999999998588
48	Blautia_coccoides_YL58	Riboflavin	Microbe	-1.0000000000000002	1.0000000000000002	-1.0	1.0	-1.0
82	Riboflavin	Akkermansia_muciniphilaYL44	Metabolite	126.6890741174256	126.6890741174256	1.0	11.25562411052473	11.25562411052473
