	Source	Target	SourceType	Weight	ABS_Weight	Sign_Weight	ABSRootWeight	SignedRootWeight
0	Enterococcus_faecalis_KB1	N-Acetyl-D-glucosamine-e0	Microbe	-1.0000000000000073	1.0000000000000073	-1.0	1.0000000000000036	-1.0000000000000036
37	N-Acetyl-D-glucosamine-e0	Enterococcus_faecalis_KB1	Metabolite	4.804135289555284	4.804135289555284	1.0	2.1918337732490767	2.1918337732490767
69	Acutalibacter_muris_KB1	Pyridoxal	Microbe	-1.0000000000001825	1.0000000000001825	-1.0	1.0000000000000913	-1.0000000000000913
82	Pyridoxal	Acutalibacter_muris_KB1	Metabolite	193.5922930336292	193.5922930336292	1.0	13.913744752352947	13.913744752352947
87	Enterococcus_faecalis_KB1	Pyridoxal	Microbe	-0.024815736279152744	0.024815736279152744	-1.0	0.15753011229334138	-0.15753011229334138
