	Source	Target	SourceType	Weight	ABS_Weight	Sign_Weight	ABSRootWeight	SignedRootWeight
27	Bacteroides_caecimuris_I48	Folate	Microbe	-1.0000000000000684	1.0000000000000684	-1.0	1.0000000000000342	-1.0000000000000342
53	Folate	Bacteroides_caecimuris_I48	Metabolite	84.45938272053168	84.45938272053168	1.0	9.190178601122597	9.190178601122597
67	Enterocloster_clostridioformis_YL32	PAN	Microbe	-0.9999999999999394	0.9999999999999394	-1.0	0.9999999999999697	-0.9999999999999697
78	Bacteroides_caecimuris_I48	PAN	Microbe	-0.6666666664829223	0.6666666664829223	-1.0	0.816496580815206	-0.816496580815206
93	PAN	Enterocloster_clostridioformis_YL32	Metabolite	126.68907411979959	126.68907411979959	1.0	11.255624110630187	11.255624110630187
