	Source	Target	SourceType	Weight	ABS_Weight	Sign_Weight	ABSRootWeight	SignedRootWeight
4	Acutalibacter_muris_KB1	PAN	Microbe	-1.000000000000158	1.000000000000158	-1.0	1.000000000000079	-1.000000000000079
35	Muribaculum_intestinale_YL27	PAN	Microbe	-1.000000000000048	1.000000000000048	-1.0	1.000000000000024	-1.000000000000024
42	PAN	Acutalibacter_muris_KB1	Metabolite	96.7961465165608	96.7961465165608	1.0	9.83850326607461	9.83850326607461
101	PAN	Muribaculum_intestinale_YL27	Metabolite	126.68907411684314	126.68907411684314	1.0	11.255624110498855	11.255624110498855
