	Source	Target	Weight	Metabolites	ABSWeight	SignWeight	ABSRootWeight	SignedRootWeight
bc1010->bc1012	bc1010	bc1012	-0.11718534812633476	D-Glucose.O2	0.11718534812633476	-1.0	0.34232345541364056	-0.34232345541364056
bc1012->bc1010	bc1012	bc1010	-0.15252946972194445	O2	0.15252946972194445	-1.0	0.3905502140851346	-0.3905502140851346
