	Source	Target	SourceType	Weight	ABS_Weight	Sign_Weight	ABSRootWeight	SignedRootWeight
15	PAN	Blautia_coccoides_YL58	Metabolite	96.79614651782661	96.79614651782661	1.0	9.838503266138941	9.838503266138941
39	Blautia_coccoides_YL58	PAN	Microbe	-0.9999999999999843	0.9999999999999843	-1.0	0.9999999999999921	-0.9999999999999921
48	Muribaculum_intestinale_YL27	PAN	Microbe	-0.9999999999999498	0.9999999999999498	-1.0	0.9999999999999749	-0.9999999999999749
107	PAN	Muribaculum_intestinale_YL27	Metabolite	126.68907411690726	126.68907411690726	1.0	11.255624110501703	11.255624110501703
