	Source	Target	Weight	Metabolites	ABSWeight	SignWeight	ABSRootWeight	SignedRootWeight
bc1008->bc1012	bc1008	bc1012	-3.09655170125536	D-Glucose.O2	3.09655170125536	-1.0	1.7597021626557603	-1.7597021626557603
bc1010->bc1012	bc1010	bc1012	-0.20492039833659842	D-Glucose.O2.Fumarate	0.20492039833659842	-1.0	0.45268134304011076	-0.45268134304011076
bc1008->bc1010	bc1008	bc1010	-0.0034192590176268323	O2	0.0034192590176268323	-1.0	0.058474430460046654	-0.058474430460046654
bc1012->bc1010	bc1012	bc1010	-0.152529469721917	O2	0.152529469721917	-1.0	0.39055021408509943	-0.39055021408509943
bc1010->bc1008	bc1010	bc1008	-0.03249226046660573	D-Glucose	0.03249226046660573	-1.0	0.18025609689163286	-0.18025609689163286
bc1012->bc1008	bc1012	bc1008	-0.05745328811845801	D-Glucose	0.05745328811845801	-1.0	0.23969415536983377	-0.23969415536983377
