	Source	Target	SourceType	Weight	ABS_Weight	Sign_Weight	ABSRootWeight	SignedRootWeight
16	PAN	Limosilactobacillus_reuteri_I49	Metabolite	96.7961465172219	96.7961465172219	1.0	9.838503266108209	9.838503266108209
32	Muribaculum_intestinale_YL27	PAN	Microbe	-1.0000000000001044	1.0000000000001044	-1.0	1.0000000000000522	-1.0000000000000522
37	Limosilactobacillus_reuteri_I49	PAN	Microbe	-1.000000000000205	1.000000000000205	-1.0	1.0000000000001024	-1.0000000000001024
85	PAN	Muribaculum_intestinale_YL27	Metabolite	126.68907411838646	126.68907411838646	1.0	11.255624110567412	11.255624110567412
