	Source	Target	SourceType	Weight	ABS_Weight	Sign_Weight	ABSRootWeight	SignedRootWeight
15	Acutalibacter_muris_KB1	Riboflavin	Microbe	2.429261364544314	2.429261364544314	1.0	1.5586087913727147	1.5586087913727147
31	Akkermansia_muciniphilaYL44	Riboflavin	Microbe	-1.0000000000001932	1.0000000000001932	-1.0	1.0000000000000966	-1.0000000000000966
54	Acutalibacter_muris_KB1	Pyridoxal	Microbe	-1.0000000000009155	1.0000000000009155	-1.0	1.0000000000004576	-1.0000000000004576
66	Pyridoxal	Acutalibacter_muris_KB1	Metabolite	193.59229303371148	193.59229303371148	1.0	13.913744752355905	13.913744752355905
78	Riboflavin	Akkermansia_muciniphilaYL44	Metabolite	126.6890741174977	126.6890741174977	1.0	11.255624110527933	11.255624110527933
