	Source	Target	SourceType	Weight	ABS_Weight	Sign_Weight	ABSRootWeight	SignedRootWeight
1	Turicimonas_muris_YL45	Pyridoxal	Microbe	-0.49999999999689765	0.49999999999689765	-1.0	0.7071067811843539	-0.7071067811843539
5	Riboflavin	Turicimonas_muris_YL45	Metabolite	126.68907411748705	126.68907411748705	1.0	11.255624110527458	11.255624110527458
14	Acutalibacter_muris_KB1	Riboflavin	Microbe	2.429261364544427	2.429261364544427	1.0	1.5586087913727509	1.5586087913727509
33	Turicimonas_muris_YL45	Riboflavin	Microbe	-1.000000000000344	1.000000000000344	-1.0	1.0000000000001719	-1.0000000000001719
55	Acutalibacter_muris_KB1	Pyridoxal	Microbe	-1.0000000000000917	1.0000000000000917	-1.0	1.0000000000000457	-1.0000000000000457
62	Pyridoxal	Acutalibacter_muris_KB1	Metabolite	193.59229303374173	193.59229303374173	1.0	13.913744752356992	13.913744752356992
