	Source	Target	SourceType	Weight	ABS_Weight	Sign_Weight	ABSRootWeight	SignedRootWeight
24	PAN	Clostridium_innocuum_I46	Metabolite	126.68907409785962	126.68907409785962	1.0	11.255624109655564	11.255624109655564
38	Akkermansia_muciniphilaYL44	PAN	Microbe	-1.0000000000190727	1.0000000000190727	-1.0	1.0000000000095364	-1.0000000000095364
48	Akkermansia_muciniphilaYL44	Riboflavin	Microbe	-1.000000000000061	1.000000000000061	-1.0	1.0000000000000304	-1.0000000000000304
49	Clostridium_innocuum_I46	Riboflavin	Microbe	-0.9999999999999838	0.9999999999999838	-1.0	0.9999999999999919	-0.9999999999999919
65	Clostridium_innocuum_I46	PAN	Microbe	-1.000000000004784	1.000000000004784	-1.0	1.0000000000023919	-1.0000000000023919
89	Riboflavin	Akkermansia_muciniphilaYL44	Metabolite	126.68907411774377	126.68907411774377	1.0	11.255624110538863	11.255624110538863
