	Source	Target	SourceType	Weight	ABS_Weight	Sign_Weight	ABSRootWeight	SignedRootWeight
19	Muribaculum_intestinale_YL27	Riboflavin	Microbe	-0.9999999999999996	0.9999999999999996	-1.0	0.9999999999999998	-0.9999999999999998
26	Flavonifractor_plautii_YL31	PAN	Microbe	-0.9999999999880278	0.9999999999880278	-1.0	0.9999999999940139	-0.9999999999940139
34	Flavonifractor_plautii_YL31	Riboflavin	Microbe	-0.9999999999997269	0.9999999999997269	-1.0	0.9999999999998634	-0.9999999999998634
40	Muribaculum_intestinale_YL27	PAN	Microbe	-1.0000000000000815	1.0000000000000815	-1.0	1.0000000000000406	-1.0000000000000406
79	Riboflavin	Flavonifractor_plautii_YL31	Metabolite	126.68907411660555	126.68907411660555	1.0	11.2556241104883	11.2556241104883
101	PAN	Muribaculum_intestinale_YL27	Metabolite	126.68907411844015	126.68907411844015	1.0	11.255624110569798	11.255624110569798
