	Source	Target	SourceType	Weight	ABS_Weight	Sign_Weight	ABSRootWeight	SignedRootWeight
24	D-Glucose	bc1011	Metabolite	0.2701563170637754	0.2701563170637754	1.0	0.5197656366707744	0.5197656366707744
52	bc1012	O2	Microbe	-0.9999999999999978	0.9999999999999978	-1.0	0.9999999999999989	-0.9999999999999989
53	bc1011	O2	Microbe	-1.7682056028599495	1.7682056028599495	-1.0	1.3297389228190433	-1.3297389228190433
74	O2	bc1012	Metabolite	0.027163276724813598	0.027163276724813598	1.0	0.16481285363955567	0.16481285363955567
76	D-Glucose	bc1012	Metabolite	0.13038372827877068	0.13038372827877068	1.0	0.3610868708202649	0.3610868708202649
109	bc1012	D-Glucose	Microbe	-1.0000000000000027	1.0000000000000027	-1.0	1.0000000000000013	-1.0000000000000013
110	bc1011	D-Glucose	Microbe	-0.999999999999997	0.999999999999997	-1.0	0.9999999999999984	-0.9999999999999984
