	Source	Target	SourceType	Weight	ABS_Weight	Sign_Weight	ABSRootWeight	SignedRootWeight
18	Clostridium_innocuum_I46	N-Acetyl-D-glucosamine-e0	Microbe	-0.9999999999999951	0.9999999999999951	-1.0	0.9999999999999976	-0.9999999999999976
37	N-Acetyl-D-glucosamine-e0	Clostridium_innocuum_I46	Metabolite	18.117340654706577	18.117340654706577	1.0	4.256446951943202	4.256446951943202
69	Clostridium_innocuum_I46	PAN	Microbe	-0.1430063387936106	0.1430063387936106	-1.0	0.3781617891770804	-0.3781617891770804
73	Enterocloster_clostridioformis_YL32	PAN	Microbe	-1.000000000000287	1.000000000000287	-1.0	1.0000000000001434	-1.0000000000001434
97	PAN	Enterocloster_clostridioformis_YL32	Metabolite	126.68907411983177	126.68907411983177	1.0	11.255624110631617	11.255624110631617
