	Source	Target	SourceType	Weight	ABS_Weight	Sign_Weight	ABSRootWeight	SignedRootWeight
24	PAN	Clostridium_innocuum_I46	Metabolite	126.68907411914006	126.68907411914006	1.0	11.25562411060089	11.25562411060089
27	PAN	Limosilactobacillus_reuteri_I49	Metabolite	96.79614651716369	96.79614651716369	1.0	9.838503266105251	9.838503266105251
52	Limosilactobacillus_reuteri_I49	PAN	Microbe	-0.9999999999998995	0.9999999999998995	-1.0	0.9999999999999497	-0.9999999999999497
73	Clostridium_innocuum_I46	PAN	Microbe	-0.9999999999992212	0.9999999999992212	-1.0	0.9999999999996105	-0.9999999999996105
