	Source	Target	SourceType	Weight	ABS_Weight	Sign_Weight	ABSRootWeight	SignedRootWeight
19	Enterococcus_faecalis_KB1	PAN	Microbe	-1.0000000000367666	1.0000000000367666	-1.0	1.0000000000183833	-1.0000000000183833
25	PAN	Clostridium_innocuum_I46	Metabolite	126.68907411693637	126.68907411693637	1.0	11.255624110502996	11.255624110502996
60	Clostridium_innocuum_I46	PAN	Microbe	-1.0000000000000884	1.0000000000000884	-1.0	1.0000000000000442	-1.0000000000000442
64	Riboflavin-e0	Enterococcus_faecalis_KB1	Metabolite	96.7961465200863	96.7961465200863	1.0	9.83850326625378	9.83850326625378
68	Enterococcus_faecalis_KB1	Riboflavin-e0	Microbe	-0.999999999999812	0.999999999999812	-1.0	0.999999999999906	-0.999999999999906
