	Source	Target	SourceType	Weight	ABS_Weight	Sign_Weight	ABSRootWeight	SignedRootWeight
24	PAN	Clostridium_innocuum_I46	Metabolite	126.68907410788347	126.68907410788347	1.0	11.255624110100847	11.255624110100847
38	Akkermansia_muciniphilaYL44	PAN	Microbe	-1.0000000000190727	1.0000000000190727	-1.0	1.0000000000095364	-1.0000000000095364
48	Akkermansia_muciniphilaYL44	Riboflavin	Microbe	-1.000000000000061	1.000000000000061	-1.0	1.0000000000000304	-1.0000000000000304
49	Clostridium_innocuum_I46	Riboflavin	Microbe	-1.0000000000000016	1.0000000000000016	-1.0	1.0000000000000007	-1.0000000000000007
64	Clostridium_innocuum_I46	PAN	Microbe	-1.0000000000024463	1.0000000000024463	-1.0	1.000000000001223	-1.000000000001223
89	Riboflavin	Akkermansia_muciniphilaYL44	Metabolite	126.68907411774377	126.68907411774377	1.0	11.255624110538863	11.255624110538863
