	Source	Target	Weight	Metabolites	ABSWeight	SignWeight	ABSRootWeight	SignedRootWeight
bc1011->bc1012	bc1011	bc1012	-0.20526447639206724	O2.D-Glucose	0.20526447639206724	-1.0	0.45306122808299015	-0.45306122808299015
bc1012->bc1011	bc1012	bc1011	-0.1527855791356095	O2	0.1527855791356095	-1.0	0.3908779593883614	-0.3908779593883614
