	Source	Target	SourceType	Weight	ABS_Weight	Sign_Weight	ABSRootWeight	SignedRootWeight
24	Clostridium_innocuum_I46	Folate-e0	Microbe	-1.0000000000000746	1.0000000000000746	-1.0	1.0000000000000373	-1.0000000000000373
25	Folate-e0	Clostridium_innocuum_I46	Metabolite	169.3309720463332	169.3309720463332	1.0	13.012723467680898	13.012723467680898
44	Flavonifractor_plautii_YL31	Riboflavin	Microbe	-0.9999999999999607	0.9999999999999607	-1.0	0.9999999999999803	-0.9999999999999803
91	Riboflavin	Flavonifractor_plautii_YL31	Metabolite	126.68907411679149	126.68907411679149	1.0	11.25562411049656	11.25562411049656
96	Flavonifractor_plautii_YL31	Folate-e0	Microbe	-0.9999999999999991	0.9999999999999991	-1.0	0.9999999999999996	-0.9999999999999996
