	Source	Target	SourceType	Weight	ABS_Weight	Sign_Weight	ABSRootWeight	SignedRootWeight
7	Riboflavin	Turicimonas_muris_YL45	Metabolite	126.68907411760752	126.68907411760752	1.0	11.25562411053281	11.25562411053281
24	Muribaculum_intestinale_YL27	Riboflavin	Microbe	-0.9999999999998858	0.9999999999998858	-1.0	0.9999999999999428	-0.9999999999999428
52	Turicimonas_muris_YL45	Riboflavin	Microbe	-1.0000000000012945	1.0000000000012945	-1.0	1.0000000000006473	-1.0000000000006473
62	Riboflavin	Muribaculum_intestinale_YL27	Metabolite	126.68907411746244	126.68907411746244	1.0	11.255624110526366	11.255624110526366
