	Source	Target	SourceType	Weight	ABS_Weight	Sign_Weight	ABSRootWeight	SignedRootWeight
47	Flavonifractor_plautii_YL31	Riboflavin	Microbe	-1.0000000000000695	1.0000000000000695	-1.0	1.0000000000000346	-1.0000000000000346
52	Akkermansia_muciniphilaYL44	Riboflavin	Microbe	-1.0000000000000133	1.0000000000000133	-1.0	1.0000000000000067	-1.0000000000000067
94	Riboflavin	Flavonifractor_plautii_YL31	Metabolite	126.68907411802114	126.68907411802114	1.0	11.255624110551185	11.255624110551185
107	Riboflavin	Akkermansia_muciniphilaYL44	Metabolite	126.68907411815388	126.68907411815388	1.0	11.255624110557081	11.255624110557081
