	Source	Target	SourceType	Weight	ABS_Weight	Sign_Weight	ABSRootWeight	SignedRootWeight
3	Limosilactobacillus_reuteri_I49	Cytosine	Microbe	-0.9999999999999999	0.9999999999999999	-1.0	0.9999999999999999	-0.9999999999999999
75	Riboflavin-e0	Enterococcus_faecalis_KB1	Metabolite	96.79614657430957	96.79614657430957	1.0	9.838503269009447	9.838503269009447
80	Enterococcus_faecalis_KB1	Riboflavin-e0	Microbe	-0.999999999999489	0.999999999999489	-1.0	0.9999999999997444	-0.9999999999997444
92	Enterococcus_faecalis_KB1	Cytosine	Microbe	-6.580314088459669	6.580314088459669	-1.0	2.565212289160425	-2.565212289160425
98	Cytosine	Limosilactobacillus_reuteri_I49	Metabolite	0.5498248331021707	0.5498248331021707	1.0	0.7415017418065656	0.7415017418065656
