	Source	Target	SourceType	Weight	ABS_Weight	Sign_Weight	ABSRootWeight	SignedRootWeight
41	Flavonifractor_plautii_YL31	Riboflavin	Microbe	-0.9999999999999786	0.9999999999999786	-1.0	0.9999999999999892	-0.9999999999999892
63	Riboflavin-e0	Enterococcus_faecalis_KB1	Metabolite	96.79614652206305	96.79614652206305	1.0	9.838503266354241	9.838503266354241
69	Enterococcus_faecalis_KB1	Riboflavin-e0	Microbe	-0.9999999999999089	0.9999999999999089	-1.0	0.9999999999999544	-0.9999999999999544
88	Riboflavin	Flavonifractor_plautii_YL31	Metabolite	126.68907411803957	126.68907411803957	1.0	11.255624110552002	11.255624110552002
