	Source	Target	SourceType	Weight	ABS_Weight	Sign_Weight	ABSRootWeight	SignedRootWeight
48	Akkermansia_muciniphilaYL44	Riboflavin	Microbe	-0.9999999999999647	0.9999999999999647	-1.0	0.9999999999999823	-0.9999999999999823
49	Clostridium_innocuum_I46	Riboflavin	Microbe	-1.000000000000285	1.000000000000285	-1.0	1.0000000000001426	-1.0000000000001426
75	Riboflavin	Clostridium_innocuum_I46	Metabolite	126.68907412392029	126.68907412392029	1.0	11.255624110813239	11.255624110813239
96	Riboflavin	Akkermansia_muciniphilaYL44	Metabolite	126.68907411769274	126.68907411769274	1.0	11.255624110536596	11.255624110536596
