	Source	Target	SourceType	Weight	ABS_Weight	Sign_Weight	ABSRootWeight	SignedRootWeight
27	PAN	Clostridium_innocuum_I46	Metabolite	126.68907411552141	126.68907411552141	1.0	11.25562411044014	11.25562411044014
72	Clostridium_innocuum_I46	PAN	Microbe	-0.9999999999999601	0.9999999999999601	-1.0	0.99999999999998	-0.99999999999998
77	Enterocloster_clostridioformis_YL32	PAN	Microbe	-1.0000000000001645	1.0000000000001645	-1.0	1.0000000000000822	-1.0000000000000822
104	PAN	Enterocloster_clostridioformis_YL32	Metabolite	126.68907411979171	126.68907411979171	1.0	11.255624110629837	11.255624110629837
