	Source	Target	SourceType	Weight	ABS_Weight	Sign_Weight	ABSRootWeight	SignedRootWeight
38	Flavonifractor_plautii_YL31	Riboflavin	Microbe	-0.9999999999999255	0.9999999999999255	-1.0	0.9999999999999627	-0.9999999999999627
43	Akkermansia_muciniphilaYL44	Riboflavin	Microbe	-0.9999999999996826	0.9999999999996826	-1.0	0.9999999999998412	-0.9999999999998412
79	Riboflavin	Flavonifractor_plautii_YL31	Metabolite	126.6890741181254	126.6890741181254	1.0	11.255624110555816	11.255624110555816
90	Riboflavin	Akkermansia_muciniphilaYL44	Metabolite	126.68907411897513	126.68907411897513	1.0	11.255624110593562	11.255624110593562
