	Source	Target	SourceType	Weight	ABS_Weight	Sign_Weight	ABSRootWeight	SignedRootWeight
9	Putrescine-e0	Flavonifractor_plautii_YL31	Metabolite	126.689074117214	126.689074117214	1.0	11.25562411051533	11.25562411051533
21	PAN	Blautia_coccoides_YL58	Metabolite	96.79614652174774	96.79614652174774	1.0	9.838503266338217	9.838503266338217
33	Flavonifractor_plautii_YL31	PAN	Microbe	-0.9999999999849296	0.9999999999849296	-1.0	0.9999999999924648	-0.9999999999924648
41	Blautia_coccoides_YL58	PAN	Microbe	-0.9999999999998702	0.9999999999998702	-1.0	0.999999999999935	-0.999999999999935
65	Flavonifractor_plautii_YL31	Putrescine-e0	Microbe	-0.9999999999996447	0.9999999999996447	-1.0	0.9999999999998224	-0.9999999999998224
