	Source	Target	SourceType	Weight	ABS_Weight	Sign_Weight	ABSRootWeight	SignedRootWeight
30	PAN	Clostridium_innocuum_I46	Metabolite	126.6890741167646	126.6890741167646	1.0	11.255624110495367	11.255624110495367
32	PAN	Limosilactobacillus_reuteri_I49	Metabolite	96.7961465166159	96.7961465166159	1.0	9.838503266077412	9.838503266077412
60	Limosilactobacillus_reuteri_I49	PAN	Microbe	-1.0000000000000462	1.0000000000000462	-1.0	1.000000000000023	-1.000000000000023
82	Clostridium_innocuum_I46	PAN	Microbe	-1.0000000000002114	1.0000000000002114	-1.0	1.0000000000001057	-1.0000000000001057
